game,numPlayers,ai,run,move,player,choices,choice,time
Golf6,4,PRRR,1,1,1,6,4,3182
Golf6,4,PRRR,1,2,1,5,5,2682
Golf6,4,PRRR,1,3,2,6,4,0
Golf6,4,PRRR,1,4,2,5,2,0
Golf6,4,PRRR,1,5,3,6,4,0
Golf6,4,PRRR,1,6,3,5,3,0
Golf6,4,PRRR,1,7,4,6,3,0
Golf6,4,PRRR,1,8,4,5,4,0
Golf6,4,PRRR,1,9,1,2,2,1042
Golf6,4,PRRR,1,10,1,7,4,3399
Golf6,4,PRRR,1,11,2,2,2,0
Golf6,4,PRRR,1,12,2,7,6,0
Golf6,4,PRRR,1,13,3,2,1,0
Golf6,4,PRRR,1,14,3,6,1,0
Golf6,4,PRRR,1,15,4,2,2,0
Golf6,4,PRRR,1,16,4,7,3,0
Golf6,4,PRRR,1,17,1,2,2,849
Golf6,4,PRRR,1,18,1,7,1,2785
Golf6,4,PRRR,1,19,2,2,1,0
Golf6,4,PRRR,1,20,2,6,2,0
Golf6,4,PRRR,1,21,3,2,2,0
Golf6,4,PRRR,1,22,3,7,5,0
Golf6,4,PRRR,1,23,4,2,1,0
Golf6,4,PRRR,1,24,4,6,2,0
Golf6,4,PRRR,1,25,1,2,1,860
Golf6,4,PRRR,1,26,1,6,1,2378
Golf6,4,PRRR,1,27,2,2,2,0
Golf6,4,PRRR,1,28,2,7,7,0
Golf6,4,PRRR,1,29,3,2,1,0
Golf6,4,PRRR,1,30,3,6,1,0
Golf6,4,PRRR,1,31,4,2,1,0
Golf6,4,PRRR,1,32,4,6,4,0
Golf6,4,PRRR,1,33,1,2,2,682
Golf6,4,PRRR,1,34,1,7,6,2180
Golf6,4,PRRR,1,35,2,2,1,0
Golf6,4,PRRR,1,36,2,6,4,0
Golf6,4,PRRR,1,37,3,2,2,0
Golf6,4,PRRR,1,38,3,7,1,0
Golf6,4,PRRR,1,39,4,2,1,0
Golf6,4,PRRR,1,40,4,6,2,0
Golf6,4,PRRR,1,41,1,2,2,565
Golf6,4,PRRR,1,42,1,7,3,1747
Golf6,4,PRRR,2,1,1,6,2,3203
Golf6,4,PRRR,2,2,1,5,4,2711
Golf6,4,PRRR,2,3,2,6,5,0
Golf6,4,PRRR,2,4,2,5,1,0
Golf6,4,PRRR,2,5,3,6,6,0
Golf6,4,PRRR,2,6,3,5,3,0
Golf6,4,PRRR,2,7,4,6,3,0
Golf6,4,PRRR,2,8,4,5,5,0
Golf6,4,PRRR,2,9,1,2,1,1049
Golf6,4,PRRR,2,10,1,6,6,2979
Golf6,4,PRRR,2,11,2,2,2,0
Golf6,4,PRRR,2,12,2,7,4,0
Golf6,4,PRRR,2,13,3,2,2,0
Golf6,4,PRRR,2,14,3,7,3,0
Golf6,4,PRRR,2,15,4,2,1,0
Golf6,4,PRRR,2,16,4,6,6,0
Golf6,4,PRRR,2,17,1,2,1,922
Golf6,4,PRRR,2,18,1,6,1,2536
Golf6,4,PRRR,2,19,2,2,1,0
Golf6,4,PRRR,2,20,2,6,4,0
Golf6,4,PRRR,2,21,3,2,1,0
Golf6,4,PRRR,2,22,3,6,6,0
Golf6,4,PRRR,2,23,4,2,2,0
Golf6,4,PRRR,2,24,4,7,4,0
Golf6,4,PRRR,2,25,1,2,1,751
Golf6,4,PRRR,2,26,1,6,3,2085
Golf6,4,PRRR,2,27,2,2,1,0
Golf6,4,PRRR,2,28,2,6,6,0
Golf6,4,PRRR,2,29,3,2,2,0
Golf6,4,PRRR,2,30,3,7,4,0
Golf6,4,PRRR,2,31,4,2,2,0
Golf6,4,PRRR,2,32,4,7,6,0
Golf6,4,PRRR,2,33,1,2,1,466
Golf6,4,PRRR,2,34,1,6,4,1286
Golf6,4,PRRR,3,1,1,6,2,3276
Golf6,4,PRRR,3,2,1,5,3,2702
Golf6,4,PRRR,3,3,2,6,3,0
Golf6,4,PRRR,3,4,2,5,2,0
Golf6,4,PRRR,3,5,3,6,2,0
Golf6,4,PRRR,3,6,3,5,1,0
Golf6,4,PRRR,3,7,4,6,1,0
Golf6,4,PRRR,3,8,4,5,5,0
Golf6,4,PRRR,3,9,1,2,1,1046
Golf6,4,PRRR,3,10,1,6,2,2947
Golf6,4,PRRR,3,11,2,2,1,0
Golf6,4,PRRR,3,12,2,6,1,0
Golf6,4,PRRR,3,13,3,2,2,0
Golf6,4,PRRR,3,14,3,7,5,0
Golf6,4,PRRR,3,15,4,2,1,0
Golf6,4,PRRR,3,16,4,6,3,0
Golf6,4,PRRR,3,17,1,2,2,916
Golf6,4,PRRR,3,18,1,7,4,2954
Golf6,4,PRRR,3,19,2,2,1,0
Golf6,4,PRRR,3,20,2,6,2,0
Golf6,4,PRRR,3,21,3,2,2,0
Golf6,4,PRRR,3,22,3,7,4,0
Golf6,4,PRRR,3,23,4,2,2,0
Golf6,4,PRRR,3,24,4,7,1,0
Golf6,4,PRRR,3,25,1,2,2,803
Golf6,4,PRRR,3,26,1,7,6,2589
Golf6,4,PRRR,3,27,2,2,1,0
Golf6,4,PRRR,3,28,2,6,5,0
Golf6,4,PRRR,3,29,3,2,1,0
Golf6,4,PRRR,3,30,3,6,2,0
Golf6,4,PRRR,3,31,4,2,1,0
Golf6,4,PRRR,3,32,4,6,4,0
Golf6,4,PRRR,3,33,1,2,2,615
Golf6,4,PRRR,3,34,1,7,1,2052
Golf6,4,PRRR,3,35,2,2,1,0
Golf6,4,PRRR,3,36,2,6,2,0
Golf6,4,PRRR,3,37,3,2,1,0
Golf6,4,PRRR,3,38,3,6,2,0
Golf6,4,PRRR,3,39,4,2,1,0
Golf6,4,PRRR,3,40,4,6,1,0
Golf6,4,PRRR,3,41,1,2,2,660
Golf6,4,PRRR,3,42,1,7,2,2049
Golf6,4,PRRR,3,43,2,2,1,0
Golf6,4,PRRR,3,44,2,6,2,0
Golf6,4,PRRR,3,45,3,2,2,0
Golf6,4,PRRR,3,46,3,7,3,0
Golf6,4,PRRR,3,47,4,2,2,0
Golf6,4,PRRR,3,48,4,7,2,0
Golf6,4,PRRR,3,49,1,2,1,498
Golf6,4,PRRR,3,50,1,6,6,1376
Golf6,4,PRRR,4,1,1,6,1,3219
Golf6,4,PRRR,4,2,1,5,2,2687
Golf6,4,PRRR,4,3,2,6,6,0
Golf6,4,PRRR,4,4,2,5,3,0
Golf6,4,PRRR,4,5,3,6,3,0
Golf6,4,PRRR,4,6,3,5,3,0
Golf6,4,PRRR,4,7,4,6,4,0
Golf6,4,PRRR,4,8,4,5,4,0
Golf6,4,PRRR,4,9,1,2,2,1039
Golf6,4,PRRR,4,10,1,7,6,3453
Golf6,4,PRRR,4,11,2,2,1,0
Golf6,4,PRRR,4,12,2,6,3,0
Golf6,4,PRRR,4,13,3,2,1,0
Golf6,4,PRRR,4,14,3,6,5,0
Golf6,4,PRRR,4,15,4,2,2,0
Golf6,4,PRRR,4,16,4,7,7,0
Golf6,4,PRRR,4,17,1,2,1,895
Golf6,4,PRRR,4,18,1,6,4,2478
Golf6,4,PRRR,4,19,2,2,1,0
Golf6,4,PRRR,4,20,2,6,4,0
Golf6,4,PRRR,4,21,3,2,2,0
Golf6,4,PRRR,4,22,3,7,7,0
Golf6,4,PRRR,4,23,4,2,1,0
Golf6,4,PRRR,4,24,4,6,5,0
Golf6,4,PRRR,4,25,1,2,1,730
Golf6,4,PRRR,4,26,1,6,2,2015
Golf6,4,PRRR,4,27,2,2,2,0
Golf6,4,PRRR,4,28,2,7,4,0
Golf6,4,PRRR,4,29,3,2,2,0
Golf6,4,PRRR,4,30,3,7,3,0
Golf6,4,PRRR,4,31,4,2,1,0
Golf6,4,PRRR,4,32,4,6,1,0
Golf6,4,PRRR,4,33,1,2,1,437
Golf6,4,PRRR,4,34,1,6,6,1206
Golf6,4,PRRR,5,1,1,6,6,3247
Golf6,4,PRRR,5,2,1,5,1,2661
Golf6,4,PRRR,5,3,2,6,4,0
Golf6,4,PRRR,5,4,2,5,5,0
Golf6,4,PRRR,5,5,3,6,5,0
Golf6,4,PRRR,5,6,3,5,5,0
Golf6,4,PRRR,5,7,4,6,5,0
Golf6,4,PRRR,5,8,4,5,3,0
Golf6,4,PRRR,5,9,1,2,1,1038
Golf6,4,PRRR,5,10,1,6,3,2925
Golf6,4,PRRR,5,11,2,2,2,0
Golf6,4,PRRR,5,12,2,7,6,0
Golf6,4,PRRR,5,13,3,2,1,0
Golf6,4,PRRR,5,14,3,6,4,0
Golf6,4,PRRR,5,15,4,2,1,0
Golf6,4,PRRR,5,16,4,6,5,0
Golf6,4,PRRR,5,17,1,2,2,891
Golf6,4,PRRR,5,18,1,7,1,2954
Golf6,4,PRRR,5,19,2,2,1,0
Golf6,4,PRRR,5,20,2,6,2,0
Golf6,4,PRRR,5,21,3,2,2,0
Golf6,4,PRRR,5,22,3,7,7,0
Golf6,4,PRRR,5,23,4,2,2,0
Golf6,4,PRRR,5,24,4,7,3,0
Golf6,4,PRRR,5,25,1,2,1,800
Golf6,4,PRRR,5,26,1,6,4,2152
Golf6,4,PRRR,5,27,2,2,1,0
Golf6,4,PRRR,5,28,2,6,5,0
Golf6,4,PRRR,5,29,3,2,1,0
Golf6,4,PRRR,5,30,3,6,5,0
Golf6,4,PRRR,5,31,4,2,2,0
Golf6,4,PRRR,5,32,4,7,2,0
Golf6,4,PRRR,5,33,1,2,2,676
Golf6,4,PRRR,5,34,1,7,3,2172
Golf6,4,PRRR,5,35,2,2,2,0
Golf6,4,PRRR,5,36,2,7,3,0
Golf6,4,PRRR,5,37,3,2,1,0
Golf6,4,PRRR,5,38,3,6,5,0
Golf6,4,PRRR,5,39,4,2,2,0
Golf6,4,PRRR,5,40,4,7,5,0
Golf6,4,PRRR,5,41,1,2,2,462
Golf6,4,PRRR,5,42,1,7,1,1453
Golf6,4,PRRR,5,43,2,2,1,0
Golf6,4,PRRR,5,44,2,6,1,0
Golf6,4,PRRR,5,45,3,2,2,0
Golf6,4,PRRR,5,46,3,7,7,0
Golf6,4,PRRR,5,47,4,2,2,0
Golf6,4,PRRR,5,48,4,7,5,0
Golf6,4,PRRR,5,49,1,2,1,394
Golf6,4,PRRR,5,50,1,6,5,1007
Golf6,4,PRRR,6,1,1,6,3,3258
Golf6,4,PRRR,6,2,1,5,5,2723
Golf6,4,PRRR,6,3,2,6,4,0
Golf6,4,PRRR,6,4,2,5,4,0
Golf6,4,PRRR,6,5,3,6,1,0
Golf6,4,PRRR,6,6,3,5,5,0
Golf6,4,PRRR,6,7,4,6,4,0
Golf6,4,PRRR,6,8,4,5,5,0
Golf6,4,PRRR,6,9,1,2,1,1091
Golf6,4,PRRR,6,10,1,6,4,2951
Golf6,4,PRRR,6,11,2,2,1,0
Golf6,4,PRRR,6,12,2,6,1,0
Golf6,4,PRRR,6,13,3,2,1,0
Golf6,4,PRRR,6,14,3,6,3,0
Golf6,4,PRRR,6,15,4,2,2,0
Golf6,4,PRRR,6,16,4,7,5,0
Golf6,4,PRRR,6,17,1,2,1,912
Golf6,4,PRRR,6,18,1,6,1,2499
Golf6,4,PRRR,6,19,2,2,1,0
Golf6,4,PRRR,6,20,2,6,4,0
Golf6,4,PRRR,6,21,3,2,1,0
Golf6,4,PRRR,6,22,3,6,6,0
Golf6,4,PRRR,6,23,4,2,2,0
Golf6,4,PRRR,6,24,4,7,1,0
Golf6,4,PRRR,6,25,1,2,2,830
Golf6,4,PRRR,6,26,1,7,3,2662
Golf6,4,PRRR,6,27,2,2,1,0
Golf6,4,PRRR,6,28,2,6,2,0
Golf6,4,PRRR,6,29,3,2,1,0
Golf6,4,PRRR,6,30,3,6,1,0
Golf6,4,PRRR,6,31,4,2,2,0
Golf6,4,PRRR,6,32,4,7,3,0
Golf6,4,PRRR,6,33,1,2,1,576
Golf6,4,PRRR,6,34,1,6,5,1484
Golf6,4,PRRR,7,1,1,6,2,3228
Golf6,4,PRRR,7,2,1,5,2,2690
Golf6,4,PRRR,7,3,2,6,5,0
Golf6,4,PRRR,7,4,2,5,2,0
Golf6,4,PRRR,7,5,3,6,5,0
Golf6,4,PRRR,7,6,3,5,1,0
Golf6,4,PRRR,7,7,4,6,6,0
Golf6,4,PRRR,7,8,4,5,2,0
Golf6,4,PRRR,7,9,1,2,1,1039
Golf6,4,PRRR,7,10,1,6,1,2914
Golf6,4,PRRR,7,11,2,2,1,0
Golf6,4,PRRR,7,12,2,6,1,0
Golf6,4,PRRR,7,13,3,2,2,0
Golf6,4,PRRR,7,14,3,7,3,0
Golf6,4,PRRR,7,15,4,2,2,0
Golf6,4,PRRR,7,16,4,7,5,0
Golf6,4,PRRR,7,17,1,2,2,869
Golf6,4,PRRR,7,18,1,7,5,2827
Golf6,4,PRRR,7,19,2,2,2,0
Golf6,4,PRRR,7,20,2,7,5,0
Golf6,4,PRRR,7,21,3,2,2,0
Golf6,4,PRRR,7,22,3,7,7,0
Golf6,4,PRRR,7,23,4,2,2,0
Golf6,4,PRRR,7,24,4,7,3,0
Golf6,4,PRRR,7,25,1,2,1,653
Golf6,4,PRRR,7,26,1,6,5,1894
Golf6,4,PRRR,7,27,2,2,1,0
Golf6,4,PRRR,7,28,2,6,3,0
Golf6,4,PRRR,7,29,3,2,1,0
Golf6,4,PRRR,7,30,3,6,4,0
Golf6,4,PRRR,7,31,4,2,1,0
Golf6,4,PRRR,7,32,4,6,2,0
Golf6,4,PRRR,7,33,1,2,2,398
Golf6,4,PRRR,7,34,1,7,7,1219
Golf6,4,PRRR,8,1,1,6,5,3273
Golf6,4,PRRR,8,2,1,5,1,2746
Golf6,4,PRRR,8,3,2,6,6,0
Golf6,4,PRRR,8,4,2,5,3,0
Golf6,4,PRRR,8,5,3,6,5,0
Golf6,4,PRRR,8,6,3,5,1,0
Golf6,4,PRRR,8,7,4,6,1,0
Golf6,4,PRRR,8,8,4,5,1,0
Golf6,4,PRRR,8,9,1,2,2,1084
Golf6,4,PRRR,8,10,1,7,4,3568
Golf6,4,PRRR,8,11,2,2,1,0
Golf6,4,PRRR,8,12,2,6,3,0
Golf6,4,PRRR,8,13,3,2,2,0
Golf6,4,PRRR,8,14,3,7,4,0
Golf6,4,PRRR,8,15,4,2,2,0
Golf6,4,PRRR,8,16,4,7,4,0
Golf6,4,PRRR,8,17,1,2,1,894
Golf6,4,PRRR,8,18,1,6,3,2553
Golf6,4,PRRR,8,19,2,2,1,0
Golf6,4,PRRR,8,20,2,6,1,0
Golf6,4,PRRR,8,21,3,2,1,0
Golf6,4,PRRR,8,22,3,6,4,0
Golf6,4,PRRR,8,23,4,2,2,0
Golf6,4,PRRR,8,24,4,7,1,0
Golf6,4,PRRR,8,25,1,2,2,822
Golf6,4,PRRR,8,26,1,7,7,2575
Golf6,4,PRRR,8,27,2,2,2,0
Golf6,4,PRRR,8,28,2,7,2,0
Golf6,4,PRRR,8,29,3,2,1,0
Golf6,4,PRRR,8,30,3,6,4,0
Golf6,4,PRRR,8,31,4,2,2,0
Golf6,4,PRRR,8,32,4,7,3,0
Golf6,4,PRRR,8,33,1,2,2,719
Golf6,4,PRRR,8,34,1,7,1,2356
Golf6,4,PRRR,8,35,2,2,1,0
Golf6,4,PRRR,8,36,2,6,1,0
Golf6,4,PRRR,8,37,3,2,1,0
Golf6,4,PRRR,8,38,3,6,2,0
Golf6,4,PRRR,8,39,4,2,2,0
Golf6,4,PRRR,8,40,4,7,5,0
Golf6,4,PRRR,8,41,1,2,1,548
Golf6,4,PRRR,8,42,1,6,2,1494
Golf6,4,PRRR,8,43,2,2,1,0
Golf6,4,PRRR,8,44,2,6,2,0
Golf6,4,PRRR,8,45,3,2,1,0
Golf6,4,PRRR,8,46,3,6,6,0
Golf6,4,PRRR,9,1,1,6,2,3209
Golf6,4,PRRR,9,2,1,5,5,2666
Golf6,4,PRRR,9,3,2,6,3,0
Golf6,4,PRRR,9,4,2,5,5,0
Golf6,4,PRRR,9,5,3,6,6,0
Golf6,4,PRRR,9,6,3,5,5,0
Golf6,4,PRRR,9,7,4,6,1,0
Golf6,4,PRRR,9,8,4,5,5,0
Golf6,4,PRRR,9,9,1,2,2,1086
Golf6,4,PRRR,9,10,1,7,6,3485
Golf6,4,PRRR,9,11,2,2,2,0
Golf6,4,PRRR,9,12,2,7,1,0
Golf6,4,PRRR,9,13,3,2,1,0
Golf6,4,PRRR,9,14,3,6,5,0
Golf6,4,PRRR,9,15,4,2,1,0
Golf6,4,PRRR,9,16,4,6,1,0
Golf6,4,PRRR,9,17,1,2,2,1017
Golf6,4,PRRR,9,18,1,7,4,3361
Golf6,4,PRRR,9,19,2,2,1,0
Golf6,4,PRRR,9,20,2,6,6,0
Golf6,4,PRRR,9,21,3,2,1,0
Golf6,4,PRRR,9,22,3,6,1,0
Golf6,4,PRRR,9,23,4,2,1,0
Golf6,4,PRRR,9,24,4,6,2,0
Golf6,4,PRRR,9,25,1,2,1,840
Golf6,4,PRRR,9,26,1,6,4,2349
Golf6,4,PRRR,9,27,2,2,1,0
Golf6,4,PRRR,9,28,2,6,6,0
Golf6,4,PRRR,9,29,3,2,1,0
Golf6,4,PRRR,9,30,3,6,1,0
Golf6,4,PRRR,9,31,4,2,1,0
Golf6,4,PRRR,9,32,4,6,2,0
Golf6,4,PRRR,9,33,1,2,2,669
Golf6,4,PRRR,9,34,1,7,2,2081
Golf6,4,PRRR,10,1,1,6,4,3322
Golf6,4,PRRR,10,2,1,5,3,2737
Golf6,4,PRRR,10,3,2,6,2,0
Golf6,4,PRRR,10,4,2,5,1,0
Golf6,4,PRRR,10,5,3,6,4,0
Golf6,4,PRRR,10,6,3,5,2,0
Golf6,4,PRRR,10,7,4,6,5,0
Golf6,4,PRRR,10,8,4,5,2,0
Golf6,4,PRRR,10,9,1,2,1,1069
Golf6,4,PRRR,10,10,1,6,3,3000
Golf6,4,PRRR,10,11,2,2,1,0
Golf6,4,PRRR,10,12,2,6,2,0
Golf6,4,PRRR,10,13,3,2,1,0
Golf6,4,PRRR,10,14,3,6,6,0
Golf6,4,PRRR,10,15,4,2,2,0
Golf6,4,PRRR,10,16,4,7,3,0
Golf6,4,PRRR,10,17,1,2,2,1025
Golf6,4,PRRR,10,18,1,7,1,3323
Golf6,4,PRRR,10,19,2,2,1,0
Golf6,4,PRRR,10,20,2,6,4,0
Golf6,4,PRRR,10,21,3,2,1,0
Golf6,4,PRRR,10,22,3,6,2,0
Golf6,4,PRRR,10,23,4,2,2,0
Golf6,4,PRRR,10,24,4,7,6,0
Golf6,4,PRRR,10,25,1,2,1,965
Golf6,4,PRRR,10,26,1,6,6,2711
Golf6,4,PRRR,10,27,2,2,2,0
Golf6,4,PRRR,10,28,2,7,1,0
Golf6,4,PRRR,10,29,3,2,1,0
Golf6,4,PRRR,10,30,3,6,2,0
Golf6,4,PRRR,10,31,4,2,2,0
Golf6,4,PRRR,10,32,4,7,4,0
Golf6,4,PRRR,10,33,1,2,1,870
Golf6,4,PRRR,10,34,1,6,1,2469
Golf6,4,PRRR,10,35,2,2,2,0
Golf6,4,PRRR,10,36,2,7,4,0
Golf6,4,PRRR,10,37,3,2,1,0
Golf6,4,PRRR,10,38,3,6,2,0
Golf6,4,PRRR,10,39,4,2,1,0
Golf6,4,PRRR,10,40,4,6,5,0
Golf6,4,PRRR,10,41,1,2,2,742
Golf6,4,PRRR,10,42,1,7,6,2363
Golf6,4,PRRR,10,43,2,2,1,0
Golf6,4,PRRR,10,44,2,6,2,0
Golf6,4,PRRR,10,45,3,2,2,0
Golf6,4,PRRR,10,46,3,7,3,0
Golf6,4,PRRR,10,47,4,2,1,0
Golf6,4,PRRR,10,48,4,6,5,0
Golf6,4,PRRR,10,49,1,2,1,573
Golf6,4,PRRR,10,50,1,6,2,1560
Golf6,4,PRRR,11,1,1,6,4,3304
Golf6,4,PRRR,11,2,1,5,3,2761
Golf6,4,PRRR,11,3,2,6,3,0
Golf6,4,PRRR,11,4,2,5,5,0
Golf6,4,PRRR,11,5,3,6,5,0
Golf6,4,PRRR,11,6,3,5,1,0
Golf6,4,PRRR,11,7,4,6,3,0
Golf6,4,PRRR,11,8,4,5,3,0
Golf6,4,PRRR,11,9,1,2,2,1075
Golf6,4,PRRR,11,10,1,7,7,3527
Golf6,4,PRRR,11,11,2,2,1,0
Golf6,4,PRRR,11,12,2,6,5,0
Golf6,4,PRRR,11,13,3,2,1,0
Golf6,4,PRRR,11,14,3,6,5,0
Golf6,4,PRRR,11,15,4,2,2,0
Golf6,4,PRRR,11,16,4,7,5,0
Golf6,4,PRRR,11,17,1,2,1,971
Golf6,4,PRRR,11,18,1,6,1,2701
Golf6,4,PRRR,11,19,2,2,2,0
Golf6,4,PRRR,11,20,2,7,5,0
Golf6,4,PRRR,11,21,3,2,1,0
Golf6,4,PRRR,11,22,3,6,4,0
Golf6,4,PRRR,11,23,4,2,2,0
Golf6,4,PRRR,11,24,4,7,7,0
Golf6,4,PRRR,11,25,1,2,2,737
Golf6,4,PRRR,11,26,1,7,6,2424
Golf6,4,PRRR,11,27,2,2,2,0
Golf6,4,PRRR,11,28,2,7,2,0
Golf6,4,PRRR,11,29,3,2,2,0
Golf6,4,PRRR,11,30,3,7,2,0
Golf6,4,PRRR,11,31,4,2,1,0
Golf6,4,PRRR,11,32,4,6,5,0
Golf6,4,PRRR,11,33,1,2,2,434
Golf6,4,PRRR,11,34,1,7,3,1380
Golf6,4,PRRR,12,1,1,6,2,3229
Golf6,4,PRRR,12,2,1,5,2,2932
Golf6,4,PRRR,12,3,2,6,5,0
Golf6,4,PRRR,12,4,2,5,2,0
Golf6,4,PRRR,12,5,3,6,1,0
Golf6,4,PRRR,12,6,3,5,5,0
Golf6,4,PRRR,12,7,4,6,5,0
Golf6,4,PRRR,12,8,4,5,2,0
Golf6,4,PRRR,12,9,1,2,1,1054
Golf6,4,PRRR,12,10,1,6,3,2986
Golf6,4,PRRR,12,11,2,2,2,0
Golf6,4,PRRR,12,12,2,7,1,0
Golf6,4,PRRR,12,13,3,2,2,0
Golf6,4,PRRR,12,14,3,7,6,0
Golf6,4,PRRR,12,15,4,2,2,0
Golf6,4,PRRR,12,16,4,7,5,0
Golf6,4,PRRR,12,17,1,2,1,962
Golf6,4,PRRR,12,18,1,6,4,2676
Golf6,4,PRRR,12,19,2,2,1,0
Golf6,4,PRRR,12,20,2,6,2,0
Golf6,4,PRRR,12,21,3,2,1,0
Golf6,4,PRRR,12,22,3,6,1,0
Golf6,4,PRRR,12,23,4,2,1,0
Golf6,4,PRRR,12,24,4,6,2,0
Golf6,4,PRRR,12,25,1,2,2,908
Golf6,4,PRRR,12,26,1,7,2,3001
Golf6,4,PRRR,12,27,2,2,1,0
Golf6,4,PRRR,12,28,2,6,1,0
Golf6,4,PRRR,12,29,3,2,1,0
Golf6,4,PRRR,12,30,3,6,5,0
Golf6,4,PRRR,12,31,4,2,1,0
Golf6,4,PRRR,12,32,4,6,6,0
Golf6,4,PRRR,12,33,1,2,2,742
Golf6,4,PRRR,12,34,1,7,7,2380
Golf6,4,PRRR,12,35,2,2,2,0
Golf6,4,PRRR,12,36,2,7,7,0
Golf6,4,PRRR,12,37,3,2,1,0
Golf6,4,PRRR,12,38,3,6,1,0
Golf6,4,PRRR,12,39,4,2,1,0
Golf6,4,PRRR,12,40,4,6,4,0
Golf6,4,PRRR,12,41,1,2,2,544
Golf6,4,PRRR,12,42,1,7,6,1745
Golf6,4,PRRR,13,1,1,6,3,3319
Golf6,4,PRRR,13,2,1,5,5,2745
Golf6,4,PRRR,13,3,2,6,5,0
Golf6,4,PRRR,13,4,2,5,5,0
Golf6,4,PRRR,13,5,3,6,1,0
Golf6,4,PRRR,13,6,3,5,3,0
Golf6,4,PRRR,13,7,4,6,5,0
Golf6,4,PRRR,13,8,4,5,4,0
Golf6,4,PRRR,13,9,1,2,2,1071
Golf6,4,PRRR,13,10,1,7,4,3492
Golf6,4,PRRR,13,11,2,2,1,0
Golf6,4,PRRR,13,12,2,6,3,0
Golf6,4,PRRR,13,13,3,2,2,0
Golf6,4,PRRR,13,14,3,7,1,0
Golf6,4,PRRR,13,15,4,2,2,0
Golf6,4,PRRR,13,16,4,7,2,0
Golf6,4,PRRR,13,17,1,2,2,987
Golf6,4,PRRR,13,18,1,7,7,3138
Golf6,4,PRRR,13,19,2,2,2,0
Golf6,4,PRRR,13,20,2,7,3,0
Golf6,4,PRRR,13,21,3,2,1,0
Golf6,4,PRRR,13,22,3,6,6,0
Golf6,4,PRRR,13,23,4,2,2,0
Golf6,4,PRRR,13,24,4,7,6,0
Golf6,4,PRRR,13,25,1,2,2,840
Golf6,4,PRRR,13,26,1,7,1,2777
Golf6,4,PRRR,13,27,2,2,1,0
Golf6,4,PRRR,13,28,2,6,4,0
Golf6,4,PRRR,13,29,3,2,2,0
Golf6,4,PRRR,13,30,3,7,3,0
Golf6,4,PRRR,13,31,4,2,2,0
Golf6,4,PRRR,13,32,4,7,6,0
Golf6,4,PRRR,13,33,1,2,1,614
Golf6,4,PRRR,13,34,1,6,6,1734
Golf6,4,PRRR,13,35,2,2,2,0
Golf6,4,PRRR,13,36,2,7,6,0
Golf6,4,PRRR,13,37,3,2,1,0
Golf6,4,PRRR,13,38,3,6,3,0
Golf6,4,PRRR,13,39,4,2,2,0
Golf6,4,PRRR,13,40,4,7,4,0
Golf6,4,PRRR,13,41,1,2,2,487
Golf6,4,PRRR,13,42,1,7,5,1533
Golf6,4,PRRR,13,43,2,2,2,0
Golf6,4,PRRR,13,44,2,7,6,0
Golf6,4,PRRR,13,45,3,2,2,0
Golf6,4,PRRR,13,46,3,7,1,0
Golf6,4,PRRR,13,47,4,2,2,0
Golf6,4,PRRR,13,48,4,7,6,0
Golf6,4,PRRR,13,49,1,2,2,466
Golf6,4,PRRR,13,50,1,7,6,1500
Golf6,4,PRRR,13,51,2,2,2,0
Golf6,4,PRRR,13,52,2,7,2,0
Golf6,4,PRRR,14,1,1,6,3,3384
Golf6,4,PRRR,14,2,1,5,4,2817
Golf6,4,PRRR,14,3,2,6,1,0
Golf6,4,PRRR,14,4,2,5,2,0
Golf6,4,PRRR,14,5,3,6,5,0
Golf6,4,PRRR,14,6,3,5,5,0
Golf6,4,PRRR,14,7,4,6,6,0
Golf6,4,PRRR,14,8,4,5,4,0
Golf6,4,PRRR,14,9,1,2,1,1091
Golf6,4,PRRR,14,10,1,6,6,3057
Golf6,4,PRRR,14,11,2,2,2,0
Golf6,4,PRRR,14,12,2,7,5,0
Golf6,4,PRRR,14,13,3,2,1,0
Golf6,4,PRRR,14,14,3,6,1,0
Golf6,4,PRRR,14,15,4,2,1,0
Golf6,4,PRRR,14,16,4,6,3,0
Golf6,4,PRRR,14,17,1,2,2,933
Golf6,4,PRRR,14,18,1,7,2,2935
Golf6,4,PRRR,14,19,2,2,1,0
Golf6,4,PRRR,14,20,2,6,2,0
Golf6,4,PRRR,14,21,3,2,1,0
Golf6,4,PRRR,14,22,3,6,5,0
Golf6,4,PRRR,14,23,4,2,1,0
Golf6,4,PRRR,14,24,4,6,2,0
Golf6,4,PRRR,14,25,1,2,1,708
Golf6,4,PRRR,14,26,1,6,4,1964
Golf6,4,PRRR,14,27,2,2,1,0
Golf6,4,PRRR,14,28,2,6,6,0
Golf6,4,PRRR,14,29,3,2,2,0
Golf6,4,PRRR,14,30,3,7,2,0
Golf6,4,PRRR,14,31,4,2,2,0
Golf6,4,PRRR,14,32,4,7,4,0
Golf6,4,PRRR,14,33,1,2,2,481
Golf6,4,PRRR,14,34,1,7,3,1463
Golf6,4,PRRR,15,1,1,6,5,3409
Golf6,4,PRRR,15,2,1,5,2,2829
Golf6,4,PRRR,15,3,2,6,1,0
Golf6,4,PRRR,15,4,2,5,1,0
Golf6,4,PRRR,15,5,3,6,5,0
Golf6,4,PRRR,15,6,3,5,3,0
Golf6,4,PRRR,15,7,4,6,6,0
Golf6,4,PRRR,15,8,4,5,1,0
Golf6,4,PRRR,15,9,1,2,1,1087
Golf6,4,PRRR,15,10,1,6,6,3081
Golf6,4,PRRR,15,11,2,2,2,0
Golf6,4,PRRR,15,12,2,7,6,0
Golf6,4,PRRR,15,13,3,2,2,0
Golf6,4,PRRR,15,14,3,7,1,0
Golf6,4,PRRR,15,15,4,2,2,0
Golf6,4,PRRR,15,16,4,7,2,0
Golf6,4,PRRR,15,17,1,2,1,991
Golf6,4,PRRR,15,18,1,6,3,2790
Golf6,4,PRRR,15,19,2,2,1,0
Golf6,4,PRRR,15,20,2,6,6,0
Golf6,4,PRRR,15,21,3,2,1,0
Golf6,4,PRRR,15,22,3,6,3,0
Golf6,4,PRRR,15,23,4,2,1,0
Golf6,4,PRRR,15,24,4,6,4,0
Golf6,4,PRRR,15,25,1,2,2,803
Golf6,4,PRRR,15,26,1,7,5,2573
Golf6,4,PRRR,15,27,2,2,1,0
Golf6,4,PRRR,15,28,2,6,3,0
Golf6,4,PRRR,15,29,3,2,1,0
Golf6,4,PRRR,15,30,3,6,6,0
Golf6,4,PRRR,15,31,4,2,2,0
Golf6,4,PRRR,15,32,4,7,4,0
Golf6,4,PRRR,15,33,1,2,2,472
Golf6,4,PRRR,15,34,1,7,3,1481
Golf6,4,PRRR,15,35,2,2,1,0
Golf6,4,PRRR,15,36,2,6,2,0
Golf6,4,PRRR,15,37,3,2,2,0
Golf6,4,PRRR,15,38,3,7,7,0
Golf6,4,PRRR,15,39,4,2,1,0
Golf6,4,PRRR,15,40,4,6,5,0
Golf6,4,PRRR,15,41,1,2,2,410
Golf6,4,PRRR,15,42,1,7,2,1251
Golf6,4,PRRR,16,1,1,6,6,3415
Golf6,4,PRRR,16,2,1,5,4,2812
Golf6,4,PRRR,16,3,2,6,6,0
Golf6,4,PRRR,16,4,2,5,3,0
Golf6,4,PRRR,16,5,3,6,2,0
Golf6,4,PRRR,16,6,3,5,5,0
Golf6,4,PRRR,16,7,4,6,6,0
Golf6,4,PRRR,16,8,4,5,3,0
Golf6,4,PRRR,16,9,1,2,1,1091
Golf6,4,PRRR,16,10,1,6,5,3042
Golf6,4,PRRR,16,11,2,2,1,0
Golf6,4,PRRR,16,12,2,6,5,0
Golf6,4,PRRR,16,13,3,2,2,0
Golf6,4,PRRR,16,14,3,7,6,0
Golf6,4,PRRR,16,15,4,2,1,0
Golf6,4,PRRR,16,16,4,6,5,0
Golf6,4,PRRR,16,17,1,2,2,896
Golf6,4,PRRR,16,18,1,7,1,2927
Golf6,4,PRRR,16,19,2,2,1,0
Golf6,4,PRRR,16,20,2,6,6,0
Golf6,4,PRRR,16,21,3,2,2,0
Golf6,4,PRRR,16,22,3,7,5,0
Golf6,4,PRRR,16,23,4,2,2,0
Golf6,4,PRRR,16,24,4,7,2,0
Golf6,4,PRRR,16,25,1,2,1,762
Golf6,4,PRRR,16,26,1,6,2,2121
Golf6,4,PRRR,16,27,2,2,1,0
Golf6,4,PRRR,16,28,2,6,5,0
Golf6,4,PRRR,16,29,3,2,2,0
Golf6,4,PRRR,16,30,3,7,2,0
Golf6,4,PRRR,16,31,4,2,1,0
Golf6,4,PRRR,16,32,4,6,2,0
Golf6,4,PRRR,16,33,1,2,1,502
Golf6,4,PRRR,16,34,1,6,1,1332
Golf6,4,PRRR,16,35,2,2,1,0
Golf6,4,PRRR,16,36,2,6,3,0
Golf6,4,PRRR,16,37,3,2,1,0
Golf6,4,PRRR,16,38,3,6,1,0
Golf6,4,PRRR,16,39,4,2,1,0
Golf6,4,PRRR,16,40,4,6,5,0
Golf6,4,PRRR,16,41,1,2,1,430
Golf6,4,PRRR,16,42,1,6,3,1096
Golf6,4,PRRR,17,1,1,6,1,3414
Golf6,4,PRRR,17,2,1,5,1,2816
Golf6,4,PRRR,17,3,2,6,5,0
Golf6,4,PRRR,17,4,2,5,1,0
Golf6,4,PRRR,17,5,3,6,1,0
Golf6,4,PRRR,17,6,3,5,2,0
Golf6,4,PRRR,17,7,4,6,4,0
Golf6,4,PRRR,17,8,4,5,4,0
Golf6,4,PRRR,17,9,1,2,1,1093
Golf6,4,PRRR,17,10,1,6,4,3087
Golf6,4,PRRR,17,11,2,2,1,0
Golf6,4,PRRR,17,12,2,6,4,0
Golf6,4,PRRR,17,13,3,2,1,0
Golf6,4,PRRR,17,14,3,6,6,0
Golf6,4,PRRR,17,15,4,2,2,0
Golf6,4,PRRR,17,16,4,7,1,0
Golf6,4,PRRR,17,17,1,2,2,940
Golf6,4,PRRR,17,18,1,7,1,3059
Golf6,4,PRRR,17,19,2,2,2,0
Golf6,4,PRRR,17,20,2,7,6,0
Golf6,4,PRRR,17,21,3,2,1,0
Golf6,4,PRRR,17,22,3,6,2,0
Golf6,4,PRRR,17,23,4,2,1,0
Golf6,4,PRRR,17,24,4,6,2,0
Golf6,4,PRRR,17,25,1,2,1,819
Golf6,4,PRRR,17,26,1,6,5,2311
Golf6,4,PRRR,17,27,2,2,2,0
Golf6,4,PRRR,17,28,2,7,4,0
Golf6,4,PRRR,17,29,3,2,1,0
Golf6,4,PRRR,17,30,3,6,3,0
Golf6,4,PRRR,17,31,4,2,2,0
Golf6,4,PRRR,17,32,4,7,3,0
Golf6,4,PRRR,17,33,1,2,2,707
Golf6,4,PRRR,17,34,1,7,3,2262
Golf6,4,PRRR,17,35,2,2,1,0
Golf6,4,PRRR,17,36,2,6,3,0
Golf6,4,PRRR,17,37,3,2,1,0
Golf6,4,PRRR,17,38,3,6,4,0
Golf6,4,PRRR,17,39,4,2,1,0
Golf6,4,PRRR,17,40,4,6,4,0
Golf6,4,PRRR,17,41,1,2,1,582
Golf6,4,PRRR,17,42,1,6,3,1579
Golf6,4,PRRR,17,43,2,2,1,0
Golf6,4,PRRR,17,44,2,6,1,0
Golf6,4,PRRR,17,45,3,2,2,0
Golf6,4,PRRR,17,46,3,7,2,0
Golf6,4,PRRR,17,47,4,2,2,0
Golf6,4,PRRR,17,48,4,7,4,0
Golf6,4,PRRR,17,49,1,2,1,428
Golf6,4,PRRR,17,50,1,6,6,1222
Golf6,4,PRRR,18,1,1,6,4,3447
Golf6,4,PRRR,18,2,1,5,5,2824
Golf6,4,PRRR,18,3,2,6,4,0
Golf6,4,PRRR,18,4,2,5,4,0
Golf6,4,PRRR,18,5,3,6,6,0
Golf6,4,PRRR,18,6,3,5,4,0
Golf6,4,PRRR,18,7,4,6,6,0
Golf6,4,PRRR,18,8,4,5,2,0
Golf6,4,PRRR,18,9,1,2,2,1102
Golf6,4,PRRR,18,10,1,7,4,3553
Golf6,4,PRRR,18,11,2,2,2,0
Golf6,4,PRRR,18,12,2,7,3,0
Golf6,4,PRRR,18,13,3,2,1,0
Golf6,4,PRRR,18,14,3,6,3,0
Golf6,4,PRRR,18,15,4,2,1,0
Golf6,4,PRRR,18,16,4,6,1,0
Golf6,4,PRRR,18,17,1,2,2,890
Golf6,4,PRRR,18,18,1,7,2,2947
Golf6,4,PRRR,18,19,2,2,1,0
Golf6,4,PRRR,18,20,2,6,2,0
Golf6,4,PRRR,18,21,3,2,2,0
Golf6,4,PRRR,18,22,3,7,3,0
Golf6,4,PRRR,18,23,4,2,1,0
Golf6,4,PRRR,18,24,4,6,1,0
Golf6,4,PRRR,18,25,1,2,1,758
Golf6,4,PRRR,18,26,1,6,2,2109
Golf6,4,PRRR,18,27,2,2,1,0
Golf6,4,PRRR,18,28,2,6,1,0
Golf6,4,PRRR,18,29,3,2,1,0
Golf6,4,PRRR,18,30,3,6,4,0
Golf6,4,PRRR,18,31,4,2,1,0
Golf6,4,PRRR,18,32,4,6,5,0
Golf6,4,PRRR,18,33,1,2,2,532
Golf6,4,PRRR,18,34,1,7,6,1707
Golf6,4,PRRR,19,1,1,6,1,3347
Golf6,4,PRRR,19,2,1,5,5,2822
Golf6,4,PRRR,19,3,2,6,2,0
Golf6,4,PRRR,19,4,2,5,2,0
Golf6,4,PRRR,19,5,3,6,3,0
Golf6,4,PRRR,19,6,3,5,3,0
Golf6,4,PRRR,19,7,4,6,6,0
Golf6,4,PRRR,19,8,4,5,3,0
Golf6,4,PRRR,19,9,1,2,2,1129
Golf6,4,PRRR,19,10,1,7,7,3596
Golf6,4,PRRR,19,11,2,2,1,0
Golf6,4,PRRR,19,12,2,6,5,0
Golf6,4,PRRR,19,13,3,2,1,0
Golf6,4,PRRR,19,14,3,6,3,0
Golf6,4,PRRR,19,15,4,2,2,0
Golf6,4,PRRR,19,16,4,7,3,0
Golf6,4,PRRR,19,17,1,2,1,984
Golf6,4,PRRR,19,18,1,6,1,2771
Golf6,4,PRRR,19,19,2,2,1,0
Golf6,4,PRRR,19,20,2,6,5,0
Golf6,4,PRRR,19,21,3,2,1,0
Golf6,4,PRRR,19,22,3,6,5,0
Golf6,4,PRRR,19,23,4,2,1,0
Golf6,4,PRRR,19,24,4,6,2,0
Golf6,4,PRRR,19,25,1,2,2,942
Golf6,4,PRRR,19,26,1,7,3,3064
Golf6,4,PRRR,19,27,2,2,1,0
Golf6,4,PRRR,19,28,2,6,3,0
Golf6,4,PRRR,19,29,3,2,1,0
Golf6,4,PRRR,19,30,3,6,4,0
Golf6,4,PRRR,19,31,4,2,2,0
Golf6,4,PRRR,19,32,4,7,2,0
Golf6,4,PRRR,19,33,1,2,1,815
Golf6,4,PRRR,19,34,1,6,4,2311
Golf6,4,PRRR,19,35,2,2,1,0
Golf6,4,PRRR,19,36,2,6,3,0
Golf6,4,PRRR,19,37,3,2,2,0
Golf6,4,PRRR,19,38,3,7,4,0
Golf6,4,PRRR,19,39,4,2,2,0
Golf6,4,PRRR,19,40,4,7,2,0
Golf6,4,PRRR,19,41,1,2,1,741
Golf6,4,PRRR,19,42,1,6,5,2087
Golf6,4,PRRR,19,43,2,2,1,0
Golf6,4,PRRR,19,44,2,6,6,0
Golf6,4,PRRR,19,45,3,2,1,0
Golf6,4,PRRR,19,46,3,6,4,0
Golf6,4,PRRR,19,47,4,2,1,0
Golf6,4,PRRR,19,48,4,6,3,0
Golf6,4,PRRR,19,49,1,2,2,540
Golf6,4,PRRR,19,50,1,7,4,1803
Golf6,4,PRRR,20,1,1,6,2,3426
Golf6,4,PRRR,20,2,1,5,1,2801
Golf6,4,PRRR,20,3,2,6,3,0
Golf6,4,PRRR,20,4,2,5,2,0
Golf6,4,PRRR,20,5,3,6,6,0
Golf6,4,PRRR,20,6,3,5,1,0
Golf6,4,PRRR,20,7,4,6,1,0
Golf6,4,PRRR,20,8,4,5,5,0
Golf6,4,PRRR,20,9,1,2,1,1109
Golf6,4,PRRR,20,10,1,6,2,3084
Golf6,4,PRRR,20,11,2,2,2,0
Golf6,4,PRRR,20,12,2,7,1,0
Golf6,4,PRRR,20,13,3,2,1,0
Golf6,4,PRRR,20,14,3,6,5,0
Golf6,4,PRRR,20,15,4,2,2,0
Golf6,4,PRRR,20,16,4,7,7,0
Golf6,4,PRRR,20,17,1,2,2,1040
Golf6,4,PRRR,20,18,1,7,4,3381
Golf6,4,PRRR,20,19,2,2,2,0
Golf6,4,PRRR,20,20,2,7,3,0
Golf6,4,PRRR,20,21,3,2,2,0
Golf6,4,PRRR,20,22,3,7,3,0
Golf6,4,PRRR,20,23,4,2,1,0
Golf6,4,PRRR,20,24,4,6,1,0
Golf6,4,PRRR,20,25,1,2,2,889
Golf6,4,PRRR,20,26,1,7,1,2932
Golf6,4,PRRR,20,27,2,2,1,0
Golf6,4,PRRR,20,28,2,6,3,0
Golf6,4,PRRR,20,29,3,2,1,0
Golf6,4,PRRR,20,30,3,6,5,0
Golf6,4,PRRR,20,31,4,2,1,0
Golf6,4,PRRR,20,32,4,6,6,0
Golf6,4,PRRR,20,33,1,2,2,921
Golf6,4,PRRR,20,34,1,7,5,2919
Golf6,4,PRRR,20,35,2,2,2,0
Golf6,4,PRRR,20,36,2,7,7,0
Golf6,4,PRRR,20,37,3,2,1,0
Golf6,4,PRRR,20,38,3,6,3,0
Golf6,4,PRRR,20,39,4,2,2,0
Golf6,4,PRRR,20,40,4,7,1,0
Golf6,4,PRRR,20,41,1,2,2,623
Golf6,4,PRRR,20,42,1,7,7,2012
Golf6,4,PRRR,20,43,2,2,2,0
Golf6,4,PRRR,20,44,2,7,1,0
Golf6,4,PRRR,20,45,3,2,1,0
Golf6,4,PRRR,20,46,3,6,1,0
Golf6,4,PRRR,20,47,4,2,2,0
Golf6,4,PRRR,20,48,4,7,2,0
Golf6,4,PRRR,20,49,1,2,2,503
Golf6,4,PRRR,20,50,1,7,6,1654
Golf6,4,PRRR,21,1,1,6,4,3422
Golf6,4,PRRR,21,2,1,5,2,2833
Golf6,4,PRRR,21,3,2,6,3,0
Golf6,4,PRRR,21,4,2,5,3,0
Golf6,4,PRRR,21,5,3,6,5,0
Golf6,4,PRRR,21,6,3,5,2,0
Golf6,4,PRRR,21,7,4,6,4,0
Golf6,4,PRRR,21,8,4,5,1,0
Golf6,4,PRRR,21,9,1,2,2,1095
Golf6,4,PRRR,21,10,1,7,6,3670
Golf6,4,PRRR,21,11,2,2,2,0
Golf6,4,PRRR,21,12,2,7,5,0
Golf6,4,PRRR,21,13,3,2,1,0
Golf6,4,PRRR,21,14,3,6,3,0
Golf6,4,PRRR,21,15,4,2,1,0
Golf6,4,PRRR,21,16,4,6,3,0
Golf6,4,PRRR,21,17,1,2,2,939
Golf6,4,PRRR,21,18,1,7,5,3146
Golf6,4,PRRR,21,19,2,2,1,0
Golf6,4,PRRR,21,20,2,6,3,0
Golf6,4,PRRR,21,21,3,2,1,0
Golf6,4,PRRR,21,22,3,6,1,0
Golf6,4,PRRR,21,23,4,2,2,0
Golf6,4,PRRR,21,24,4,7,7,0
Golf6,4,PRRR,21,25,1,2,2,808
Golf6,4,PRRR,21,26,1,7,2,2588
Golf6,4,PRRR,21,27,2,2,2,0
Golf6,4,PRRR,21,28,2,7,2,0
Golf6,4,PRRR,21,29,3,2,1,0
Golf6,4,PRRR,21,30,3,6,6,0
Golf6,4,PRRR,21,31,4,2,2,0
Golf6,4,PRRR,21,32,4,7,1,0
Golf6,4,PRRR,21,33,1,2,1,573
Golf6,4,PRRR,21,34,1,6,6,1588
Golf6,4,PRRR,21,35,2,2,1,0
Golf6,4,PRRR,21,36,2,6,1,0
Golf6,4,PRRR,21,37,3,2,1,0
Golf6,4,PRRR,21,38,3,6,3,0
Golf6,4,PRRR,21,39,4,2,1,0
Golf6,4,PRRR,21,40,4,6,1,0
Golf6,4,PRRR,21,41,1,2,2,486
Golf6,4,PRRR,21,42,1,7,4,1488
Golf6,4,PRRR,22,1,1,6,2,3402
Golf6,4,PRRR,22,2,1,5,1,2862
Golf6,4,PRRR,22,3,2,6,4,0
Golf6,4,PRRR,22,4,2,5,3,0
Golf6,4,PRRR,22,5,3,6,4,0
Golf6,4,PRRR,22,6,3,5,2,0
Golf6,4,PRRR,22,7,4,6,5,0
Golf6,4,PRRR,22,8,4,5,4,0
Golf6,4,PRRR,22,9,1,2,2,1115
Golf6,4,PRRR,22,10,1,7,4,3611
Golf6,4,PRRR,22,11,2,2,1,0
Golf6,4,PRRR,22,12,2,6,1,0
Golf6,4,PRRR,22,13,3,2,2,0
Golf6,4,PRRR,22,14,3,7,4,0
Golf6,4,PRRR,22,15,4,2,2,0
Golf6,4,PRRR,22,16,4,7,2,0
Golf6,4,PRRR,22,17,1,2,1,904
Golf6,4,PRRR,22,18,1,6,5,2536
Golf6,4,PRRR,22,19,2,2,1,0
Golf6,4,PRRR,22,20,2,6,3,0
Golf6,4,PRRR,22,21,3,2,2,0
Golf6,4,PRRR,22,22,3,7,7,0
Golf6,4,PRRR,22,23,4,2,1,0
Golf6,4,PRRR,22,24,4,6,5,0
Golf6,4,PRRR,22,25,1,2,1,747
Golf6,4,PRRR,22,26,1,6,6,2106
Golf6,4,PRRR,22,27,2,2,1,0
Golf6,4,PRRR,22,28,2,6,6,0
Golf6,4,PRRR,22,29,3,2,1,0
Golf6,4,PRRR,22,30,3,6,5,0
Golf6,4,PRRR,22,31,4,2,2,0
Golf6,4,PRRR,22,32,4,7,6,0
Golf6,4,PRRR,22,33,1,2,2,472
Golf6,4,PRRR,22,34,1,7,5,1488
Golf6,4,PRRR,23,1,1,6,5,3368
Golf6,4,PRRR,23,2,1,5,3,2833
Golf6,4,PRRR,23,3,2,6,1,0
Golf6,4,PRRR,23,4,2,5,1,0
Golf6,4,PRRR,23,5,3,6,2,0
Golf6,4,PRRR,23,6,3,5,3,0
Golf6,4,PRRR,23,7,4,6,1,0
Golf6,4,PRRR,23,8,4,5,2,0
Golf6,4,PRRR,23,9,1,2,1,1109
Golf6,4,PRRR,23,10,1,6,6,3082
Golf6,4,PRRR,23,11,2,2,1,0
Golf6,4,PRRR,23,12,2,6,2,0
Golf6,4,PRRR,23,13,3,2,2,0
Golf6,4,PRRR,23,14,3,7,1,0
Golf6,4,PRRR,23,15,4,2,1,0
Golf6,4,PRRR,23,16,4,6,1,0
Golf6,4,PRRR,23,17,1,2,1,1032
Golf6,4,PRRR,23,18,1,6,2,2965
Golf6,4,PRRR,23,19,2,2,2,0
Golf6,4,PRRR,23,20,2,7,6,0
Golf6,4,PRRR,23,21,3,2,2,0
Golf6,4,PRRR,23,22,3,7,1,0
Golf6,4,PRRR,23,23,4,2,1,0
Golf6,4,PRRR,23,24,4,6,6,0
Golf6,4,PRRR,23,25,1,2,1,878
Golf6,4,PRRR,23,26,1,6,1,2397
Golf6,4,PRRR,23,27,2,2,2,0
Golf6,4,PRRR,23,28,2,7,1,0
Golf6,4,PRRR,23,29,3,2,1,0
Golf6,4,PRRR,23,30,3,6,3,0
Golf6,4,PRRR,23,31,4,2,2,0
Golf6,4,PRRR,23,32,4,7,2,0
Golf6,4,PRRR,23,33,1,2,2,633
Golf6,4,PRRR,23,34,1,7,5,2107
Golf6,4,PRRR,24,1,1,6,5,3446
Golf6,4,PRRR,24,2,1,5,1,2816
Golf6,4,PRRR,24,3,2,6,4,0
Golf6,4,PRRR,24,4,2,5,2,0
Golf6,4,PRRR,24,5,3,6,6,0
Golf6,4,PRRR,24,6,3,5,3,0
Golf6,4,PRRR,24,7,4,6,1,0
Golf6,4,PRRR,24,8,4,5,2,0
Golf6,4,PRRR,24,9,1,2,1,1092
Golf6,4,PRRR,24,10,1,6,6,3071
Golf6,4,PRRR,24,11,2,2,2,0
Golf6,4,PRRR,24,12,2,7,5,0
Golf6,4,PRRR,24,13,3,2,1,0
Golf6,4,PRRR,24,14,3,6,5,0
Golf6,4,PRRR,24,15,4,2,2,0
Golf6,4,PRRR,24,16,4,7,4,0
Golf6,4,PRRR,24,17,1,2,1,997
Golf6,4,PRRR,24,18,1,6,2,2850
Golf6,4,PRRR,24,19,2,2,1,0
Golf6,4,PRRR,24,20,2,6,2,0
Golf6,4,PRRR,24,21,3,2,2,0
Golf6,4,PRRR,24,22,3,7,4,0
Golf6,4,PRRR,24,23,4,2,1,0
Golf6,4,PRRR,24,24,4,6,3,0
Golf6,4,PRRR,24,25,1,2,2,916
Golf6,4,PRRR,24,26,1,7,4,2975
Golf6,4,PRRR,24,27,2,2,1,0
Golf6,4,PRRR,24,28,2,6,2,0
Golf6,4,PRRR,24,29,3,2,1,0
Golf6,4,PRRR,24,30,3,6,3,0
Golf6,4,PRRR,24,31,4,2,1,0
Golf6,4,PRRR,24,32,4,6,3,0
Golf6,4,PRRR,24,33,1,2,2,699
Golf6,4,PRRR,24,34,1,7,5,2285
Golf6,4,PRRR,25,1,1,6,4,3394
Golf6,4,PRRR,25,2,1,5,4,2821
Golf6,4,PRRR,25,3,2,6,2,0
Golf6,4,PRRR,25,4,2,5,2,0
Golf6,4,PRRR,25,5,3,6,1,0
Golf6,4,PRRR,25,6,3,5,1,0
Golf6,4,PRRR,25,7,4,6,6,0
Golf6,4,PRRR,25,8,4,5,1,0
Golf6,4,PRRR,25,9,1,2,1,1117
Golf6,4,PRRR,25,10,1,6,2,3160
Golf6,4,PRRR,25,11,2,2,2,0
Golf6,4,PRRR,25,12,2,7,1,0
Golf6,4,PRRR,25,13,3,2,1,0
Golf6,4,PRRR,25,14,3,6,2,0
Golf6,4,PRRR,25,15,4,2,2,0
Golf6,4,PRRR,25,16,4,7,5,0
Golf6,4,PRRR,25,17,1,2,1,987
Golf6,4,PRRR,25,18,1,6,6,2777
Golf6,4,PRRR,25,19,2,2,1,0
Golf6,4,PRRR,25,20,2,6,2,0
Golf6,4,PRRR,25,21,3,2,1,0
Golf6,4,PRRR,25,22,3,6,5,0
Golf6,4,PRRR,25,23,4,2,1,0
Golf6,4,PRRR,25,24,4,6,6,0
Golf6,4,PRRR,25,25,1,2,1,864
Golf6,4,PRRR,25,26,1,6,3,2388
Golf6,4,PRRR,25,27,2,2,1,0
Golf6,4,PRRR,25,28,2,6,4,0
Golf6,4,PRRR,25,29,3,2,2,0
Golf6,4,PRRR,25,30,3,7,5,0
Golf6,4,PRRR,25,31,4,2,2,0
Golf6,4,PRRR,25,32,4,7,6,0
Golf6,4,PRRR,25,33,1,2,1,582
Golf6,4,PRRR,25,34,1,6,1,1545
Golf6,4,PRRR,26,1,1,6,3,3413
Golf6,4,PRRR,26,2,1,5,4,2828
Golf6,4,PRRR,26,3,2,6,3,0
Golf6,4,PRRR,26,4,2,5,4,0
Golf6,4,PRRR,26,5,3,6,5,0
Golf6,4,PRRR,26,6,3,5,5,0
Golf6,4,PRRR,26,7,4,6,1,0
Golf6,4,PRRR,26,8,4,5,4,0
Golf6,4,PRRR,26,9,1,2,1,1111
Golf6,4,PRRR,26,10,1,6,6,3058
Golf6,4,PRRR,26,11,2,2,1,0
Golf6,4,PRRR,26,12,2,6,1,0
Golf6,4,PRRR,26,13,3,2,1,0
Golf6,4,PRRR,26,14,3,6,5,0
Golf6,4,PRRR,26,15,4,2,2,0
Golf6,4,PRRR,26,16,4,7,5,0
Golf6,4,PRRR,26,17,1,2,1,965
Golf6,4,PRRR,26,18,1,6,2,2643
Golf6,4,PRRR,26,19,2,2,1,0
Golf6,4,PRRR,26,20,2,6,1,0
Golf6,4,PRRR,26,21,3,2,1,0
Golf6,4,PRRR,26,22,3,6,5,0
Golf6,4,PRRR,26,23,4,2,1,0
Golf6,4,PRRR,26,24,4,6,5,0
Golf6,4,PRRR,26,25,1,2,2,862
Golf6,4,PRRR,26,26,1,7,5,2810
Golf6,4,PRRR,26,27,2,2,1,0
Golf6,4,PRRR,26,28,2,6,1,0
Golf6,4,PRRR,26,29,3,2,2,0
Golf6,4,PRRR,26,30,3,7,1,0
Golf6,4,PRRR,26,31,4,2,2,0
Golf6,4,PRRR,26,32,4,7,1,0
Golf6,4,PRRR,26,33,1,2,2,683
Golf6,4,PRRR,26,34,1,7,2,2151
Golf6,4,PRRR,27,1,1,6,3,3404
Golf6,4,PRRR,27,2,1,5,5,2890
Golf6,4,PRRR,27,3,2,6,1,0
Golf6,4,PRRR,27,4,2,5,5,0
Golf6,4,PRRR,27,5,3,6,4,0
Golf6,4,PRRR,27,6,3,5,4,0
Golf6,4,PRRR,27,7,4,6,3,0
Golf6,4,PRRR,27,8,4,5,1,0
Golf6,4,PRRR,27,9,1,2,2,1115
Golf6,4,PRRR,27,10,1,7,7,3603
Golf6,4,PRRR,27,11,2,2,2,0
Golf6,4,PRRR,27,12,2,7,7,0
Golf6,4,PRRR,27,13,3,2,1,0
Golf6,4,PRRR,27,14,3,6,4,0
Golf6,4,PRRR,27,15,4,2,1,0
Golf6,4,PRRR,27,16,4,6,6,0
Golf6,4,PRRR,27,17,1,2,1,1101
Golf6,4,PRRR,27,18,1,6,4,2974
Golf6,4,PRRR,27,19,2,2,2,0
Golf6,4,PRRR,27,20,2,7,2,0
Golf6,4,PRRR,27,21,3,2,2,0
Golf6,4,PRRR,27,22,3,7,1,0
Golf6,4,PRRR,27,23,4,2,1,0
Golf6,4,PRRR,27,24,4,6,1,0
Golf6,4,PRRR,27,25,1,2,2,974
Golf6,4,PRRR,27,26,1,7,6,3208
Golf6,4,PRRR,27,27,2,2,1,0
Golf6,4,PRRR,27,28,2,6,6,0
Golf6,4,PRRR,27,29,3,2,1,0
Golf6,4,PRRR,27,30,3,6,2,0
Golf6,4,PRRR,27,31,4,2,2,0
Golf6,4,PRRR,27,32,4,7,4,0
Golf6,4,PRRR,27,33,1,2,2,833
Golf6,4,PRRR,27,34,1,7,3,2829
Golf6,4,PRRR,27,35,2,2,1,0
Golf6,4,PRRR,27,36,2,6,5,0
Golf6,4,PRRR,27,37,3,2,1,0
Golf6,4,PRRR,27,38,3,6,4,0
Golf6,4,PRRR,27,39,4,2,2,0
Golf6,4,PRRR,27,40,4,7,6,0
Golf6,4,PRRR,27,41,1,2,2,610
Golf6,4,PRRR,27,42,1,7,2,1976
Golf6,4,PRRR,28,1,1,6,5,3425
Golf6,4,PRRR,28,2,1,5,4,2913
Golf6,4,PRRR,28,3,2,6,5,0
Golf6,4,PRRR,28,4,2,5,1,0
Golf6,4,PRRR,28,5,3,6,1,0
Golf6,4,PRRR,28,6,3,5,4,0
Golf6,4,PRRR,28,7,4,6,3,0
Golf6,4,PRRR,28,8,4,5,4,0
Golf6,4,PRRR,28,9,1,2,2,1119
Golf6,4,PRRR,28,10,1,7,1,3640
Golf6,4,PRRR,28,11,2,2,2,0
Golf6,4,PRRR,28,12,2,7,7,0
Golf6,4,PRRR,28,13,3,2,1,0
Golf6,4,PRRR,28,14,3,6,1,0
Golf6,4,PRRR,28,15,4,2,1,0
Golf6,4,PRRR,28,16,4,6,1,0
Golf6,4,PRRR,28,17,1,2,1,999
Golf6,4,PRRR,28,18,1,6,1,2776
Golf6,4,PRRR,28,19,2,2,1,0
Golf6,4,PRRR,28,20,2,6,2,0
Golf6,4,PRRR,28,21,3,2,1,0
Golf6,4,PRRR,28,22,3,6,4,0
Golf6,4,PRRR,28,23,4,2,2,0
Golf6,4,PRRR,28,24,4,7,2,0
Golf6,4,PRRR,28,25,1,2,1,849
Golf6,4,PRRR,28,26,1,6,3,2276
Golf6,4,PRRR,28,27,2,2,2,0
Golf6,4,PRRR,28,28,2,7,2,0
Golf6,4,PRRR,28,29,3,2,2,0
Golf6,4,PRRR,28,30,3,7,1,0
Golf6,4,PRRR,28,31,4,2,2,0
Golf6,4,PRRR,28,32,4,7,4,0
Golf6,4,PRRR,28,33,1,2,1,742
Golf6,4,PRRR,28,34,1,6,2,2091
Golf6,4,PRRR,28,35,2,2,1,0
Golf6,4,PRRR,28,36,2,6,1,0
Golf6,4,PRRR,28,37,3,2,1,0
Golf6,4,PRRR,28,38,3,6,2,0
Golf6,4,PRRR,28,39,4,2,2,0
Golf6,4,PRRR,28,40,4,7,3,0
Golf6,4,PRRR,28,41,1,2,2,533
Golf6,4,PRRR,28,42,1,7,7,1688
Golf6,4,PRRR,29,1,1,6,5,3443
Golf6,4,PRRR,29,2,1,5,1,2910
Golf6,4,PRRR,29,3,2,6,4,0
Golf6,4,PRRR,29,4,2,5,1,0
Golf6,4,PRRR,29,5,3,6,1,0
Golf6,4,PRRR,29,6,3,5,3,0
Golf6,4,PRRR,29,7,4,6,4,0
Golf6,4,PRRR,29,8,4,5,1,0
Golf6,4,PRRR,29,9,1,2,2,1133
Golf6,4,PRRR,29,10,1,7,7,3647
Golf6,4,PRRR,29,11,2,2,2,0
Golf6,4,PRRR,29,12,2,7,6,0
Golf6,4,PRRR,29,13,3,2,1,0
Golf6,4,PRRR,29,14,3,6,3,0
Golf6,4,PRRR,29,15,4,2,2,0
Golf6,4,PRRR,29,16,4,7,2,0
Golf6,4,PRRR,29,17,1,2,1,946
Golf6,4,PRRR,29,18,1,6,4,2626
Golf6,4,PRRR,29,19,2,2,1,0
Golf6,4,PRRR,29,20,2,6,3,0
Golf6,4,PRRR,29,21,3,2,1,0
Golf6,4,PRRR,29,22,3,6,2,0
Golf6,4,PRRR,29,23,4,2,1,0
Golf6,4,PRRR,29,24,4,6,1,0
Golf6,4,PRRR,29,25,1,2,2,723
Golf6,4,PRRR,29,26,1,7,1,2363
Golf6,4,PRRR,29,27,2,2,1,0
Golf6,4,PRRR,29,28,2,6,2,0
Golf6,4,PRRR,29,29,3,2,2,0
Golf6,4,PRRR,29,30,3,7,7,0
Golf6,4,PRRR,29,31,4,2,1,0
Golf6,4,PRRR,29,32,4,6,4,0
Golf6,4,PRRR,29,33,1,2,1,506
Golf6,4,PRRR,29,34,1,6,3,1361
Golf6,4,PRRR,29,35,2,2,2,0
Golf6,4,PRRR,29,36,2,7,6,0
Golf6,4,PRRR,29,37,3,2,1,0
Golf6,4,PRRR,29,38,3,6,2,0
Golf6,4,PRRR,29,39,4,2,2,0
Golf6,4,PRRR,29,40,4,7,6,0
Golf6,4,PRRR,29,41,1,2,1,428
Golf6,4,PRRR,29,42,1,6,2,1072
Golf6,4,PRRR,30,1,1,6,3,3506
Golf6,4,PRRR,30,2,1,5,4,2831
Golf6,4,PRRR,30,3,2,6,4,0
Golf6,4,PRRR,30,4,2,5,2,0
Golf6,4,PRRR,30,5,3,6,2,0
Golf6,4,PRRR,30,6,3,5,3,0
Golf6,4,PRRR,30,7,4,6,3,0
Golf6,4,PRRR,30,8,4,5,2,0
Golf6,4,PRRR,30,9,1,2,2,1122
Golf6,4,PRRR,30,10,1,7,4,3603
Golf6,4,PRRR,30,11,2,2,1,0
Golf6,4,PRRR,30,12,2,6,5,0
Golf6,4,PRRR,30,13,3,2,2,0
Golf6,4,PRRR,30,14,3,7,7,0
Golf6,4,PRRR,30,15,4,2,1,0
Golf6,4,PRRR,30,16,4,6,1,0
Golf6,4,PRRR,30,17,1,2,1,948
Golf6,4,PRRR,30,18,1,6,1,2651
Golf6,4,PRRR,30,19,2,2,1,0
Golf6,4,PRRR,30,20,2,6,6,0
Golf6,4,PRRR,30,21,3,2,2,0
Golf6,4,PRRR,30,22,3,7,2,0
Golf6,4,PRRR,30,23,4,2,2,0
Golf6,4,PRRR,30,24,4,7,5,0
Golf6,4,PRRR,30,25,1,2,2,706
Golf6,4,PRRR,30,26,1,7,7,2296
Golf6,4,PRRR,30,27,2,2,1,0
Golf6,4,PRRR,30,28,2,6,4,0
Golf6,4,PRRR,30,29,3,2,2,0
Golf6,4,PRRR,30,30,3,7,2,0
Golf6,4,PRRR,30,31,4,2,1,0
Golf6,4,PRRR,30,32,4,6,3,0
Golf6,4,PRRR,30,33,1,2,1,669
Golf6,4,PRRR,30,34,1,6,2,1832
Golf6,4,PRRR,30,35,2,2,2,0
Golf6,4,PRRR,30,36,2,7,5,0
Golf6,4,PRRR,30,37,3,2,1,0
Golf6,4,PRRR,30,38,3,6,3,0
Golf6,4,PRRR,30,39,4,2,2,0
Golf6,4,PRRR,30,40,4,7,2,0
Golf6,4,PRRR,30,41,1,2,2,456
Golf6,4,PRRR,30,42,1,7,5,1432
Golf6,4,PRRR,31,1,1,6,3,3432
Golf6,4,PRRR,31,2,1,5,5,2823
Golf6,4,PRRR,31,3,2,6,4,0
Golf6,4,PRRR,31,4,2,5,4,0
Golf6,4,PRRR,31,5,3,6,5,0
Golf6,4,PRRR,31,6,3,5,5,0
Golf6,4,PRRR,31,7,4,6,5,0
Golf6,4,PRRR,31,8,4,5,1,0
Golf6,4,PRRR,31,9,1,2,1,1112
Golf6,4,PRRR,31,10,1,6,6,3051
Golf6,4,PRRR,31,11,2,2,2,0
Golf6,4,PRRR,31,12,2,7,7,0
Golf6,4,PRRR,31,13,3,2,2,0
Golf6,4,PRRR,31,14,3,7,4,0
Golf6,4,PRRR,31,15,4,2,1,0
Golf6,4,PRRR,31,16,4,6,1,0
Golf6,4,PRRR,31,17,1,2,1,1002
Golf6,4,PRRR,31,18,1,6,3,2807
Golf6,4,PRRR,31,19,2,2,2,0
Golf6,4,PRRR,31,20,2,7,6,0
Golf6,4,PRRR,31,21,3,2,1,0
Golf6,4,PRRR,31,22,3,6,4,0
Golf6,4,PRRR,31,23,4,2,1,0
Golf6,4,PRRR,31,24,4,6,4,0
Golf6,4,PRRR,31,25,1,2,2,881
Golf6,4,PRRR,31,26,1,7,2,2882
Golf6,4,PRRR,31,27,2,2,1,0
Golf6,4,PRRR,31,28,2,6,6,0
Golf6,4,PRRR,31,29,3,2,1,0
Golf6,4,PRRR,31,30,3,6,2,0
Golf6,4,PRRR,31,31,4,2,1,0
Golf6,4,PRRR,31,32,4,6,3,0
Golf6,4,PRRR,31,33,1,2,1,644
Golf6,4,PRRR,31,34,1,6,5,1662
Golf6,4,PRRR,31,35,2,2,2,0
Golf6,4,PRRR,31,36,2,7,3,0
Golf6,4,PRRR,31,37,3,2,2,0
Golf6,4,PRRR,31,38,3,7,1,0
Golf6,4,PRRR,31,39,4,2,2,0
Golf6,4,PRRR,31,40,4,7,7,0
Golf6,4,PRRR,31,41,1,2,1,462
Golf6,4,PRRR,31,42,1,6,4,1218
Golf6,4,PRRR,31,43,2,2,1,0
Golf6,4,PRRR,31,44,2,6,2,0
Golf6,4,PRRR,31,45,3,2,1,0
Golf6,4,PRRR,31,46,3,6,3,0
Golf6,4,PRRR,31,47,4,2,2,0
Golf6,4,PRRR,31,48,4,7,1,0
Golf6,4,PRRR,31,49,1,2,2,391
Golf6,4,PRRR,31,50,1,7,3,1189
Golf6,4,PRRR,32,1,1,6,4,3286
Golf6,4,PRRR,32,2,1,5,2,2788
Golf6,4,PRRR,32,3,2,6,2,0
Golf6,4,PRRR,32,4,2,5,5,0
Golf6,4,PRRR,32,5,3,6,1,0
Golf6,4,PRRR,32,6,3,5,5,0
Golf6,4,PRRR,32,7,4,6,2,0
Golf6,4,PRRR,32,8,4,5,1,0
Golf6,4,PRRR,32,9,1,2,2,1101
Golf6,4,PRRR,32,10,1,7,5,3637
Golf6,4,PRRR,32,11,2,2,1,0
Golf6,4,PRRR,32,12,2,6,5,0
Golf6,4,PRRR,32,13,3,2,2,0
Golf6,4,PRRR,32,14,3,7,6,0
Golf6,4,PRRR,32,15,4,2,2,0
Golf6,4,PRRR,32,16,4,7,1,0
Golf6,4,PRRR,32,17,1,2,2,1022
Golf6,4,PRRR,32,18,1,7,6,3267
Golf6,4,PRRR,32,19,2,2,1,0
Golf6,4,PRRR,32,20,2,6,1,0
Golf6,4,PRRR,32,21,3,2,2,0
Golf6,4,PRRR,32,22,3,7,3,0
Golf6,4,PRRR,32,23,4,2,2,0
Golf6,4,PRRR,32,24,4,7,1,0
Golf6,4,PRRR,32,25,1,2,1,777
Golf6,4,PRRR,32,26,1,6,1,2252
Golf6,4,PRRR,32,27,2,2,2,0
Golf6,4,PRRR,32,28,2,7,5,0
Golf6,4,PRRR,32,29,3,2,1,0
Golf6,4,PRRR,32,30,3,6,3,0
Golf6,4,PRRR,32,31,4,2,1,0
Golf6,4,PRRR,32,32,4,6,1,0
Golf6,4,PRRR,32,33,1,2,1,501
Golf6,4,PRRR,32,34,1,6,3,1325
Golf6,4,PRRR,32,35,2,2,2,0
Golf6,4,PRRR,32,36,2,7,6,0
Golf6,4,PRRR,32,37,3,2,2,0
Golf6,4,PRRR,32,38,3,7,5,0
Golf6,4,PRRR,33,1,1,6,5,3414
Golf6,4,PRRR,33,2,1,5,1,2826
Golf6,4,PRRR,33,3,2,6,3,0
Golf6,4,PRRR,33,4,2,5,2,0
Golf6,4,PRRR,33,5,3,6,4,0
Golf6,4,PRRR,33,6,3,5,5,0
Golf6,4,PRRR,33,7,4,6,5,0
Golf6,4,PRRR,33,8,4,5,1,0
Golf6,4,PRRR,33,9,1,2,1,1106
Golf6,4,PRRR,33,10,1,6,2,3052
Golf6,4,PRRR,33,11,2,2,1,0
Golf6,4,PRRR,33,12,2,6,4,0
Golf6,4,PRRR,33,13,3,2,1,0
Golf6,4,PRRR,33,14,3,6,6,0
Golf6,4,PRRR,33,15,4,2,1,0
Golf6,4,PRRR,33,16,4,6,4,0
Golf6,4,PRRR,33,17,1,2,1,965
Golf6,4,PRRR,33,18,1,6,6,2617
Golf6,4,PRRR,33,19,2,2,1,0
Golf6,4,PRRR,33,20,2,6,6,0
Golf6,4,PRRR,33,21,3,2,2,0
Golf6,4,PRRR,33,22,3,7,1,0
Golf6,4,PRRR,33,23,4,2,2,0
Golf6,4,PRRR,33,24,4,7,4,0
Golf6,4,PRRR,33,25,1,2,1,746
Golf6,4,PRRR,33,26,1,6,3,2002
Golf6,4,PRRR,33,27,2,2,2,0
Golf6,4,PRRR,33,28,2,7,4,0
Golf6,4,PRRR,33,29,3,2,2,0
Golf6,4,PRRR,33,30,3,7,1,0
Golf6,4,PRRR,33,31,4,2,2,0
Golf6,4,PRRR,33,32,4,7,1,0
Golf6,4,PRRR,33,33,1,2,1,570
Golf6,4,PRRR,33,34,1,6,4,1564
Golf6,4,PRRR,34,1,1,6,6,3399
Golf6,4,PRRR,34,2,1,5,5,2831
Golf6,4,PRRR,34,3,2,6,6,0
Golf6,4,PRRR,34,4,2,5,3,0
Golf6,4,PRRR,34,5,3,6,2,0
Golf6,4,PRRR,34,6,3,5,5,0
Golf6,4,PRRR,34,7,4,6,5,0
Golf6,4,PRRR,34,8,4,5,5,0
Golf6,4,PRRR,34,9,1,2,1,1090
Golf6,4,PRRR,34,10,1,6,4,3061
Golf6,4,PRRR,34,11,2,2,1,0
Golf6,4,PRRR,34,12,2,6,1,0
Golf6,4,PRRR,34,13,3,2,1,0
Golf6,4,PRRR,34,14,3,6,6,0
Golf6,4,PRRR,34,15,4,2,1,0
Golf6,4,PRRR,34,16,4,6,6,0
Golf6,4,PRRR,34,17,1,2,1,1002
Golf6,4,PRRR,34,18,1,6,2,2751
Golf6,4,PRRR,34,19,2,2,2,0
Golf6,4,PRRR,34,20,2,7,5,0
Golf6,4,PRRR,34,21,3,2,1,0
Golf6,4,PRRR,34,22,3,6,5,0
Golf6,4,PRRR,34,23,4,2,2,0
Golf6,4,PRRR,34,24,4,7,1,0
Golf6,4,PRRR,34,25,1,2,2,789
Golf6,4,PRRR,34,26,1,7,2,2563
Golf6,4,PRRR,34,27,2,2,1,0
Golf6,4,PRRR,34,28,2,6,3,0
Golf6,4,PRRR,34,29,3,2,2,0
Golf6,4,PRRR,34,30,3,7,2,0
Golf6,4,PRRR,34,31,4,2,1,0
Golf6,4,PRRR,34,32,4,6,3,0
Golf6,4,PRRR,34,33,1,2,1,560
Golf6,4,PRRR,34,34,1,6,3,1536
Golf6,4,PRRR,35,1,1,6,4,3384
Golf6,4,PRRR,35,2,1,5,4,2819
Golf6,4,PRRR,35,3,2,6,5,0
Golf6,4,PRRR,35,4,2,5,4,0
Golf6,4,PRRR,35,5,3,6,4,0
Golf6,4,PRRR,35,6,3,5,1,0
Golf6,4,PRRR,35,7,4,6,5,0
Golf6,4,PRRR,35,8,4,5,1,0
Golf6,4,PRRR,35,9,1,2,1,1094
Golf6,4,PRRR,35,10,1,6,5,3066
Golf6,4,PRRR,35,11,2,2,2,0
Golf6,4,PRRR,35,12,2,7,1,0
Golf6,4,PRRR,35,13,3,2,1,0
Golf6,4,PRRR,35,14,3,6,2,0
Golf6,4,PRRR,35,15,4,2,2,0
Golf6,4,PRRR,35,16,4,7,7,0
Golf6,4,PRRR,35,17,1,2,2,978
Golf6,4,PRRR,35,18,1,7,1,3248
Golf6,4,PRRR,35,19,2,2,2,0
Golf6,4,PRRR,35,20,2,7,1,0
Golf6,4,PRRR,35,21,3,2,2,0
Golf6,4,PRRR,35,22,3,7,6,0
Golf6,4,PRRR,35,23,4,2,1,0
Golf6,4,PRRR,35,24,4,6,1,0
Golf6,4,PRRR,35,25,1,2,1,910
Golf6,4,PRRR,35,26,1,6,1,2484
Golf6,4,PRRR,35,27,2,2,1,0
Golf6,4,PRRR,35,28,2,6,6,0
Golf6,4,PRRR,35,29,3,2,2,0
Golf6,4,PRRR,35,30,3,7,3,0
Golf6,4,PRRR,35,31,4,2,1,0
Golf6,4,PRRR,35,32,4,6,5,0
Golf6,4,PRRR,35,33,1,2,1,834
Golf6,4,PRRR,35,34,1,6,2,2263
Golf6,4,PRRR,35,35,2,2,1,0
Golf6,4,PRRR,35,36,2,6,5,0
Golf6,4,PRRR,35,37,3,2,1,0
Golf6,4,PRRR,35,38,3,6,2,0
Golf6,4,PRRR,35,39,4,2,2,0
Golf6,4,PRRR,35,40,4,7,2,0
Golf6,4,PRRR,35,41,1,2,2,750
Golf6,4,PRRR,35,42,1,7,7,2427
Golf6,4,PRRR,35,43,2,2,2,0
Golf6,4,PRRR,35,44,2,7,2,0
Golf6,4,PRRR,35,45,3,2,2,0
Golf6,4,PRRR,35,46,3,7,4,0
Golf6,4,PRRR,35,47,4,2,1,0
Golf6,4,PRRR,35,48,4,6,5,0
Golf6,4,PRRR,35,49,1,2,2,467
Golf6,4,PRRR,35,50,1,7,4,1483
Golf6,4,PRRR,36,1,1,6,5,3450
Golf6,4,PRRR,36,2,1,5,1,2823
Golf6,4,PRRR,36,3,2,6,3,0
Golf6,4,PRRR,36,4,2,5,5,0
Golf6,4,PRRR,36,5,3,6,1,0
Golf6,4,PRRR,36,6,3,5,2,0
Golf6,4,PRRR,36,7,4,6,1,0
Golf6,4,PRRR,36,8,4,5,4,0
Golf6,4,PRRR,36,9,1,2,1,1094
Golf6,4,PRRR,36,10,1,6,1,3074
Golf6,4,PRRR,36,11,2,2,2,0
Golf6,4,PRRR,36,12,2,7,1,0
Golf6,4,PRRR,36,13,3,2,2,0
Golf6,4,PRRR,36,14,3,7,2,0
Golf6,4,PRRR,36,15,4,2,1,0
Golf6,4,PRRR,36,16,4,6,6,0
Golf6,4,PRRR,36,17,1,2,1,1043
Golf6,4,PRRR,36,18,1,6,5,2891
Golf6,4,PRRR,36,19,2,2,1,0
Golf6,4,PRRR,36,20,2,6,2,0
Golf6,4,PRRR,36,21,3,2,2,0
Golf6,4,PRRR,36,22,3,7,5,0
Golf6,4,PRRR,36,23,4,2,2,0
Golf6,4,PRRR,36,24,4,7,4,0
Golf6,4,PRRR,36,25,1,2,1,853
Golf6,4,PRRR,36,26,1,6,3,2430
Golf6,4,PRRR,36,27,2,2,1,0
Golf6,4,PRRR,36,28,2,6,3,0
Golf6,4,PRRR,36,29,3,2,1,0
Golf6,4,PRRR,36,30,3,6,1,0
Golf6,4,PRRR,36,31,4,2,2,0
Golf6,4,PRRR,36,32,4,7,6,0
Golf6,4,PRRR,36,33,1,2,2,832
Golf6,4,PRRR,36,34,1,7,3,2707
Golf6,4,PRRR,36,35,2,2,1,0
Golf6,4,PRRR,36,36,2,6,6,0
Golf6,4,PRRR,36,37,3,2,1,0
Golf6,4,PRRR,36,38,3,6,5,0
Golf6,4,PRRR,36,39,4,2,1,0
Golf6,4,PRRR,36,40,4,6,6,0
Golf6,4,PRRR,36,41,1,2,2,714
Golf6,4,PRRR,36,42,1,7,7,2308
Golf6,4,PRRR,36,43,2,2,1,0
Golf6,4,PRRR,36,44,2,6,5,0
Golf6,4,PRRR,36,45,3,2,2,0
Golf6,4,PRRR,36,46,3,7,5,0
Golf6,4,PRRR,36,47,4,2,1,0
Golf6,4,PRRR,36,48,4,6,4,0
Golf6,4,PRRR,36,49,1,2,2,444
Golf6,4,PRRR,36,50,1,7,5,1430
Golf6,4,PRRR,37,1,1,6,2,3376
Golf6,4,PRRR,37,2,1,5,1,2811
Golf6,4,PRRR,37,3,2,6,6,0
Golf6,4,PRRR,37,4,2,5,4,0
Golf6,4,PRRR,37,5,3,6,5,0
Golf6,4,PRRR,37,6,3,5,3,0
Golf6,4,PRRR,37,7,4,6,1,0
Golf6,4,PRRR,37,8,4,5,4,0
Golf6,4,PRRR,37,9,1,2,2,1107
Golf6,4,PRRR,37,10,1,7,6,3606
Golf6,4,PRRR,37,11,2,2,2,0
Golf6,4,PRRR,37,12,2,7,6,0
Golf6,4,PRRR,37,13,3,2,1,0
Golf6,4,PRRR,37,14,3,6,6,0
Golf6,4,PRRR,37,15,4,2,2,0
Golf6,4,PRRR,37,16,4,7,3,0
Golf6,4,PRRR,37,17,1,2,1,921
Golf6,4,PRRR,37,18,1,6,2,2508
Golf6,4,PRRR,37,19,2,2,2,0
Golf6,4,PRRR,37,20,2,7,3,0
Golf6,4,PRRR,37,21,3,2,1,0
Golf6,4,PRRR,37,22,3,6,6,0
Golf6,4,PRRR,37,23,4,2,1,0
Golf6,4,PRRR,37,24,4,6,1,0
Golf6,4,PRRR,37,25,1,2,2,816
Golf6,4,PRRR,37,26,1,7,7,2670
Golf6,4,PRRR,37,27,2,2,2,0
Golf6,4,PRRR,37,28,2,7,3,0
Golf6,4,PRRR,37,29,3,2,1,0
Golf6,4,PRRR,37,30,3,6,4,0
Golf6,4,PRRR,37,31,4,2,2,0
Golf6,4,PRRR,37,32,4,7,6,0
Golf6,4,PRRR,37,33,1,2,2,710
Golf6,4,PRRR,37,34,1,7,5,2251
Golf6,4,PRRR,37,35,2,2,2,0
Golf6,4,PRRR,37,36,2,7,3,0
Golf6,4,PRRR,37,37,3,2,2,0
Golf6,4,PRRR,37,38,3,7,2,0
Golf6,4,PRRR,37,39,4,2,2,0
Golf6,4,PRRR,37,40,4,7,1,0
Golf6,4,PRRR,37,41,1,2,2,482
Golf6,4,PRRR,37,42,1,7,1,1488
Golf6,4,PRRR,37,43,2,2,1,0
Golf6,4,PRRR,37,44,2,6,4,0
Golf6,4,PRRR,37,45,3,2,1,0
Golf6,4,PRRR,37,46,3,6,1,0
Golf6,4,PRRR,37,47,4,2,1,0
Golf6,4,PRRR,37,48,4,6,3,0
Golf6,4,PRRR,37,49,1,2,2,438
Golf6,4,PRRR,37,50,1,7,4,1414
Golf6,4,PRRR,38,1,1,6,1,3401
Golf6,4,PRRR,38,2,1,5,5,2837
Golf6,4,PRRR,38,3,2,6,6,0
Golf6,4,PRRR,38,4,2,5,5,0
Golf6,4,PRRR,38,5,3,6,4,0
Golf6,4,PRRR,38,6,3,5,2,0
Golf6,4,PRRR,38,7,4,6,3,0
Golf6,4,PRRR,38,8,4,5,2,0
Golf6,4,PRRR,38,9,1,2,2,1101
Golf6,4,PRRR,38,10,1,7,1,3578
Golf6,4,PRRR,38,11,2,2,2,0
Golf6,4,PRRR,38,12,2,7,7,0
Golf6,4,PRRR,38,13,3,2,1,0
Golf6,4,PRRR,38,14,3,6,4,0
Golf6,4,PRRR,38,15,4,2,1,0
Golf6,4,PRRR,38,16,4,6,6,0
Golf6,4,PRRR,38,17,1,2,2,1042
Golf6,4,PRRR,38,18,1,7,5,3455
Golf6,4,PRRR,38,19,2,2,2,0
Golf6,4,PRRR,38,20,2,7,2,0
Golf6,4,PRRR,38,21,3,2,2,0
Golf6,4,PRRR,38,22,3,7,3,0
Golf6,4,PRRR,38,23,4,2,1,0
Golf6,4,PRRR,38,24,4,6,6,0
Golf6,4,PRRR,38,25,1,2,2,963
Golf6,4,PRRR,38,26,1,7,4,3124
Golf6,4,PRRR,38,27,2,2,2,0
Golf6,4,PRRR,38,28,2,7,7,0
Golf6,4,PRRR,38,29,3,2,1,0
Golf6,4,PRRR,38,30,3,6,5,0
Golf6,4,PRRR,38,31,4,2,1,0
Golf6,4,PRRR,38,32,4,6,6,0
Golf6,4,PRRR,38,33,1,2,2,801
Golf6,4,PRRR,38,34,1,7,6,2712
Golf6,4,PRRR,38,35,2,2,1,0
Golf6,4,PRRR,38,36,2,6,1,0
Golf6,4,PRRR,38,37,3,2,2,0
Golf6,4,PRRR,38,38,3,7,1,0
Golf6,4,PRRR,38,39,4,2,1,0
Golf6,4,PRRR,38,40,4,6,3,0
Golf6,4,PRRR,38,41,1,2,2,645
Golf6,4,PRRR,38,42,1,7,1,2073
Golf6,4,PRRR,38,43,2,2,2,0
Golf6,4,PRRR,38,44,2,7,2,0
Golf6,4,PRRR,38,45,3,2,2,0
Golf6,4,PRRR,38,46,3,7,7,0
Golf6,4,PRRR,38,47,4,2,2,0
Golf6,4,PRRR,38,48,4,7,2,0
Golf6,4,PRRR,38,49,1,2,1,573
Golf6,4,PRRR,38,50,1,6,2,1514
Golf6,4,PRRR,39,1,1,6,4,3385
Golf6,4,PRRR,39,2,1,5,4,2822
Golf6,4,PRRR,39,3,2,6,2,0
Golf6,4,PRRR,39,4,2,5,5,0
Golf6,4,PRRR,39,5,3,6,6,0
Golf6,4,PRRR,39,6,3,5,5,0
Golf6,4,PRRR,39,7,4,6,3,0
Golf6,4,PRRR,39,8,4,5,4,0
Golf6,4,PRRR,39,9,1,2,2,1103
Golf6,4,PRRR,39,10,1,7,6,3603
Golf6,4,PRRR,39,11,2,2,1,0
Golf6,4,PRRR,39,12,2,6,3,0
Golf6,4,PRRR,39,13,3,2,1,0
Golf6,4,PRRR,39,14,3,6,5,0
Golf6,4,PRRR,39,15,4,2,2,0
Golf6,4,PRRR,39,16,4,7,7,0
Golf6,4,PRRR,39,17,1,2,2,1003
Golf6,4,PRRR,39,18,1,7,5,3261
Golf6,4,PRRR,39,19,2,2,1,0
Golf6,4,PRRR,39,20,2,6,5,0
Golf6,4,PRRR,39,21,3,2,1,0
Golf6,4,PRRR,39,22,3,6,6,0
Golf6,4,PRRR,39,23,4,2,1,0
Golf6,4,PRRR,39,24,4,6,6,0
Golf6,4,PRRR,39,25,1,2,2,878
Golf6,4,PRRR,39,26,1,7,1,2888
Golf6,4,PRRR,39,27,2,2,1,0
Golf6,4,PRRR,39,28,2,6,5,0
Golf6,4,PRRR,39,29,3,2,2,0
Golf6,4,PRRR,39,30,3,7,4,0
Golf6,4,PRRR,39,31,4,2,1,0
Golf6,4,PRRR,39,32,4,6,5,0
Golf6,4,PRRR,39,33,1,2,1,861
Golf6,4,PRRR,39,34,1,6,4,2378
Golf6,4,PRRR,39,35,2,2,2,0
Golf6,4,PRRR,39,36,2,7,4,0
Golf6,4,PRRR,39,37,3,2,1,0
Golf6,4,PRRR,39,38,3,6,1,0
Golf6,4,PRRR,39,39,4,2,1,0
Golf6,4,PRRR,39,40,4,6,4,0
Golf6,4,PRRR,39,41,1,2,2,744
Golf6,4,PRRR,39,42,1,7,2,2367
Golf6,4,PRRR,39,43,2,2,2,0
Golf6,4,PRRR,39,44,2,7,5,0
Golf6,4,PRRR,39,45,3,2,1,0
Golf6,4,PRRR,39,46,3,6,1,0
Golf6,4,PRRR,39,47,4,2,2,0
Golf6,4,PRRR,39,48,4,7,2,0
Golf6,4,PRRR,39,49,1,2,1,482
Golf6,4,PRRR,39,50,1,6,2,1327
Golf6,4,PRRR,39,51,2,2,2,0
Golf6,4,PRRR,39,52,2,7,3,0
Golf6,4,PRRR,39,53,3,2,2,0
Golf6,4,PRRR,39,54,3,7,3,0
Golf6,4,PRRR,39,55,4,2,1,0
Golf6,4,PRRR,39,56,4,6,6,0
Golf6,4,PRRR,39,57,1,2,1,400
Golf6,4,PRRR,39,58,1,6,6,1021
Golf6,4,PRRR,39,59,2,2,2,0
Golf6,4,PRRR,39,60,2,7,4,0
Golf6,4,PRRR,39,61,3,2,2,0
Golf6,4,PRRR,39,62,3,7,1,0
Golf6,4,PRRR,39,63,4,2,1,0
Golf6,4,PRRR,39,64,4,6,1,0
Golf6,4,PRRR,39,65,1,2,2,339
Golf6,4,PRRR,39,66,1,7,1,1042
Golf6,4,PRRR,39,67,2,2,1,0
Golf6,4,PRRR,39,68,2,6,3,0
Golf6,4,PRRR,39,69,3,2,2,0
Golf6,4,PRRR,39,70,3,7,5,0
Golf6,4,PRRR,40,1,1,6,6,3397
Golf6,4,PRRR,40,2,1,5,1,2840
Golf6,4,PRRR,40,3,2,6,5,0
Golf6,4,PRRR,40,4,2,5,4,0
Golf6,4,PRRR,40,5,3,6,5,0
Golf6,4,PRRR,40,6,3,5,3,0
Golf6,4,PRRR,40,7,4,6,1,0
Golf6,4,PRRR,40,8,4,5,2,0
Golf6,4,PRRR,40,9,1,2,1,1090
Golf6,4,PRRR,40,10,1,6,6,3061
Golf6,4,PRRR,40,11,2,2,2,0
Golf6,4,PRRR,40,12,2,7,1,0
Golf6,4,PRRR,40,13,3,2,2,0
Golf6,4,PRRR,40,14,3,7,2,0
Golf6,4,PRRR,40,15,4,2,1,0
Golf6,4,PRRR,40,16,4,6,4,0
Golf6,4,PRRR,40,17,1,2,2,1017
Golf6,4,PRRR,40,18,1,7,2,3226
Golf6,4,PRRR,40,19,2,2,1,0
Golf6,4,PRRR,40,20,2,6,2,0
Golf6,4,PRRR,40,21,3,2,2,0
Golf6,4,PRRR,40,22,3,7,5,0
Golf6,4,PRRR,40,23,4,2,2,0
Golf6,4,PRRR,40,24,4,7,1,0
Golf6,4,PRRR,40,25,1,2,2,870
Golf6,4,PRRR,40,26,1,7,4,2808
Golf6,4,PRRR,40,27,2,2,1,0
Golf6,4,PRRR,40,28,2,6,3,0
Golf6,4,PRRR,40,29,3,2,1,0
Golf6,4,PRRR,40,30,3,6,4,0
Golf6,4,PRRR,40,31,4,2,2,0
Golf6,4,PRRR,40,32,4,7,7,0
Golf6,4,PRRR,40,33,1,2,2,694
Golf6,4,PRRR,40,34,1,7,5,2289
Golf6,4,PRRR,40,35,2,2,2,0
Golf6,4,PRRR,40,36,2,7,1,0
Golf6,4,PRRR,40,37,3,2,1,0
Golf6,4,PRRR,40,38,3,6,6,0
Golf6,4,PRRR,40,39,4,2,1,0
Golf6,4,PRRR,40,40,4,6,3,0
Golf6,4,PRRR,40,41,1,2,1,542
Golf6,4,PRRR,40,42,1,6,2,1481
Golf6,4,PRRR,40,43,2,2,2,0
Golf6,4,PRRR,40,44,2,7,6,0
Golf6,4,PRRR,40,45,3,2,1,0
Golf6,4,PRRR,40,46,3,6,2,0
Golf6,4,PRRR,41,1,1,6,5,3389
Golf6,4,PRRR,41,2,1,5,1,2812
Golf6,4,PRRR,41,3,2,6,5,0
Golf6,4,PRRR,41,4,2,5,5,0
Golf6,4,PRRR,41,5,3,6,4,0
Golf6,4,PRRR,41,6,3,5,5,0
Golf6,4,PRRR,41,7,4,6,3,0
Golf6,4,PRRR,41,8,4,5,5,0
Golf6,4,PRRR,41,9,1,2,1,1094
Golf6,4,PRRR,41,10,1,6,1,3064
Golf6,4,PRRR,41,11,2,2,1,0
Golf6,4,PRRR,41,12,2,6,1,0
Golf6,4,PRRR,41,13,3,2,1,0
Golf6,4,PRRR,41,14,3,6,2,0
Golf6,4,PRRR,41,15,4,2,2,0
Golf6,4,PRRR,41,16,4,7,6,0
Golf6,4,PRRR,41,17,1,2,2,951
Golf6,4,PRRR,41,18,1,7,5,3070
Golf6,4,PRRR,41,19,2,2,1,0
Golf6,4,PRRR,41,20,2,6,4,0
Golf6,4,PRRR,41,21,3,2,1,0
Golf6,4,PRRR,41,22,3,6,5,0
Golf6,4,PRRR,41,23,4,2,1,0
Golf6,4,PRRR,41,24,4,6,1,0
Golf6,4,PRRR,41,25,1,2,2,720
Golf6,4,PRRR,41,26,1,7,1,2287
Golf6,4,PRRR,41,27,2,2,1,0
Golf6,4,PRRR,41,28,2,6,3,0
Golf6,4,PRRR,41,29,3,2,2,0
Golf6,4,PRRR,41,30,3,7,5,0
Golf6,4,PRRR,41,31,4,2,1,0
Golf6,4,PRRR,41,32,4,6,2,0
Golf6,4,PRRR,41,33,1,2,1,500
Golf6,4,PRRR,41,34,1,6,2,1308
Golf6,4,PRRR,41,35,2,2,2,0
Golf6,4,PRRR,41,36,2,7,3,0
Golf6,4,PRRR,42,1,1,6,1,3395
Golf6,4,PRRR,42,2,1,5,1,2864
Golf6,4,PRRR,42,3,2,6,1,0
Golf6,4,PRRR,42,4,2,5,4,0
Golf6,4,PRRR,42,5,3,6,1,0
Golf6,4,PRRR,42,6,3,5,4,0
Golf6,4,PRRR,42,7,4,6,3,0
Golf6,4,PRRR,42,8,4,5,4,0
Golf6,4,PRRR,42,9,1,2,2,1105
Golf6,4,PRRR,42,10,1,7,2,3581
Golf6,4,PRRR,42,11,2,2,1,0
Golf6,4,PRRR,42,12,2,6,1,0
Golf6,4,PRRR,42,13,3,2,2,0
Golf6,4,PRRR,42,14,3,7,7,0
Golf6,4,PRRR,42,15,4,2,1,0
Golf6,4,PRRR,42,16,4,6,1,0
Golf6,4,PRRR,42,17,1,2,2,992
Golf6,4,PRRR,42,18,1,7,3,3269
Golf6,4,PRRR,42,19,2,2,2,0
Golf6,4,PRRR,42,20,2,7,2,0
Golf6,4,PRRR,42,21,3,2,1,0
Golf6,4,PRRR,42,22,3,6,6,0
Golf6,4,PRRR,42,23,4,2,2,0
Golf6,4,PRRR,42,24,4,7,5,0
Golf6,4,PRRR,42,25,1,2,1,891
Golf6,4,PRRR,42,26,1,6,5,2521
Golf6,4,PRRR,42,27,2,2,1,0
Golf6,4,PRRR,42,28,2,6,5,0
Golf6,4,PRRR,42,29,3,2,2,0
Golf6,4,PRRR,42,30,3,7,5,0
Golf6,4,PRRR,42,31,4,2,1,0
Golf6,4,PRRR,42,32,4,6,4,0
Golf6,4,PRRR,42,33,1,2,2,828
Golf6,4,PRRR,42,34,1,7,2,2584
Golf6,4,PRRR,42,35,2,2,1,0
Golf6,4,PRRR,42,36,2,6,6,0
Golf6,4,PRRR,42,37,3,2,1,0
Golf6,4,PRRR,42,38,3,6,2,0
Golf6,4,PRRR,42,39,4,2,1,0
Golf6,4,PRRR,42,40,4,6,2,0
Golf6,4,PRRR,42,41,1,2,2,524
Golf6,4,PRRR,42,42,1,7,5,1678
Golf6,4,PRRR,42,43,2,2,2,0
Golf6,4,PRRR,42,44,2,7,7,0
Golf6,4,PRRR,42,45,3,2,1,0
Golf6,4,PRRR,42,46,3,6,3,0
Golf6,4,PRRR,43,1,1,6,2,3392
Golf6,4,PRRR,43,2,1,5,2,2801
Golf6,4,PRRR,43,3,2,6,3,0
Golf6,4,PRRR,43,4,2,5,5,0
Golf6,4,PRRR,43,5,3,6,2,0
Golf6,4,PRRR,43,6,3,5,1,0
Golf6,4,PRRR,43,7,4,6,4,0
Golf6,4,PRRR,43,8,4,5,4,0
Golf6,4,PRRR,43,9,1,2,1,1127
Golf6,4,PRRR,43,10,1,6,3,3104
Golf6,4,PRRR,43,11,2,2,1,0
Golf6,4,PRRR,43,12,2,6,3,0
Golf6,4,PRRR,43,13,3,2,2,0
Golf6,4,PRRR,43,14,3,7,7,0
Golf6,4,PRRR,43,15,4,2,1,0
Golf6,4,PRRR,43,16,4,6,3,0
Golf6,4,PRRR,43,17,1,2,2,1008
Golf6,4,PRRR,43,18,1,7,3,3280
Golf6,4,PRRR,43,19,2,2,2,0
Golf6,4,PRRR,43,20,2,7,2,0
Golf6,4,PRRR,43,21,3,2,1,0
Golf6,4,PRRR,43,22,3,6,4,0
Golf6,4,PRRR,43,23,4,2,2,0
Golf6,4,PRRR,43,24,4,7,2,0
Golf6,4,PRRR,43,25,1,2,2,807
Golf6,4,PRRR,43,26,1,7,2,2601
Golf6,4,PRRR,43,27,2,2,1,0
Golf6,4,PRRR,43,28,2,6,2,0
Golf6,4,PRRR,43,29,3,2,2,0
Golf6,4,PRRR,43,30,3,7,6,0
Golf6,4,PRRR,43,31,4,2,1,0
Golf6,4,PRRR,43,32,4,6,6,0
Golf6,4,PRRR,43,33,1,2,2,520
Golf6,4,PRRR,43,34,1,7,7,1557
Golf6,4,PRRR,43,35,2,2,2,0
Golf6,4,PRRR,43,36,2,7,5,0
Golf6,4,PRRR,43,37,3,2,1,0
Golf6,4,PRRR,43,38,3,6,3,0
Golf6,4,PRRR,44,1,1,6,5,3391
Golf6,4,PRRR,44,2,1,5,5,2825
Golf6,4,PRRR,44,3,2,6,4,0
Golf6,4,PRRR,44,4,2,5,4,0
Golf6,4,PRRR,44,5,3,6,5,0
Golf6,4,PRRR,44,6,3,5,3,0
Golf6,4,PRRR,44,7,4,6,3,0
Golf6,4,PRRR,44,8,4,5,4,0
Golf6,4,PRRR,44,9,1,2,1,1115
Golf6,4,PRRR,44,10,1,6,2,3085
Golf6,4,PRRR,44,11,2,2,2,0
Golf6,4,PRRR,44,12,2,7,4,0
Golf6,4,PRRR,44,13,3,2,2,0
Golf6,4,PRRR,44,14,3,7,7,0
Golf6,4,PRRR,44,15,4,2,2,0
Golf6,4,PRRR,44,16,4,7,4,0
Golf6,4,PRRR,44,17,1,2,1,933
Golf6,4,PRRR,44,18,1,6,1,2865
Golf6,4,PRRR,44,19,2,2,2,0
Golf6,4,PRRR,44,20,2,7,2,0
Golf6,4,PRRR,44,21,3,2,1,0
Golf6,4,PRRR,44,22,3,6,4,0
Golf6,4,PRRR,44,23,4,2,1,0
Golf6,4,PRRR,44,24,4,6,5,0
Golf6,4,PRRR,44,25,1,2,2,846
Golf6,4,PRRR,44,26,1,7,1,2758
Golf6,4,PRRR,44,27,2,2,1,0
Golf6,4,PRRR,44,28,2,6,1,0
Golf6,4,PRRR,44,29,3,2,1,0
Golf6,4,PRRR,44,30,3,6,4,0
Golf6,4,PRRR,44,31,4,2,1,0
Golf6,4,PRRR,44,32,4,6,3,0
Golf6,4,PRRR,44,33,1,2,2,810
Golf6,4,PRRR,44,34,1,7,4,2623
Golf6,4,PRRR,44,35,2,2,2,0
Golf6,4,PRRR,44,36,2,7,3,0
Golf6,4,PRRR,44,37,3,2,1,0
Golf6,4,PRRR,44,38,3,6,2,0
Golf6,4,PRRR,44,39,4,2,1,0
Golf6,4,PRRR,44,40,4,6,1,0
Golf6,4,PRRR,44,41,1,2,1,468
Golf6,4,PRRR,44,42,1,6,4,1232
Golf6,4,PRRR,45,1,1,6,1,3763
Golf6,4,PRRR,45,2,1,5,2,3185
Golf6,4,PRRR,45,3,2,6,3,0
Golf6,4,PRRR,45,4,2,5,3,0
Golf6,4,PRRR,45,5,3,6,4,0
Golf6,4,PRRR,45,6,3,5,5,0
Golf6,4,PRRR,45,7,4,6,5,0
Golf6,4,PRRR,45,8,4,5,1,0
Golf6,4,PRRR,45,9,1,2,1,1254
Golf6,4,PRRR,45,10,1,6,3,3469
Golf6,4,PRRR,45,11,2,2,2,0
Golf6,4,PRRR,45,12,2,7,6,0
Golf6,4,PRRR,45,13,3,2,2,0
Golf6,4,PRRR,45,14,3,7,3,0
Golf6,4,PRRR,45,15,4,2,2,0
Golf6,4,PRRR,45,16,4,7,7,0
Golf6,4,PRRR,45,17,1,2,1,1045
Golf6,4,PRRR,45,18,1,6,4,2912
Golf6,4,PRRR,45,19,2,2,1,0
Golf6,4,PRRR,45,20,2,6,5,0
Golf6,4,PRRR,45,21,3,2,2,0
Golf6,4,PRRR,45,22,3,7,5,0
Golf6,4,PRRR,45,23,4,2,1,0
Golf6,4,PRRR,45,24,4,6,1,0
Golf6,4,PRRR,45,25,1,2,2,1026
Golf6,4,PRRR,45,26,1,7,1,3414
Golf6,4,PRRR,45,27,2,2,2,0
Golf6,4,PRRR,45,28,2,7,2,0
Golf6,4,PRRR,45,29,3,2,2,0
Golf6,4,PRRR,45,30,3,7,1,0
Golf6,4,PRRR,45,31,4,2,2,0
Golf6,4,PRRR,45,32,4,7,4,0
Golf6,4,PRRR,45,33,1,2,2,863
Golf6,4,PRRR,45,34,1,7,2,2743
Golf6,4,PRRR,45,35,2,2,2,0
Golf6,4,PRRR,45,36,2,7,6,0
Golf6,4,PRRR,45,37,3,2,2,0
Golf6,4,PRRR,45,38,3,7,2,0
Golf6,4,PRRR,45,39,4,2,2,0
Golf6,4,PRRR,45,40,4,7,3,0
Golf6,4,PRRR,45,41,1,2,2,632
Golf6,4,PRRR,45,42,1,7,1,2032
Golf6,4,PRRR,45,43,2,2,1,0
Golf6,4,PRRR,45,44,2,6,5,0
Golf6,4,PRRR,45,45,3,2,1,0
Golf6,4,PRRR,45,46,3,6,2,0
Golf6,4,PRRR,45,47,4,2,1,0
Golf6,4,PRRR,45,48,4,6,1,0
Golf6,4,PRRR,45,49,1,2,2,617
Golf6,4,PRRR,45,50,1,7,6,2045
Golf6,4,PRRR,45,51,2,2,1,0
Golf6,4,PRRR,45,52,2,6,3,0
Golf6,4,PRRR,45,53,3,2,1,0
Golf6,4,PRRR,45,54,3,6,1,0
Golf6,4,PRRR,45,55,4,2,1,0
Golf6,4,PRRR,45,56,4,6,2,0
Golf6,4,PRRR,45,57,1,2,1,572
Golf6,4,PRRR,45,58,1,6,2,1622
Golf6,4,PRRR,45,59,2,2,1,0
Golf6,4,PRRR,45,60,2,6,2,0
Golf6,4,PRRR,45,61,3,2,2,0
Golf6,4,PRRR,45,62,3,7,4,0
Golf6,4,PRRR,45,63,4,2,2,0
Golf6,4,PRRR,45,64,4,7,6,0
Golf6,4,PRRR,45,65,1,2,2,361
Golf6,4,PRRR,45,66,1,7,7,1142
Golf6,4,PRRR,46,1,1,6,5,3839
Golf6,4,PRRR,46,2,1,5,1,3094
Golf6,4,PRRR,46,3,2,6,5,0
Golf6,4,PRRR,46,4,2,5,4,0
Golf6,4,PRRR,46,5,3,6,1,0
Golf6,4,PRRR,46,6,3,5,4,0
Golf6,4,PRRR,46,7,4,6,6,0
Golf6,4,PRRR,46,8,4,5,4,0
Golf6,4,PRRR,46,9,1,2,1,1174
Golf6,4,PRRR,46,10,1,6,2,3345
Golf6,4,PRRR,46,11,2,2,2,0
Golf6,4,PRRR,46,12,2,7,4,0
Golf6,4,PRRR,46,13,3,2,1,0
Golf6,4,PRRR,46,14,3,6,3,0
Golf6,4,PRRR,46,15,4,2,1,0
Golf6,4,PRRR,46,16,4,6,2,0
Golf6,4,PRRR,46,17,1,2,2,1001
Golf6,4,PRRR,46,18,1,7,2,3254
Golf6,4,PRRR,46,19,2,2,1,0
Golf6,4,PRRR,46,20,2,6,6,0
Golf6,4,PRRR,46,21,3,2,2,0
Golf6,4,PRRR,46,22,3,7,1,0
Golf6,4,PRRR,46,23,4,2,1,0
Golf6,4,PRRR,46,24,4,6,3,0
Golf6,4,PRRR,46,25,1,2,2,835
Golf6,4,PRRR,46,26,1,7,4,2692
Golf6,4,PRRR,46,27,2,2,2,0
Golf6,4,PRRR,46,28,2,7,1,0
Golf6,4,PRRR,46,29,3,2,1,0
Golf6,4,PRRR,46,30,3,6,4,0
Golf6,4,PRRR,46,31,4,2,1,0
Golf6,4,PRRR,46,32,4,6,6,0
Golf6,4,PRRR,46,33,1,2,2,713
Golf6,4,PRRR,46,34,1,7,7,2275
Golf6,4,PRRR,46,35,2,2,1,0
Golf6,4,PRRR,46,36,2,6,5,0
Golf6,4,PRRR,46,37,3,2,1,0
Golf6,4,PRRR,46,38,3,6,3,0
Golf6,4,PRRR,46,39,4,2,2,0
Golf6,4,PRRR,46,40,4,7,3,0
Golf6,4,PRRR,46,41,1,2,2,580
Golf6,4,PRRR,46,42,1,7,1,1824
Golf6,4,PRRR,46,43,2,2,1,0
Golf6,4,PRRR,46,44,2,6,3,0
Golf6,4,PRRR,46,45,3,2,1,0
Golf6,4,PRRR,46,46,3,6,3,0
Golf6,4,PRRR,46,47,4,2,1,0
Golf6,4,PRRR,46,48,4,6,6,0
Golf6,4,PRRR,46,49,1,2,2,584
Golf6,4,PRRR,46,50,1,7,5,1809
Golf6,4,PRRR,47,1,1,6,5,3648
Golf6,4,PRRR,47,2,1,5,2,3040
Golf6,4,PRRR,47,3,2,6,6,0
Golf6,4,PRRR,47,4,2,5,3,0
Golf6,4,PRRR,47,5,3,6,3,0
Golf6,4,PRRR,47,6,3,5,4,0
Golf6,4,PRRR,47,7,4,6,3,0
Golf6,4,PRRR,47,8,4,5,3,0
Golf6,4,PRRR,47,9,1,2,2,1193
Golf6,4,PRRR,47,10,1,7,7,3883
Golf6,4,PRRR,47,11,2,2,2,0
Golf6,4,PRRR,47,12,2,7,3,0
Golf6,4,PRRR,47,13,3,2,2,0
Golf6,4,PRRR,47,14,3,7,7,0
Golf6,4,PRRR,47,15,4,2,2,0
Golf6,4,PRRR,47,16,4,7,3,0
Golf6,4,PRRR,47,17,1,2,2,942
Golf6,4,PRRR,47,18,1,7,1,3159
Golf6,4,PRRR,47,19,2,2,2,0
Golf6,4,PRRR,47,20,2,7,5,0
Golf6,4,PRRR,47,21,3,2,1,0
Golf6,4,PRRR,47,22,3,6,1,0
Golf6,4,PRRR,47,23,4,2,2,0
Golf6,4,PRRR,47,24,4,7,7,0
Golf6,4,PRRR,47,25,1,2,1,771
Golf6,4,PRRR,47,26,1,6,6,2001
Golf6,4,PRRR,47,27,2,2,2,0
Golf6,4,PRRR,47,28,2,7,3,0
Golf6,4,PRRR,47,29,3,2,2,0
Golf6,4,PRRR,47,30,3,7,7,0
Golf6,4,PRRR,47,31,4,2,1,0
Golf6,4,PRRR,47,32,4,6,2,0
Golf6,4,PRRR,47,33,1,2,2,716
Golf6,4,PRRR,47,34,1,7,1,2359
Golf6,4,PRRR,47,35,2,2,2,0
Golf6,4,PRRR,47,36,2,7,5,0
Golf6,4,PRRR,47,37,3,2,2,0
Golf6,4,PRRR,47,38,3,7,6,0
Golf6,4,PRRR,47,39,4,2,2,0
Golf6,4,PRRR,47,40,4,7,4,0
Golf6,4,PRRR,47,41,1,2,1,727
Golf6,4,PRRR,47,42,1,6,3,2034
Golf6,4,PRRR,47,43,2,2,1,0
Golf6,4,PRRR,47,44,2,6,3,0
Golf6,4,PRRR,47,45,3,2,1,0
Golf6,4,PRRR,47,46,3,6,1,0
Golf6,4,PRRR,47,47,4,2,1,0
Golf6,4,PRRR,47,48,4,6,5,0
Golf6,4,PRRR,47,49,1,2,2,587
Golf6,4,PRRR,47,50,1,7,5,1862
Golf6,4,PRRR,47,51,2,2,1,0
Golf6,4,PRRR,47,52,2,6,6,0
Golf6,4,PRRR,47,53,3,2,2,0
Golf6,4,PRRR,47,54,3,7,2,0
Golf6,4,PRRR,47,55,4,2,2,0
Golf6,4,PRRR,47,56,4,7,6,0
Golf6,4,PRRR,47,57,1,2,2,486
Golf6,4,PRRR,47,58,1,7,1,1492
Golf6,4,PRRR,47,59,2,2,1,0
Golf6,4,PRRR,47,60,2,6,6,0
Golf6,4,PRRR,47,61,3,2,1,0
Golf6,4,PRRR,47,62,3,6,1,0
Golf6,4,PRRR,47,63,4,2,2,0
Golf6,4,PRRR,47,64,4,7,2,0
Golf6,4,PRRR,48,1,1,6,3,3571
Golf6,4,PRRR,48,2,1,5,3,2962
Golf6,4,PRRR,48,3,2,6,5,0
Golf6,4,PRRR,48,4,2,5,2,0
Golf6,4,PRRR,48,5,3,6,2,0
Golf6,4,PRRR,48,6,3,5,3,0
Golf6,4,PRRR,48,7,4,6,1,0
Golf6,4,PRRR,48,8,4,5,3,0
Golf6,4,PRRR,48,9,1,2,1,1212
Golf6,4,PRRR,48,10,1,6,2,5549
Golf6,4,PRRR,48,11,2,2,1,0
Golf6,4,PRRR,48,12,2,6,1,0
Golf6,4,PRRR,48,13,3,2,2,0
Golf6,4,PRRR,48,14,3,7,3,0
Golf6,4,PRRR,48,15,4,2,1,0
Golf6,4,PRRR,48,16,4,6,6,0
Golf6,4,PRRR,48,17,1,2,2,1511
Golf6,4,PRRR,48,18,1,7,7,3830
Golf6,4,PRRR,48,19,2,2,2,0
Golf6,4,PRRR,48,20,2,7,3,0
Golf6,4,PRRR,48,21,3,2,2,0
Golf6,4,PRRR,48,22,3,7,2,0
Golf6,4,PRRR,48,23,4,2,2,0
Golf6,4,PRRR,48,24,4,7,1,0
Golf6,4,PRRR,48,25,1,2,2,956
Golf6,4,PRRR,48,26,1,7,2,3050
Golf6,4,PRRR,48,27,2,2,2,0
Golf6,4,PRRR,48,28,2,7,2,0
Golf6,4,PRRR,48,29,3,2,1,0
Golf6,4,PRRR,48,30,3,6,6,0
Golf6,4,PRRR,48,31,4,2,2,0
Golf6,4,PRRR,48,32,4,7,5,0
Golf6,4,PRRR,48,33,1,2,1,670
Golf6,4,PRRR,48,34,1,6,5,1751
Golf6,4,PRRR,49,1,1,6,1,3467
Golf6,4,PRRR,49,2,1,5,3,2987
Golf6,4,PRRR,49,3,2,6,1,0
Golf6,4,PRRR,49,4,2,5,3,0
Golf6,4,PRRR,49,5,3,6,5,0
Golf6,4,PRRR,49,6,3,5,4,0
Golf6,4,PRRR,49,7,4,6,3,0
Golf6,4,PRRR,49,8,4,5,1,0
Golf6,4,PRRR,49,9,1,2,2,1156
Golf6,4,PRRR,49,10,1,7,2,3703
Golf6,4,PRRR,49,11,2,2,1,0
Golf6,4,PRRR,49,12,2,6,6,0
Golf6,4,PRRR,49,13,3,2,1,0
Golf6,4,PRRR,49,14,3,6,1,0
Golf6,4,PRRR,49,15,4,2,1,0
Golf6,4,PRRR,49,16,4,6,6,0
Golf6,4,PRRR,49,17,1,2,2,960
Golf6,4,PRRR,49,18,1,7,3,3112
Golf6,4,PRRR,49,19,2,2,2,0
Golf6,4,PRRR,49,20,2,7,6,0
Golf6,4,PRRR,49,21,3,2,1,0
Golf6,4,PRRR,49,22,3,6,4,0
Golf6,4,PRRR,49,23,4,2,1,0
Golf6,4,PRRR,49,24,4,6,2,0
Golf6,4,PRRR,49,25,1,2,2,768
Golf6,4,PRRR,49,26,1,7,6,2469
Golf6,4,PRRR,49,27,2,2,1,0
Golf6,4,PRRR,49,28,2,6,4,0
Golf6,4,PRRR,49,29,3,2,1,0
Golf6,4,PRRR,49,30,3,6,4,0
Golf6,4,PRRR,49,31,4,2,1,0
Golf6,4,PRRR,49,32,4,6,5,0
Golf6,4,PRRR,49,33,1,2,1,595
Golf6,4,PRRR,49,34,1,6,3,1606
Golf6,4,PRRR,49,35,2,2,2,0
Golf6,4,PRRR,49,36,2,7,6,0
Golf6,4,PRRR,49,37,3,2,2,0
Golf6,4,PRRR,49,38,3,7,7,0
Golf6,4,PRRR,49,39,4,2,1,0
Golf6,4,PRRR,49,40,4,6,3,0
Golf6,4,PRRR,49,41,1,2,1,451
Golf6,4,PRRR,49,42,1,6,6,1205
Golf6,4,PRRR,50,1,1,6,3,3420
Golf6,4,PRRR,50,2,1,5,1,2828
Golf6,4,PRRR,50,3,2,6,5,0
Golf6,4,PRRR,50,4,2,5,5,0
Golf6,4,PRRR,50,5,3,6,6,0
Golf6,4,PRRR,50,6,3,5,5,0
Golf6,4,PRRR,50,7,4,6,4,0
Golf6,4,PRRR,50,8,4,5,5,0
Golf6,4,PRRR,50,9,1,2,2,1094
Golf6,4,PRRR,50,10,1,7,7,3604
Golf6,4,PRRR,50,11,2,2,2,0
Golf6,4,PRRR,50,12,2,7,5,0
Golf6,4,PRRR,50,13,3,2,1,0
Golf6,4,PRRR,50,14,3,6,6,0
Golf6,4,PRRR,50,15,4,2,1,0
Golf6,4,PRRR,50,16,4,6,5,0
Golf6,4,PRRR,50,17,1,2,2,949
Golf6,4,PRRR,50,18,1,7,1,3083
Golf6,4,PRRR,50,19,2,2,1,0
Golf6,4,PRRR,50,20,2,6,4,0
Golf6,4,PRRR,50,21,3,2,1,0
Golf6,4,PRRR,50,22,3,6,3,0
Golf6,4,PRRR,50,23,4,2,2,0
Golf6,4,PRRR,50,24,4,7,4,0
Golf6,4,PRRR,50,25,1,2,2,829
Golf6,4,PRRR,50,26,1,7,1,2668
Golf6,4,PRRR,50,27,2,2,1,0
Golf6,4,PRRR,50,28,2,6,5,0
Golf6,4,PRRR,50,29,3,2,2,0
Golf6,4,PRRR,50,30,3,7,6,0
Golf6,4,PRRR,50,31,4,2,2,0
Golf6,4,PRRR,50,32,4,7,3,0
Golf6,4,PRRR,50,33,1,2,2,677
Golf6,4,PRRR,50,34,1,7,7,2168
Golf6,4,PRRR,50,35,2,2,1,0
Golf6,4,PRRR,50,36,2,6,2,0
Golf6,4,PRRR,50,37,3,2,1,0
Golf6,4,PRRR,50,38,3,6,5,0
Golf6,4,PRRR,50,39,4,2,1,0
Golf6,4,PRRR,50,40,4,6,1,0
Golf6,4,PRRR,51,1,1,6,1,3494
Golf6,4,PRRR,51,2,1,5,3,2916
Golf6,4,PRRR,51,3,2,6,6,0
Golf6,4,PRRR,51,4,2,5,1,0
Golf6,4,PRRR,51,5,3,6,6,0
Golf6,4,PRRR,51,6,3,5,4,0
Golf6,4,PRRR,51,7,4,6,5,0
Golf6,4,PRRR,51,8,4,5,5,0
Golf6,4,PRRR,51,9,1,2,1,1144
Golf6,4,PRRR,51,10,1,6,6,3153
Golf6,4,PRRR,51,11,2,2,2,0
Golf6,4,PRRR,51,12,2,7,3,0
Golf6,4,PRRR,51,13,3,2,2,0
Golf6,4,PRRR,51,14,3,7,6,0
Golf6,4,PRRR,51,15,4,2,1,0
Golf6,4,PRRR,51,16,4,6,2,0
Golf6,4,PRRR,51,17,1,2,1,904
Golf6,4,PRRR,51,18,1,6,5,2552
Golf6,4,PRRR,51,19,2,2,2,0
Golf6,4,PRRR,51,20,2,7,3,0
Golf6,4,PRRR,51,21,3,2,2,0
Golf6,4,PRRR,51,22,3,7,2,0
Golf6,4,PRRR,51,23,4,2,2,0
Golf6,4,PRRR,51,24,4,7,3,0
Golf6,4,PRRR,51,25,1,2,2,774
Golf6,4,PRRR,51,26,1,7,4,2492
Golf6,4,PRRR,51,27,2,2,2,0
Golf6,4,PRRR,51,28,2,7,5,0
Golf6,4,PRRR,51,29,3,2,1,0
Golf6,4,PRRR,51,30,3,6,4,0
Golf6,4,PRRR,51,31,4,2,2,0
Golf6,4,PRRR,51,32,4,7,6,0
Golf6,4,PRRR,51,33,1,2,1,556
Golf6,4,PRRR,51,34,1,6,2,1518
Golf6,4,PRRR,52,1,1,6,6,3446
Golf6,4,PRRR,52,2,1,5,4,2831
Golf6,4,PRRR,52,3,2,6,2,0
Golf6,4,PRRR,52,4,2,5,4,0
Golf6,4,PRRR,52,5,3,6,2,0
Golf6,4,PRRR,52,6,3,5,1,0
Golf6,4,PRRR,52,7,4,6,4,0
Golf6,4,PRRR,52,8,4,5,4,0
Golf6,4,PRRR,52,9,1,2,2,1124
Golf6,4,PRRR,52,10,1,7,2,3690
Golf6,4,PRRR,52,11,2,2,1,0
Golf6,4,PRRR,52,12,2,6,5,0
Golf6,4,PRRR,52,13,3,2,1,0
Golf6,4,PRRR,52,14,3,6,5,0
Golf6,4,PRRR,52,15,4,2,1,0
Golf6,4,PRRR,52,16,4,6,3,0
Golf6,4,PRRR,52,17,1,2,2,974
Golf6,4,PRRR,52,18,1,7,2,3273
Golf6,4,PRRR,52,19,2,2,2,0
Golf6,4,PRRR,52,20,2,7,6,0
Golf6,4,PRRR,52,21,3,2,1,0
Golf6,4,PRRR,52,22,3,6,5,0
Golf6,4,PRRR,52,23,4,2,1,0
Golf6,4,PRRR,52,24,4,6,5,0
Golf6,4,PRRR,52,25,1,2,2,1137
Golf6,4,PRRR,52,26,1,7,6,6166
Golf6,4,PRRR,52,27,2,2,2,0
Golf6,4,PRRR,52,28,2,7,2,0
Golf6,4,PRRR,52,29,3,2,2,0
Golf6,4,PRRR,52,30,3,7,2,0
Golf6,4,PRRR,52,31,4,2,1,0
Golf6,4,PRRR,52,32,4,6,5,0
Golf6,4,PRRR,52,33,1,2,2,946
Golf6,4,PRRR,52,34,1,7,4,2970
Golf6,4,PRRR,52,35,2,2,2,0
Golf6,4,PRRR,52,36,2,7,3,0
Golf6,4,PRRR,52,37,3,2,1,0
Golf6,4,PRRR,52,38,3,6,3,0
Golf6,4,PRRR,52,39,4,2,1,0
Golf6,4,PRRR,52,40,4,6,3,0
Golf6,4,PRRR,52,41,1,2,2,683
Golf6,4,PRRR,52,42,1,7,3,1995
Golf6,4,PRRR,53,1,1,6,6,3451
Golf6,4,PRRR,53,2,1,5,4,2918
Golf6,4,PRRR,53,3,2,6,5,0
Golf6,4,PRRR,53,4,2,5,2,0
Golf6,4,PRRR,53,5,3,6,1,0
Golf6,4,PRRR,53,6,3,5,1,0
Golf6,4,PRRR,53,7,4,6,5,0
Golf6,4,PRRR,53,8,4,5,4,0
Golf6,4,PRRR,53,9,1,2,1,1144
Golf6,4,PRRR,53,10,1,6,6,3082
Golf6,4,PRRR,53,11,2,2,1,0
Golf6,4,PRRR,53,12,2,6,1,0
Golf6,4,PRRR,53,13,3,2,1,0
Golf6,4,PRRR,53,14,3,6,1,0
Golf6,4,PRRR,53,15,4,2,2,0
Golf6,4,PRRR,53,16,4,7,6,0
Golf6,4,PRRR,53,17,1,2,1,1053
Golf6,4,PRRR,53,18,1,6,3,2916
Golf6,4,PRRR,53,19,2,2,2,0
Golf6,4,PRRR,53,20,2,7,2,0
Golf6,4,PRRR,53,21,3,2,2,0
Golf6,4,PRRR,53,22,3,7,6,0
Golf6,4,PRRR,53,23,4,2,1,0
Golf6,4,PRRR,53,24,4,6,3,0
Golf6,4,PRRR,53,25,1,2,2,908
Golf6,4,PRRR,53,26,1,7,1,2928
Golf6,4,PRRR,53,27,2,2,1,0
Golf6,4,PRRR,53,28,2,6,5,0
Golf6,4,PRRR,53,29,3,2,1,0
Golf6,4,PRRR,53,30,3,6,4,0
Golf6,4,PRRR,53,31,4,2,1,0
Golf6,4,PRRR,53,32,4,6,5,0
Golf6,4,PRRR,53,33,1,2,1,834
Golf6,4,PRRR,53,34,1,6,2,2308
Golf6,4,PRRR,53,35,2,2,1,0
Golf6,4,PRRR,53,36,2,6,4,0
Golf6,4,PRRR,53,37,3,2,2,0
Golf6,4,PRRR,53,38,3,7,5,0
Golf6,4,PRRR,53,39,4,2,2,0
Golf6,4,PRRR,53,40,4,7,5,0
Golf6,4,PRRR,53,41,1,2,2,702
Golf6,4,PRRR,53,42,1,7,1,2263
Golf6,4,PRRR,53,43,2,2,1,0
Golf6,4,PRRR,53,44,2,6,4,0
Golf6,4,PRRR,53,45,3,2,2,0
Golf6,4,PRRR,53,46,3,7,4,0
Golf6,4,PRRR,53,47,4,2,2,0
Golf6,4,PRRR,53,48,4,7,3,0
Golf6,4,PRRR,53,49,1,2,2,536
Golf6,4,PRRR,53,50,1,7,1,1733
Golf6,4,PRRR,53,51,2,2,2,0
Golf6,4,PRRR,53,52,2,7,2,0
Golf6,4,PRRR,53,53,3,2,1,0
Golf6,4,PRRR,53,54,3,6,5,0
Golf6,4,PRRR,53,55,4,2,1,0
Golf6,4,PRRR,53,56,4,6,3,0
Golf6,4,PRRR,53,57,1,2,2,539
Golf6,4,PRRR,53,58,1,7,2,1744
Golf6,4,PRRR,53,59,2,2,2,0
Golf6,4,PRRR,53,60,2,7,7,0
Golf6,4,PRRR,53,61,3,2,2,0
Golf6,4,PRRR,53,62,3,7,5,0
Golf6,4,PRRR,53,63,4,2,1,0
Golf6,4,PRRR,53,64,4,6,5,0
Golf6,4,PRRR,53,65,1,2,2,409
Golf6,4,PRRR,53,66,1,7,6,1209
Golf6,4,PRRR,54,1,1,6,3,3391
Golf6,4,PRRR,54,2,1,5,1,2835
Golf6,4,PRRR,54,3,2,6,6,0
Golf6,4,PRRR,54,4,2,5,5,0
Golf6,4,PRRR,54,5,3,6,2,0
Golf6,4,PRRR,54,6,3,5,2,0
Golf6,4,PRRR,54,7,4,6,5,0
Golf6,4,PRRR,54,8,4,5,5,0
Golf6,4,PRRR,54,9,1,2,1,1105
Golf6,4,PRRR,54,10,1,6,5,3093
Golf6,4,PRRR,54,11,2,2,1,0
Golf6,4,PRRR,54,12,2,6,1,0
Golf6,4,PRRR,54,13,3,2,1,0
Golf6,4,PRRR,54,14,3,6,5,0
Golf6,4,PRRR,54,15,4,2,2,0
Golf6,4,PRRR,54,16,4,7,7,0
Golf6,4,PRRR,54,17,1,2,2,948
Golf6,4,PRRR,54,18,1,7,3,3079
Golf6,4,PRRR,54,19,2,2,1,0
Golf6,4,PRRR,54,20,2,6,1,0
Golf6,4,PRRR,54,21,3,2,1,0
Golf6,4,PRRR,54,22,3,6,3,0
Golf6,4,PRRR,54,23,4,2,1,0
Golf6,4,PRRR,54,24,4,6,2,0
Golf6,4,PRRR,54,25,1,2,1,839
Golf6,4,PRRR,54,26,1,6,6,2297
Golf6,4,PRRR,54,27,2,2,1,0
Golf6,4,PRRR,54,28,2,6,3,0
Golf6,4,PRRR,54,29,3,2,1,0
Golf6,4,PRRR,54,30,3,6,6,0
Golf6,4,PRRR,54,31,4,2,1,0
Golf6,4,PRRR,54,32,4,6,6,0
Golf6,4,PRRR,54,33,1,2,1,564
Golf6,4,PRRR,54,34,1,6,4,1506
Golf6,4,PRRR,55,1,1,6,2,3402
Golf6,4,PRRR,55,2,1,5,3,2826
Golf6,4,PRRR,55,3,2,6,5,0
Golf6,4,PRRR,55,4,2,5,2,0
Golf6,4,PRRR,55,5,3,6,3,0
Golf6,4,PRRR,55,6,3,5,2,0
Golf6,4,PRRR,55,7,4,6,6,0
Golf6,4,PRRR,55,8,4,5,1,0
Golf6,4,PRRR,55,9,1,2,1,1099
Golf6,4,PRRR,55,10,1,6,6,3106
Golf6,4,PRRR,55,11,2,2,1,0
Golf6,4,PRRR,55,12,2,6,5,0
Golf6,4,PRRR,55,13,3,2,1,0
Golf6,4,PRRR,55,14,3,6,4,0
Golf6,4,PRRR,55,15,4,2,1,0
Golf6,4,PRRR,55,16,4,6,2,0
Golf6,4,PRRR,55,17,1,2,1,966
Golf6,4,PRRR,55,18,1,6,5,2770
Golf6,4,PRRR,55,19,2,2,1,0
Golf6,4,PRRR,55,20,2,6,1,0
Golf6,4,PRRR,55,21,3,2,2,0
Golf6,4,PRRR,55,22,3,7,6,0
Golf6,4,PRRR,55,23,4,2,1,0
Golf6,4,PRRR,55,24,4,6,2,0
Golf6,4,PRRR,55,25,1,2,1,779
Golf6,4,PRRR,55,26,1,6,1,2188
Golf6,4,PRRR,55,27,2,2,1,0
Golf6,4,PRRR,55,28,2,6,1,0
Golf6,4,PRRR,55,29,3,2,2,0
Golf6,4,PRRR,55,30,3,7,6,0
Golf6,4,PRRR,55,31,4,2,2,0
Golf6,4,PRRR,55,32,4,7,5,0
Golf6,4,PRRR,55,33,1,2,2,607
Golf6,4,PRRR,55,34,1,7,4,1866
Golf6,4,PRRR,56,1,1,6,4,3423
Golf6,4,PRRR,56,2,1,5,5,2849
Golf6,4,PRRR,56,3,2,6,6,0
Golf6,4,PRRR,56,4,2,5,1,0
Golf6,4,PRRR,56,5,3,6,1,0
Golf6,4,PRRR,56,6,3,5,5,0
Golf6,4,PRRR,56,7,4,6,4,0
Golf6,4,PRRR,56,8,4,5,5,0
Golf6,4,PRRR,56,9,1,2,2,1126
Golf6,4,PRRR,56,10,1,7,6,3627
Golf6,4,PRRR,56,11,2,2,1,0
Golf6,4,PRRR,56,12,2,6,5,0
Golf6,4,PRRR,56,13,3,2,2,0
Golf6,4,PRRR,56,14,3,7,2,0
Golf6,4,PRRR,56,15,4,2,1,0
Golf6,4,PRRR,56,16,4,6,4,0
Golf6,4,PRRR,56,17,1,2,1,985
Golf6,4,PRRR,56,18,1,6,1,2745
Golf6,4,PRRR,56,19,2,2,1,0
Golf6,4,PRRR,56,20,2,6,1,0
Golf6,4,PRRR,56,21,3,2,1,0
Golf6,4,PRRR,56,22,3,6,3,0
Golf6,4,PRRR,56,23,4,2,1,0
Golf6,4,PRRR,56,24,4,6,5,0
Golf6,4,PRRR,56,25,1,2,2,879
Golf6,4,PRRR,56,26,1,7,4,2694
Golf6,4,PRRR,56,27,2,2,1,0
Golf6,4,PRRR,56,28,2,6,3,0
Golf6,4,PRRR,56,29,3,2,2,0
Golf6,4,PRRR,56,30,3,7,5,0
Golf6,4,PRRR,56,31,4,2,2,0
Golf6,4,PRRR,56,32,4,7,6,0
Golf6,4,PRRR,56,33,1,2,1,578
Golf6,4,PRRR,56,34,1,6,2,1519
Golf6,4,PRRR,57,1,1,6,6,3499
Golf6,4,PRRR,57,2,1,5,3,2871
Golf6,4,PRRR,57,3,2,6,2,0
Golf6,4,PRRR,57,4,2,5,1,0
Golf6,4,PRRR,57,5,3,6,3,0
Golf6,4,PRRR,57,6,3,5,1,0
Golf6,4,PRRR,57,7,4,6,3,0
Golf6,4,PRRR,57,8,4,5,5,0
Golf6,4,PRRR,57,9,1,2,1,1118
Golf6,4,PRRR,57,10,1,6,2,3392
Golf6,4,PRRR,57,11,2,2,2,0
Golf6,4,PRRR,57,12,2,7,5,0
Golf6,4,PRRR,57,13,3,2,2,0
Golf6,4,PRRR,57,14,3,7,7,0
Golf6,4,PRRR,57,15,4,2,2,0
Golf6,4,PRRR,57,16,4,7,4,0
Golf6,4,PRRR,57,17,1,2,2,1106
Golf6,4,PRRR,57,18,1,7,5,7178
Golf6,4,PRRR,57,19,2,2,2,0
Golf6,4,PRRR,57,20,2,7,6,0
Golf6,4,PRRR,57,21,3,2,1,0
Golf6,4,PRRR,57,22,3,6,1,0
Golf6,4,PRRR,57,23,4,2,2,0
Golf6,4,PRRR,57,24,4,7,6,0
Golf6,4,PRRR,57,25,1,2,2,873
Golf6,4,PRRR,57,26,1,7,3,2867
Golf6,4,PRRR,57,27,2,2,1,0
Golf6,4,PRRR,57,28,2,6,1,0
Golf6,4,PRRR,57,29,3,2,1,0
Golf6,4,PRRR,57,30,3,6,5,0
Golf6,4,PRRR,57,31,4,2,1,0
Golf6,4,PRRR,57,32,4,6,5,0
Golf6,4,PRRR,57,33,1,2,1,792
Golf6,4,PRRR,57,34,1,6,2,2095
Golf6,4,PRRR,57,35,2,2,2,0
Golf6,4,PRRR,57,36,2,7,1,0
Golf6,4,PRRR,57,37,3,2,2,0
Golf6,4,PRRR,57,38,3,7,6,0
Golf6,4,PRRR,57,39,4,2,1,0
Golf6,4,PRRR,57,40,4,6,4,0
Golf6,4,PRRR,57,41,1,2,1,696
Golf6,4,PRRR,57,42,1,6,1,1989
Golf6,4,PRRR,57,43,2,2,2,0
Golf6,4,PRRR,57,44,2,7,2,0
Golf6,4,PRRR,57,45,3,2,2,0
Golf6,4,PRRR,57,46,3,7,6,0
Golf6,4,PRRR,57,47,4,2,1,0
Golf6,4,PRRR,57,48,4,6,6,0
Golf6,4,PRRR,57,49,1,2,1,573
Golf6,4,PRRR,57,50,1,6,5,1493
Golf6,4,PRRR,58,1,1,6,3,3526
Golf6,4,PRRR,58,2,1,5,4,2848
Golf6,4,PRRR,58,3,2,6,1,0
Golf6,4,PRRR,58,4,2,5,2,0
Golf6,4,PRRR,58,5,3,6,5,0
Golf6,4,PRRR,58,6,3,5,1,0
Golf6,4,PRRR,58,7,4,6,1,0
Golf6,4,PRRR,58,8,4,5,3,0
Golf6,4,PRRR,58,9,1,2,1,1104
Golf6,4,PRRR,58,10,1,6,5,3115
Golf6,4,PRRR,58,11,2,2,1,0
Golf6,4,PRRR,58,12,2,6,4,0
Golf6,4,PRRR,58,13,3,2,1,0
Golf6,4,PRRR,58,14,3,6,4,0
Golf6,4,PRRR,58,15,4,2,2,0
Golf6,4,PRRR,58,16,4,7,3,0
Golf6,4,PRRR,58,17,1,2,2,970
Golf6,4,PRRR,58,18,1,7,7,3190
Golf6,4,PRRR,58,19,2,2,2,0
Golf6,4,PRRR,58,20,2,7,7,0
Golf6,4,PRRR,58,21,3,2,1,0
Golf6,4,PRRR,58,22,3,6,6,0
Golf6,4,PRRR,58,23,4,2,2,0
Golf6,4,PRRR,58,24,4,7,5,0
Golf6,4,PRRR,58,25,1,2,2,802
Golf6,4,PRRR,58,26,1,7,1,2576
Golf6,4,PRRR,58,27,2,2,2,0
Golf6,4,PRRR,58,28,2,7,4,0
Golf6,4,PRRR,58,29,3,2,1,0
Golf6,4,PRRR,58,30,3,6,2,0
Golf6,4,PRRR,58,31,4,2,2,0
Golf6,4,PRRR,58,32,4,7,2,0
Golf6,4,PRRR,58,33,1,2,1,629
Golf6,4,PRRR,58,34,1,6,6,1712
Golf6,4,PRRR,58,35,2,2,1,0
Golf6,4,PRRR,58,36,2,6,3,0
Golf6,4,PRRR,58,37,3,2,1,0
Golf6,4,PRRR,58,38,3,6,6,0
Golf6,4,PRRR,58,39,4,2,1,0
Golf6,4,PRRR,58,40,4,6,5,0
Golf6,4,PRRR,58,41,1,2,1,590
Golf6,4,PRRR,58,42,1,6,1,1587
Golf6,4,PRRR,58,43,2,2,1,0
Golf6,4,PRRR,58,44,2,6,1,0
Golf6,4,PRRR,58,45,3,2,2,0
Golf6,4,PRRR,58,46,3,7,7,0
Golf6,4,PRRR,58,47,4,2,1,0
Golf6,4,PRRR,58,48,4,6,1,0
Golf6,4,PRRR,58,49,1,2,1,555
Golf6,4,PRRR,58,50,1,6,2,1497
Golf6,4,PRRR,58,51,2,2,2,0
Golf6,4,PRRR,58,52,2,7,7,0
Golf6,4,PRRR,58,53,3,2,2,0
Golf6,4,PRRR,58,54,3,7,5,0
Golf6,4,PRRR,58,55,4,2,1,0
Golf6,4,PRRR,58,56,4,6,4,0
Golf6,4,PRRR,58,57,1,2,2,469
Golf6,4,PRRR,58,58,1,7,5,1426
Golf6,4,PRRR,59,1,1,6,3,3427
Golf6,4,PRRR,59,2,1,5,4,2876
Golf6,4,PRRR,59,3,2,6,4,0
Golf6,4,PRRR,59,4,2,5,5,0
Golf6,4,PRRR,59,5,3,6,5,0
Golf6,4,PRRR,59,6,3,5,4,0
Golf6,4,PRRR,59,7,4,6,5,0
Golf6,4,PRRR,59,8,4,5,1,0
Golf6,4,PRRR,59,9,1,2,1,1119
Golf6,4,PRRR,59,10,1,6,3,3061
Golf6,4,PRRR,59,11,2,2,2,0
Golf6,4,PRRR,59,12,2,7,1,0
Golf6,4,PRRR,59,13,3,2,2,0
Golf6,4,PRRR,59,14,3,7,5,0
Golf6,4,PRRR,59,15,4,2,2,0
Golf6,4,PRRR,59,16,4,7,5,0
Golf6,4,PRRR,59,17,1,2,2,1038
Golf6,4,PRRR,59,18,1,7,1,3410
Golf6,4,PRRR,59,19,2,2,2,0
Golf6,4,PRRR,59,20,2,7,5,0
Golf6,4,PRRR,59,21,3,2,1,0
Golf6,4,PRRR,59,22,3,6,4,0
Golf6,4,PRRR,59,23,4,2,2,0
Golf6,4,PRRR,59,24,4,7,5,0
Golf6,4,PRRR,59,25,1,2,1,1035
Golf6,4,PRRR,59,26,1,6,3,2954
Golf6,4,PRRR,59,27,2,2,2,0
Golf6,4,PRRR,59,28,2,7,4,0
Golf6,4,PRRR,59,29,3,2,1,0
Golf6,4,PRRR,59,30,3,6,5,0
Golf6,4,PRRR,59,31,4,2,2,0
Golf6,4,PRRR,59,32,4,7,4,0
Golf6,4,PRRR,59,33,1,2,1,907
Golf6,4,PRRR,59,34,1,6,6,2509
Golf6,4,PRRR,59,35,2,2,1,0
Golf6,4,PRRR,59,36,2,6,3,0
Golf6,4,PRRR,59,37,3,2,2,0
Golf6,4,PRRR,59,38,3,7,3,0
Golf6,4,PRRR,59,39,4,2,1,0
Golf6,4,PRRR,59,40,4,6,4,0
Golf6,4,PRRR,59,41,1,2,2,841
Golf6,4,PRRR,59,42,1,7,1,2689
Golf6,4,PRRR,59,43,2,2,2,0
Golf6,4,PRRR,59,44,2,7,7,0
Golf6,4,PRRR,59,45,3,2,1,0
Golf6,4,PRRR,59,46,3,6,3,0
Golf6,4,PRRR,59,47,4,2,1,0
Golf6,4,PRRR,59,48,4,6,1,0
Golf6,4,PRRR,59,49,1,2,1,752
Golf6,4,PRRR,59,50,1,6,2,2166
Golf6,4,PRRR,59,51,2,2,1,0
Golf6,4,PRRR,59,52,2,6,1,0
Golf6,4,PRRR,59,53,3,2,1,0
Golf6,4,PRRR,59,54,3,6,1,0
Golf6,4,PRRR,59,55,4,2,2,0
Golf6,4,PRRR,59,56,4,7,3,0
Golf6,4,PRRR,59,57,1,2,2,477
Golf6,4,PRRR,59,58,1,7,3,1460
Golf6,4,PRRR,59,59,2,2,2,0
Golf6,4,PRRR,59,60,2,7,3,0
Golf6,4,PRRR,59,61,3,2,2,0
Golf6,4,PRRR,59,62,3,7,4,0
Golf6,4,PRRR,59,63,4,2,2,0
Golf6,4,PRRR,59,64,4,7,1,0
Golf6,4,PRRR,59,65,1,2,1,395
Golf6,4,PRRR,59,66,1,6,3,1055
Golf6,4,PRRR,59,67,2,2,2,0
Golf6,4,PRRR,59,68,2,7,2,0
Golf6,4,PRRR,59,69,3,2,1,0
Golf6,4,PRRR,59,70,3,6,1,0
Golf6,4,PRRR,59,71,4,2,2,0
Golf6,4,PRRR,59,72,4,7,7,0
Golf6,4,PRRR,60,1,1,6,4,3474
Golf6,4,PRRR,60,2,1,5,2,2840
Golf6,4,PRRR,60,3,2,6,1,0
Golf6,4,PRRR,60,4,2,5,4,0
Golf6,4,PRRR,60,5,3,6,1,0
Golf6,4,PRRR,60,6,3,5,5,0
Golf6,4,PRRR,60,7,4,6,3,0
Golf6,4,PRRR,60,8,4,5,3,0
Golf6,4,PRRR,60,9,1,2,1,1101
Golf6,4,PRRR,60,10,1,6,4,3170
Golf6,4,PRRR,60,11,2,2,2,0
Golf6,4,PRRR,60,12,2,7,2,0
Golf6,4,PRRR,60,13,3,2,2,0
Golf6,4,PRRR,60,14,3,7,1,0
Golf6,4,PRRR,60,15,4,2,2,0
Golf6,4,PRRR,60,16,4,7,7,0
Golf6,4,PRRR,60,17,1,2,2,1062
Golf6,4,PRRR,60,18,1,7,4,3714
Golf6,4,PRRR,60,19,2,2,1,0
Golf6,4,PRRR,60,20,2,6,6,0
Golf6,4,PRRR,60,21,3,2,2,0
Golf6,4,PRRR,60,22,3,7,6,0
Golf6,4,PRRR,60,23,4,2,2,0
Golf6,4,PRRR,60,24,4,7,4,0
Golf6,4,PRRR,60,25,1,2,1,1103
Golf6,4,PRRR,60,26,1,6,5,6212
Golf6,4,PRRR,60,27,2,2,1,0
Golf6,4,PRRR,60,28,2,6,6,0
Golf6,4,PRRR,60,29,3,2,2,0
Golf6,4,PRRR,60,30,3,7,6,0
Golf6,4,PRRR,60,31,4,2,2,0
Golf6,4,PRRR,60,32,4,7,7,0
Golf6,4,PRRR,60,33,1,2,1,1281
Golf6,4,PRRR,60,34,1,6,1,2381
Golf6,4,PRRR,60,35,2,2,1,0
Golf6,4,PRRR,60,36,2,6,1,0
Golf6,4,PRRR,60,37,3,2,2,0
Golf6,4,PRRR,60,38,3,7,2,0
Golf6,4,PRRR,60,39,4,2,2,0
Golf6,4,PRRR,60,40,4,7,1,0
Golf6,4,PRRR,60,41,1,2,1,702
Golf6,4,PRRR,60,42,1,6,6,1869
Golf6,4,PRRR,61,1,1,6,5,3534
Golf6,4,PRRR,61,2,1,5,3,2826
Golf6,4,PRRR,61,3,2,6,5,0
Golf6,4,PRRR,61,4,2,5,1,0
Golf6,4,PRRR,61,5,3,6,4,0
Golf6,4,PRRR,61,6,3,5,3,0
Golf6,4,PRRR,61,7,4,6,5,0
Golf6,4,PRRR,61,8,4,5,3,0
Golf6,4,PRRR,61,9,1,2,1,1097
Golf6,4,PRRR,61,10,1,6,3,3075
Golf6,4,PRRR,61,11,2,2,1,0
Golf6,4,PRRR,61,12,2,6,5,0
Golf6,4,PRRR,61,13,3,2,2,0
Golf6,4,PRRR,61,14,3,7,4,0
Golf6,4,PRRR,61,15,4,2,1,0
Golf6,4,PRRR,61,16,4,6,1,0
Golf6,4,PRRR,61,17,1,2,2,1061
Golf6,4,PRRR,61,18,1,7,6,3423
Golf6,4,PRRR,61,19,2,2,2,0
Golf6,4,PRRR,61,20,2,7,6,0
Golf6,4,PRRR,61,21,3,2,2,0
Golf6,4,PRRR,61,22,3,7,2,0
Golf6,4,PRRR,61,23,4,2,2,0
Golf6,4,PRRR,61,24,4,7,6,0
Golf6,4,PRRR,61,25,1,2,2,994
Golf6,4,PRRR,61,26,1,7,3,3200
Golf6,4,PRRR,61,27,2,2,2,0
Golf6,4,PRRR,61,28,2,7,5,0
Golf6,4,PRRR,61,29,3,2,1,0
Golf6,4,PRRR,61,30,3,6,2,0
Golf6,4,PRRR,61,31,4,2,1,0
Golf6,4,PRRR,61,32,4,6,2,0
Golf6,4,PRRR,61,33,1,2,2,765
Golf6,4,PRRR,61,34,1,7,1,2487
Golf6,4,PRRR,61,35,2,2,2,0
Golf6,4,PRRR,61,36,2,7,6,0
Golf6,4,PRRR,61,37,3,2,1,0
Golf6,4,PRRR,61,38,3,6,4,0
Golf6,4,PRRR,61,39,4,2,2,0
Golf6,4,PRRR,61,40,4,7,2,0
Golf6,4,PRRR,61,41,1,2,1,758
Golf6,4,PRRR,61,42,1,6,6,2154
Golf6,4,PRRR,61,43,2,2,2,0
Golf6,4,PRRR,61,44,2,7,1,0
Golf6,4,PRRR,61,45,3,2,1,0
Golf6,4,PRRR,61,46,3,6,4,0
Golf6,4,PRRR,61,47,4,2,1,0
Golf6,4,PRRR,61,48,4,6,4,0
Golf6,4,PRRR,61,49,1,2,1,596
Golf6,4,PRRR,61,50,1,6,1,1596
Golf6,4,PRRR,61,51,2,2,1,0
Golf6,4,PRRR,61,52,2,6,3,0
Golf6,4,PRRR,61,53,3,2,1,0
Golf6,4,PRRR,61,54,3,6,4,0
Golf6,4,PRRR,61,55,4,2,2,0
Golf6,4,PRRR,61,56,4,7,3,0
Golf6,4,PRRR,61,57,1,2,2,444
Golf6,4,PRRR,61,58,1,7,5,1414
Golf6,4,PRRR,62,1,1,6,1,3403
Golf6,4,PRRR,62,2,1,5,1,2822
Golf6,4,PRRR,62,3,2,6,2,0
Golf6,4,PRRR,62,4,2,5,5,0
Golf6,4,PRRR,62,5,3,6,1,0
Golf6,4,PRRR,62,6,3,5,4,0
Golf6,4,PRRR,62,7,4,6,6,0
Golf6,4,PRRR,62,8,4,5,5,0
Golf6,4,PRRR,62,9,1,2,2,1095
Golf6,4,PRRR,62,10,1,7,1,3606
Golf6,4,PRRR,62,11,2,2,1,0
Golf6,4,PRRR,62,12,2,6,3,0
Golf6,4,PRRR,62,13,3,2,1,0
Golf6,4,PRRR,62,14,3,6,4,0
Golf6,4,PRRR,62,15,4,2,2,0
Golf6,4,PRRR,62,16,4,7,3,0
Golf6,4,PRRR,62,17,1,2,1,933
Golf6,4,PRRR,62,18,1,6,1,2658
Golf6,4,PRRR,62,19,2,2,1,0
Golf6,4,PRRR,62,20,2,6,1,0
Golf6,4,PRRR,62,21,3,2,1,0
Golf6,4,PRRR,62,22,3,6,3,0
Golf6,4,PRRR,62,23,4,2,1,0
Golf6,4,PRRR,62,24,4,6,3,0
Golf6,4,PRRR,62,25,1,2,1,749
Golf6,4,PRRR,62,26,1,6,5,2025
Golf6,4,PRRR,62,27,2,2,2,0
Golf6,4,PRRR,62,28,2,7,6,0
Golf6,4,PRRR,62,29,3,2,1,0
Golf6,4,PRRR,62,30,3,6,3,0
Golf6,4,PRRR,62,31,4,2,2,0
Golf6,4,PRRR,62,32,4,7,6,0
Golf6,4,PRRR,62,33,1,2,2,574
Golf6,4,PRRR,62,34,1,7,7,1845
Golf6,4,PRRR,62,35,2,2,1,0
Golf6,4,PRRR,62,36,2,6,1,0
Golf6,4,PRRR,62,37,3,2,1,0
Golf6,4,PRRR,62,38,3,6,2,0
Golf6,4,PRRR,62,39,4,2,2,0
Golf6,4,PRRR,62,40,4,7,5,0
Golf6,4,PRRR,62,41,1,2,1,410
Golf6,4,PRRR,62,42,1,6,3,1068
Golf6,4,PRRR,62,43,2,2,1,0
Golf6,4,PRRR,62,44,2,6,3,0
Golf6,4,PRRR,62,45,3,2,2,0
Golf6,4,PRRR,62,46,3,7,7,0
Golf6,4,PRRR,63,1,1,6,4,3386
Golf6,4,PRRR,63,2,1,5,3,2817
Golf6,4,PRRR,63,3,2,6,3,0
Golf6,4,PRRR,63,4,2,5,4,0
Golf6,4,PRRR,63,5,3,6,3,0
Golf6,4,PRRR,63,6,3,5,2,0
Golf6,4,PRRR,63,7,4,6,3,0
Golf6,4,PRRR,63,8,4,5,4,0
Golf6,4,PRRR,63,9,1,2,1,1101
Golf6,4,PRRR,63,10,1,6,1,3095
Golf6,4,PRRR,63,11,2,2,2,0
Golf6,4,PRRR,63,12,2,7,5,0
Golf6,4,PRRR,63,13,3,2,1,0
Golf6,4,PRRR,63,14,3,6,5,0
Golf6,4,PRRR,63,15,4,2,2,0
Golf6,4,PRRR,63,16,4,7,3,0
Golf6,4,PRRR,63,17,1,2,1,898
Golf6,4,PRRR,63,18,1,6,3,2515
Golf6,4,PRRR,63,19,2,2,2,0
Golf6,4,PRRR,63,20,2,7,3,0
Golf6,4,PRRR,63,21,3,2,1,0
Golf6,4,PRRR,63,22,3,6,4,0
Golf6,4,PRRR,63,23,4,2,1,0
Golf6,4,PRRR,63,24,4,6,1,0
Golf6,4,PRRR,63,25,1,2,1,714
Golf6,4,PRRR,63,26,1,6,6,1997
Golf6,4,PRRR,63,27,2,2,1,0
Golf6,4,PRRR,63,28,2,6,2,0
Golf6,4,PRRR,63,29,3,2,1,0
Golf6,4,PRRR,63,30,3,6,2,0
Golf6,4,PRRR,63,31,4,2,2,0
Golf6,4,PRRR,63,32,4,7,2,0
Golf6,4,PRRR,63,33,1,2,2,640
Golf6,4,PRRR,63,34,1,7,1,2102
Golf6,4,PRRR,63,35,2,2,1,0
Golf6,4,PRRR,63,36,2,6,4,0
Golf6,4,PRRR,63,37,3,2,1,0
Golf6,4,PRRR,63,38,3,6,3,0
Golf6,4,PRRR,63,39,4,2,1,0
Golf6,4,PRRR,63,40,4,6,6,0
Golf6,4,PRRR,63,41,1,2,2,551
Golf6,4,PRRR,63,42,1,7,6,1759
Golf6,4,PRRR,63,43,2,2,2,0
Golf6,4,PRRR,63,44,2,7,1,0
Golf6,4,PRRR,63,45,3,2,1,0
Golf6,4,PRRR,63,46,3,6,6,0
Golf6,4,PRRR,63,47,4,2,2,0
Golf6,4,PRRR,63,48,4,7,7,0
Golf6,4,PRRR,63,49,1,2,1,392
Golf6,4,PRRR,63,50,1,6,2,1029
Golf6,4,PRRR,64,1,1,6,5,3400
Golf6,4,PRRR,64,2,1,5,3,2818
Golf6,4,PRRR,64,3,2,6,1,0
Golf6,4,PRRR,64,4,2,5,4,0
Golf6,4,PRRR,64,5,3,6,5,0
Golf6,4,PRRR,64,6,3,5,1,0
Golf6,4,PRRR,64,7,4,6,1,0
Golf6,4,PRRR,64,8,4,5,4,0
Golf6,4,PRRR,64,9,1,2,2,1099
Golf6,4,PRRR,64,10,1,7,5,3577
Golf6,4,PRRR,64,11,2,2,2,0
Golf6,4,PRRR,64,12,2,7,4,0
Golf6,4,PRRR,64,13,3,2,1,0
Golf6,4,PRRR,64,14,3,6,3,0
Golf6,4,PRRR,64,15,4,2,2,0
Golf6,4,PRRR,64,16,4,7,6,0
Golf6,4,PRRR,64,17,1,2,2,944
Golf6,4,PRRR,64,18,1,7,2,3073
Golf6,4,PRRR,64,19,2,2,1,0
Golf6,4,PRRR,64,20,2,6,1,0
Golf6,4,PRRR,64,21,3,2,1,0
Golf6,4,PRRR,64,22,3,6,5,0
Golf6,4,PRRR,64,23,4,2,2,0
Golf6,4,PRRR,64,24,4,7,3,0
Golf6,4,PRRR,64,25,1,2,2,811
Golf6,4,PRRR,64,26,1,7,7,2668
Golf6,4,PRRR,64,27,2,2,1,0
Golf6,4,PRRR,64,28,2,6,6,0
Golf6,4,PRRR,64,29,3,2,2,0
Golf6,4,PRRR,64,30,3,7,2,0
Golf6,4,PRRR,64,31,4,2,1,0
Golf6,4,PRRR,64,32,4,6,6,0
Golf6,4,PRRR,64,33,1,2,2,563
Golf6,4,PRRR,64,34,1,7,3,1811
Golf6,4,PRRR,65,1,1,6,5,3389
Golf6,4,PRRR,65,2,1,5,3,2830
Golf6,4,PRRR,65,3,2,6,2,0
Golf6,4,PRRR,65,4,2,5,3,0
Golf6,4,PRRR,65,5,3,6,5,0
Golf6,4,PRRR,65,6,3,5,2,0
Golf6,4,PRRR,65,7,4,6,5,0
Golf6,4,PRRR,65,8,4,5,2,0
Golf6,4,PRRR,65,9,1,2,2,1108
Golf6,4,PRRR,65,10,1,7,3,3581
Golf6,4,PRRR,65,11,2,2,2,0
Golf6,4,PRRR,65,12,2,7,4,0
Golf6,4,PRRR,65,13,3,2,2,0
Golf6,4,PRRR,65,14,3,7,1,0
Golf6,4,PRRR,65,15,4,2,1,0
Golf6,4,PRRR,65,16,4,6,1,0
Golf6,4,PRRR,65,17,1,2,1,951
Golf6,4,PRRR,65,18,1,6,4,2636
Golf6,4,PRRR,65,19,2,2,1,0
Golf6,4,PRRR,65,20,2,6,6,0
Golf6,4,PRRR,65,21,3,2,1,0
Golf6,4,PRRR,65,22,3,6,5,0
Golf6,4,PRRR,65,23,4,2,2,0
Golf6,4,PRRR,65,24,4,7,4,0
Golf6,4,PRRR,65,25,1,2,1,736
Golf6,4,PRRR,65,26,1,6,1,2014
Golf6,4,PRRR,65,27,2,2,1,0
Golf6,4,PRRR,65,28,2,6,3,0
Golf6,4,PRRR,65,29,3,2,2,0
Golf6,4,PRRR,65,30,3,7,6,0
Golf6,4,PRRR,65,31,4,2,1,0
Golf6,4,PRRR,65,32,4,6,4,0
Golf6,4,PRRR,65,33,1,2,2,490
Golf6,4,PRRR,65,34,1,7,7,1583
Golf6,4,PRRR,66,1,1,6,4,3403
Golf6,4,PRRR,66,2,1,5,3,2798
Golf6,4,PRRR,66,3,2,6,1,0
Golf6,4,PRRR,66,4,2,5,3,0
Golf6,4,PRRR,66,5,3,6,6,0
Golf6,4,PRRR,66,6,3,5,5,0
Golf6,4,PRRR,66,7,4,6,4,0
Golf6,4,PRRR,66,8,4,5,5,0
Golf6,4,PRRR,66,9,1,2,2,1109
Golf6,4,PRRR,66,10,1,7,3,3601
Golf6,4,PRRR,66,11,2,2,2,0
Golf6,4,PRRR,66,12,2,7,5,0
Golf6,4,PRRR,66,13,3,2,1,0
Golf6,4,PRRR,66,14,3,6,1,0
Golf6,4,PRRR,66,15,4,2,2,0
Golf6,4,PRRR,66,16,4,7,4,0
Golf6,4,PRRR,66,17,1,2,2,944
Golf6,4,PRRR,66,18,1,7,2,3071
Golf6,4,PRRR,66,19,2,2,2,0
Golf6,4,PRRR,66,20,2,7,5,0
Golf6,4,PRRR,66,21,3,2,2,0
Golf6,4,PRRR,66,22,3,7,6,0
Golf6,4,PRRR,66,23,4,2,1,0
Golf6,4,PRRR,66,24,4,6,5,0
Golf6,4,PRRR,66,25,1,2,1,801
Golf6,4,PRRR,66,26,1,6,5,2184
Golf6,4,PRRR,66,27,2,2,2,0
Golf6,4,PRRR,66,28,2,7,3,0
Golf6,4,PRRR,66,29,3,2,2,0
Golf6,4,PRRR,66,30,3,7,1,0
Golf6,4,PRRR,66,31,4,2,1,0
Golf6,4,PRRR,66,32,4,6,5,0
Golf6,4,PRRR,66,33,1,2,2,594
Golf6,4,PRRR,66,34,1,7,7,1919
Golf6,4,PRRR,67,1,1,6,3,3395
Golf6,4,PRRR,67,2,1,5,3,2818
Golf6,4,PRRR,67,3,2,6,5,0
Golf6,4,PRRR,67,4,2,5,2,0
Golf6,4,PRRR,67,5,3,6,5,0
Golf6,4,PRRR,67,6,3,5,4,0
Golf6,4,PRRR,67,7,4,6,5,0
Golf6,4,PRRR,67,8,4,5,3,0
Golf6,4,PRRR,67,9,1,2,1,1087
Golf6,4,PRRR,67,10,1,6,3,3085
Golf6,4,PRRR,67,11,2,2,1,0
Golf6,4,PRRR,67,12,2,6,2,0
Golf6,4,PRRR,67,13,3,2,1,0
Golf6,4,PRRR,67,14,3,6,4,0
Golf6,4,PRRR,67,15,4,2,1,0
Golf6,4,PRRR,67,16,4,6,3,0
Golf6,4,PRRR,67,17,1,2,2,1097
Golf6,4,PRRR,67,18,1,7,1,3609
Golf6,4,PRRR,67,19,2,2,1,0
Golf6,4,PRRR,67,20,2,6,6,0
Golf6,4,PRRR,67,21,3,2,1,0
Golf6,4,PRRR,67,22,3,6,1,0
Golf6,4,PRRR,67,23,4,2,2,0
Golf6,4,PRRR,67,24,4,7,5,0
Golf6,4,PRRR,67,25,1,2,1,941
Golf6,4,PRRR,67,26,1,6,6,2603
Golf6,4,PRRR,67,27,2,2,1,0
Golf6,4,PRRR,67,28,2,6,2,0
Golf6,4,PRRR,67,29,3,2,2,0
Golf6,4,PRRR,67,30,3,7,7,0
Golf6,4,PRRR,67,31,4,2,1,0
Golf6,4,PRRR,67,32,4,6,2,0
Golf6,4,PRRR,67,33,1,2,2,758
Golf6,4,PRRR,67,34,1,7,1,2437
Golf6,4,PRRR,67,35,2,2,2,0
Golf6,4,PRRR,67,36,2,7,5,0
Golf6,4,PRRR,67,37,3,2,1,0
Golf6,4,PRRR,67,38,3,6,5,0
Golf6,4,PRRR,67,39,4,2,1,0
Golf6,4,PRRR,67,40,4,6,3,0
Golf6,4,PRRR,67,41,1,2,1,718
Golf6,4,PRRR,67,42,1,6,1,2004
Golf6,4,PRRR,67,43,2,2,2,0
Golf6,4,PRRR,67,44,2,7,1,0
Golf6,4,PRRR,67,45,3,2,2,0
Golf6,4,PRRR,67,46,3,7,4,0
Golf6,4,PRRR,67,47,4,2,2,0
Golf6,4,PRRR,67,48,4,7,4,0
Golf6,4,PRRR,67,49,1,2,1,536
Golf6,4,PRRR,67,50,1,6,2,1459
Golf6,4,PRRR,67,51,2,2,1,0
Golf6,4,PRRR,67,52,2,6,1,0
Golf6,4,PRRR,67,53,3,2,2,0
Golf6,4,PRRR,67,54,3,7,2,0
Golf6,4,PRRR,67,55,4,2,1,0
Golf6,4,PRRR,67,56,4,6,3,0
Golf6,4,PRRR,67,57,1,2,2,392
Golf6,4,PRRR,67,58,1,7,6,1191
Golf6,4,PRRR,68,1,1,6,3,3389
Golf6,4,PRRR,68,2,1,5,1,2834
Golf6,4,PRRR,68,3,2,6,2,0
Golf6,4,PRRR,68,4,2,5,1,0
Golf6,4,PRRR,68,5,3,6,6,0
Golf6,4,PRRR,68,6,3,5,1,0
Golf6,4,PRRR,68,7,4,6,3,0
Golf6,4,PRRR,68,8,4,5,1,0
Golf6,4,PRRR,68,9,1,2,1,1101
Golf6,4,PRRR,68,10,1,6,4,3064
Golf6,4,PRRR,68,11,2,2,2,0
Golf6,4,PRRR,68,12,2,7,7,0
Golf6,4,PRRR,68,13,3,2,1,0
Golf6,4,PRRR,68,14,3,6,2,0
Golf6,4,PRRR,68,15,4,2,2,0
Golf6,4,PRRR,68,16,4,7,1,0
Golf6,4,PRRR,68,17,1,2,2,948
Golf6,4,PRRR,68,18,1,7,6,3086
Golf6,4,PRRR,68,19,2,2,2,0
Golf6,4,PRRR,68,20,2,7,4,0
Golf6,4,PRRR,68,21,3,2,2,0
Golf6,4,PRRR,68,22,3,7,7,0
Golf6,4,PRRR,68,23,4,2,2,0
Golf6,4,PRRR,68,24,4,7,6,0
Golf6,4,PRRR,68,25,1,2,1,752
Golf6,4,PRRR,68,26,1,6,6,2072
Golf6,4,PRRR,68,27,2,2,1,0
Golf6,4,PRRR,68,28,2,6,2,0
Golf6,4,PRRR,68,29,3,2,2,0
Golf6,4,PRRR,68,30,3,7,5,0
Golf6,4,PRRR,68,31,4,2,1,0
Golf6,4,PRRR,68,32,4,6,4,0
Golf6,4,PRRR,68,33,1,2,1,524
Golf6,4,PRRR,68,34,1,6,2,1424
Golf6,4,PRRR,69,1,1,6,4,3387
Golf6,4,PRRR,69,2,1,5,5,2793
Golf6,4,PRRR,69,3,2,6,2,0
Golf6,4,PRRR,69,4,2,5,3,0
Golf6,4,PRRR,69,5,3,6,1,0
Golf6,4,PRRR,69,6,3,5,5,0
Golf6,4,PRRR,69,7,4,6,3,0
Golf6,4,PRRR,69,8,4,5,3,0
Golf6,4,PRRR,69,9,1,2,1,1100
Golf6,4,PRRR,69,10,1,6,6,3064
Golf6,4,PRRR,69,11,2,2,2,0
Golf6,4,PRRR,69,12,2,7,3,0
Golf6,4,PRRR,69,13,3,2,1,0
Golf6,4,PRRR,69,14,3,6,2,0
Golf6,4,PRRR,69,15,4,2,1,0
Golf6,4,PRRR,69,16,4,6,3,0
Golf6,4,PRRR,69,17,1,2,2,1051
Golf6,4,PRRR,69,18,1,7,2,3392
Golf6,4,PRRR,69,19,2,2,2,0
Golf6,4,PRRR,69,20,2,7,1,0
Golf6,4,PRRR,69,21,3,2,1,0
Golf6,4,PRRR,69,22,3,6,6,0
Golf6,4,PRRR,69,23,4,2,1,0
Golf6,4,PRRR,69,24,4,6,6,0
Golf6,4,PRRR,69,25,1,2,2,962
Golf6,4,PRRR,69,26,1,7,3,3070
Golf6,4,PRRR,69,27,2,2,2,0
Golf6,4,PRRR,69,28,2,7,5,0
Golf6,4,PRRR,69,29,3,2,1,0
Golf6,4,PRRR,69,30,3,6,5,0
Golf6,4,PRRR,69,31,4,2,2,0
Golf6,4,PRRR,69,32,4,7,3,0
Golf6,4,PRRR,69,33,1,2,2,722
Golf6,4,PRRR,69,34,1,7,4,2385
Golf6,4,PRRR,69,35,2,2,1,0
Golf6,4,PRRR,69,36,2,6,4,0
Golf6,4,PRRR,69,37,3,2,2,0
Golf6,4,PRRR,69,38,3,7,2,0
Golf6,4,PRRR,69,39,4,2,1,0
Golf6,4,PRRR,69,40,4,6,1,0
Golf6,4,PRRR,69,41,1,2,2,503
Golf6,4,PRRR,69,42,1,7,6,1650
Golf6,4,PRRR,70,1,1,6,6,3450
Golf6,4,PRRR,70,2,1,5,3,2857
Golf6,4,PRRR,70,3,2,6,3,0
Golf6,4,PRRR,70,4,2,5,1,0
Golf6,4,PRRR,70,5,3,6,2,0
Golf6,4,PRRR,70,6,3,5,2,0
Golf6,4,PRRR,70,7,4,6,4,0
Golf6,4,PRRR,70,8,4,5,4,0
Golf6,4,PRRR,70,9,1,2,2,1098
Golf6,4,PRRR,70,10,1,7,2,3557
Golf6,4,PRRR,70,11,2,2,2,0
Golf6,4,PRRR,70,12,2,7,1,0
Golf6,4,PRRR,70,13,3,2,1,0
Golf6,4,PRRR,70,14,3,6,3,0
Golf6,4,PRRR,70,15,4,2,2,0
Golf6,4,PRRR,70,16,4,7,1,0
Golf6,4,PRRR,70,17,1,2,1,1017
Golf6,4,PRRR,70,18,1,6,5,2891
Golf6,4,PRRR,70,19,2,2,2,0
Golf6,4,PRRR,70,20,2,7,6,0
Golf6,4,PRRR,70,21,3,2,1,0
Golf6,4,PRRR,70,22,3,6,2,0
Golf6,4,PRRR,70,23,4,2,2,0
Golf6,4,PRRR,70,24,4,7,6,0
Golf6,4,PRRR,70,25,1,2,2,899
Golf6,4,PRRR,70,26,1,7,1,2889
Golf6,4,PRRR,70,27,2,2,1,0
Golf6,4,PRRR,70,28,2,6,2,0
Golf6,4,PRRR,70,29,3,2,2,0
Golf6,4,PRRR,70,30,3,7,4,0
Golf6,4,PRRR,70,31,4,2,2,0
Golf6,4,PRRR,70,32,4,7,1,0
Golf6,4,PRRR,70,33,1,2,2,793
Golf6,4,PRRR,70,34,1,7,5,2618
Golf6,4,PRRR,70,35,2,2,2,0
Golf6,4,PRRR,70,36,2,7,6,0
Golf6,4,PRRR,70,37,3,2,2,0
Golf6,4,PRRR,70,38,3,7,2,0
Golf6,4,PRRR,70,39,4,2,1,0
Golf6,4,PRRR,70,40,4,6,4,0
Golf6,4,PRRR,70,41,1,2,1,593
Golf6,4,PRRR,70,42,1,6,2,1678
Golf6,4,PRRR,71,1,1,6,4,3387
Golf6,4,PRRR,71,2,1,5,3,2798
Golf6,4,PRRR,71,3,2,6,1,0
Golf6,4,PRRR,71,4,2,5,2,0
Golf6,4,PRRR,71,5,3,6,5,0
Golf6,4,PRRR,71,6,3,5,4,0
Golf6,4,PRRR,71,7,4,6,2,0
Golf6,4,PRRR,71,8,4,5,2,0
Golf6,4,PRRR,71,9,1,2,2,1098
Golf6,4,PRRR,71,10,1,7,7,3619
Golf6,4,PRRR,71,11,2,2,1,0
Golf6,4,PRRR,71,12,2,6,1,0
Golf6,4,PRRR,71,13,3,2,1,0
Golf6,4,PRRR,71,14,3,6,5,0
Golf6,4,PRRR,71,15,4,2,2,0
Golf6,4,PRRR,71,16,4,7,2,0
Golf6,4,PRRR,71,17,1,2,2,981
Golf6,4,PRRR,71,18,1,7,2,3234
Golf6,4,PRRR,71,19,2,2,1,0
Golf6,4,PRRR,71,20,2,6,4,0
Golf6,4,PRRR,71,21,3,2,2,0
Golf6,4,PRRR,71,22,3,7,3,0
Golf6,4,PRRR,71,23,4,2,1,0
Golf6,4,PRRR,71,24,4,6,6,0
Golf6,4,PRRR,71,25,1,2,1,765
Golf6,4,PRRR,71,26,1,6,5,2111
Golf6,4,PRRR,71,27,2,2,2,0
Golf6,4,PRRR,71,28,2,7,3,0
Golf6,4,PRRR,71,29,3,2,1,0
Golf6,4,PRRR,71,30,3,6,6,0
Golf6,4,PRRR,71,31,4,2,1,0
Golf6,4,PRRR,71,32,4,6,1,0
Golf6,4,PRRR,71,33,1,2,1,523
Golf6,4,PRRR,71,34,1,6,2,1459
Golf6,4,PRRR,72,1,1,6,2,3407
Golf6,4,PRRR,72,2,1,5,2,2836
Golf6,4,PRRR,72,3,2,6,6,0
Golf6,4,PRRR,72,4,2,5,3,0
Golf6,4,PRRR,72,5,3,6,3,0
Golf6,4,PRRR,72,6,3,5,4,0
Golf6,4,PRRR,72,7,4,6,6,0
Golf6,4,PRRR,72,8,4,5,5,0
Golf6,4,PRRR,72,9,1,2,2,1098
Golf6,4,PRRR,72,10,1,7,7,3579
Golf6,4,PRRR,72,11,2,2,1,0
Golf6,4,PRRR,72,12,2,6,4,0
Golf6,4,PRRR,72,13,3,2,2,0
Golf6,4,PRRR,72,14,3,7,2,0
Golf6,4,PRRR,72,15,4,2,2,0
Golf6,4,PRRR,72,16,4,7,3,0
Golf6,4,PRRR,72,17,1,2,1,896
Golf6,4,PRRR,72,18,1,6,5,2502
Golf6,4,PRRR,72,19,2,2,1,0
Golf6,4,PRRR,72,20,2,6,6,0
Golf6,4,PRRR,72,21,3,2,2,0
Golf6,4,PRRR,72,22,3,7,7,0
Golf6,4,PRRR,72,23,4,2,2,0
Golf6,4,PRRR,72,24,4,7,7,0
Golf6,4,PRRR,72,25,1,2,1,765
Golf6,4,PRRR,72,26,1,6,4,2107
Golf6,4,PRRR,72,27,2,2,1,0
Golf6,4,PRRR,72,28,2,6,2,0
Golf6,4,PRRR,72,29,3,2,1,0
Golf6,4,PRRR,72,30,3,6,1,0
Golf6,4,PRRR,72,31,4,2,1,0
Golf6,4,PRRR,72,32,4,6,5,0
Golf6,4,PRRR,72,33,1,2,1,570
Golf6,4,PRRR,72,34,1,6,1,1503
Golf6,4,PRRR,73,1,1,6,4,3390
Golf6,4,PRRR,73,2,1,5,2,2820
Golf6,4,PRRR,73,3,2,6,1,0
Golf6,4,PRRR,73,4,2,5,4,0
Golf6,4,PRRR,73,5,3,6,5,0
Golf6,4,PRRR,73,6,3,5,1,0
Golf6,4,PRRR,73,7,4,6,6,0
Golf6,4,PRRR,73,8,4,5,5,0
Golf6,4,PRRR,73,9,1,2,1,1091
Golf6,4,PRRR,73,10,1,6,1,3073
Golf6,4,PRRR,73,11,2,2,1,0
Golf6,4,PRRR,73,12,2,6,2,0
Golf6,4,PRRR,73,13,3,2,1,0
Golf6,4,PRRR,73,14,3,6,2,0
Golf6,4,PRRR,73,15,4,2,2,0
Golf6,4,PRRR,73,16,4,7,6,0
Golf6,4,PRRR,73,17,1,2,1,944
Golf6,4,PRRR,73,18,1,6,6,2625
Golf6,4,PRRR,73,19,2,2,2,0
Golf6,4,PRRR,73,20,2,7,3,0
Golf6,4,PRRR,73,21,3,2,2,0
Golf6,4,PRRR,73,22,3,7,1,0
Golf6,4,PRRR,73,23,4,2,2,0
Golf6,4,PRRR,73,24,4,7,5,0
Golf6,4,PRRR,73,25,1,2,2,830
Golf6,4,PRRR,73,26,1,7,6,2657
Golf6,4,PRRR,73,27,2,2,1,0
Golf6,4,PRRR,73,28,2,6,4,0
Golf6,4,PRRR,73,29,3,2,1,0
Golf6,4,PRRR,73,30,3,6,2,0
Golf6,4,PRRR,73,31,4,2,2,0
Golf6,4,PRRR,73,32,4,7,5,0
Golf6,4,PRRR,73,33,1,2,2,623
Golf6,4,PRRR,73,34,1,7,4,1907
Golf6,4,PRRR,74,1,1,6,1,3382
Golf6,4,PRRR,74,2,1,5,5,2828
Golf6,4,PRRR,74,3,2,6,6,0
Golf6,4,PRRR,74,4,2,5,3,0
Golf6,4,PRRR,74,5,3,6,5,0
Golf6,4,PRRR,74,6,3,5,5,0
Golf6,4,PRRR,74,7,4,6,3,0
Golf6,4,PRRR,74,8,4,5,3,0
Golf6,4,PRRR,74,9,1,2,1,1109
Golf6,4,PRRR,74,10,1,6,5,3047
Golf6,4,PRRR,74,11,2,2,1,0
Golf6,4,PRRR,74,12,2,6,6,0
Golf6,4,PRRR,74,13,3,2,2,0
Golf6,4,PRRR,74,14,3,7,7,0
Golf6,4,PRRR,74,15,4,2,2,0
Golf6,4,PRRR,74,16,4,7,2,0
Golf6,4,PRRR,74,17,1,2,2,979
Golf6,4,PRRR,74,18,1,7,5,3242
Golf6,4,PRRR,74,19,2,2,2,0
Golf6,4,PRRR,74,20,2,7,3,0
Golf6,4,PRRR,74,21,3,2,1,0
Golf6,4,PRRR,74,22,3,6,1,0
Golf6,4,PRRR,74,23,4,2,1,0
Golf6,4,PRRR,74,24,4,6,2,0
Golf6,4,PRRR,74,25,1,2,1,760
Golf6,4,PRRR,74,26,1,6,3,2122
Golf6,4,PRRR,74,27,2,2,1,0
Golf6,4,PRRR,74,28,2,6,2,0
Golf6,4,PRRR,74,29,3,2,2,0
Golf6,4,PRRR,74,30,3,7,2,0
Golf6,4,PRRR,74,31,4,2,2,0
Golf6,4,PRRR,74,32,4,7,4,0
Golf6,4,PRRR,74,33,1,2,1,616
Golf6,4,PRRR,74,34,1,6,2,1606
Golf6,4,PRRR,75,1,1,6,6,3417
Golf6,4,PRRR,75,2,1,5,4,2811
Golf6,4,PRRR,75,3,2,6,2,0
Golf6,4,PRRR,75,4,2,5,5,0
Golf6,4,PRRR,75,5,3,6,3,0
Golf6,4,PRRR,75,6,3,5,4,0
Golf6,4,PRRR,75,7,4,6,5,0
Golf6,4,PRRR,75,8,4,5,1,0
Golf6,4,PRRR,75,9,1,2,2,1092
Golf6,4,PRRR,75,10,1,7,2,3557
Golf6,4,PRRR,75,11,2,2,2,0
Golf6,4,PRRR,75,12,2,7,7,0
Golf6,4,PRRR,75,13,3,2,2,0
Golf6,4,PRRR,75,14,3,7,3,0
Golf6,4,PRRR,75,15,4,2,2,0
Golf6,4,PRRR,75,16,4,7,6,0
Golf6,4,PRRR,75,17,1,2,1,988
Golf6,4,PRRR,75,18,1,6,2,2734
Golf6,4,PRRR,75,19,2,2,2,0
Golf6,4,PRRR,75,20,2,7,3,0
Golf6,4,PRRR,75,21,3,2,1,0
Golf6,4,PRRR,75,22,3,6,5,0
Golf6,4,PRRR,75,23,4,2,2,0
Golf6,4,PRRR,75,24,4,7,1,0
Golf6,4,PRRR,75,25,1,2,2,882
Golf6,4,PRRR,75,26,1,7,1,2920
Golf6,4,PRRR,75,27,2,2,2,0
Golf6,4,PRRR,75,28,2,7,7,0
Golf6,4,PRRR,75,29,3,2,2,0
Golf6,4,PRRR,75,30,3,7,7,0
Golf6,4,PRRR,75,31,4,2,1,0
Golf6,4,PRRR,75,32,4,6,3,0
Golf6,4,PRRR,75,33,1,2,1,777
Golf6,4,PRRR,75,34,1,6,3,2174
Golf6,4,PRRR,75,35,2,2,1,0
Golf6,4,PRRR,75,36,2,6,4,0
Golf6,4,PRRR,75,37,3,2,2,0
Golf6,4,PRRR,75,38,3,7,4,0
Golf6,4,PRRR,75,39,4,2,2,0
Golf6,4,PRRR,75,40,4,7,7,0
Golf6,4,PRRR,75,41,1,2,2,546
Golf6,4,PRRR,75,42,1,7,6,1811
Golf6,4,PRRR,76,1,1,6,6,3381
Golf6,4,PRRR,76,2,1,5,2,2833
Golf6,4,PRRR,76,3,2,6,5,0
Golf6,4,PRRR,76,4,2,5,1,0
Golf6,4,PRRR,76,5,3,6,4,0
Golf6,4,PRRR,76,6,3,5,5,0
Golf6,4,PRRR,76,7,4,6,3,0
Golf6,4,PRRR,76,8,4,5,4,0
Golf6,4,PRRR,76,9,1,2,1,1100
Golf6,4,PRRR,76,10,1,6,2,3076
Golf6,4,PRRR,76,11,2,2,1,0
Golf6,4,PRRR,76,12,2,6,1,0
Golf6,4,PRRR,76,13,3,2,2,0
Golf6,4,PRRR,76,14,3,7,5,0
Golf6,4,PRRR,76,15,4,2,2,0
Golf6,4,PRRR,76,16,4,7,5,0
Golf6,4,PRRR,76,17,1,2,2,1035
Golf6,4,PRRR,76,18,1,7,6,3428
Golf6,4,PRRR,76,19,2,2,1,0
Golf6,4,PRRR,76,20,2,6,3,0
Golf6,4,PRRR,76,21,3,2,1,0
Golf6,4,PRRR,76,22,3,6,3,0
Golf6,4,PRRR,76,23,4,2,2,0
Golf6,4,PRRR,76,24,4,7,4,0
Golf6,4,PRRR,76,25,1,2,1,905
Golf6,4,PRRR,76,26,1,6,6,2496
Golf6,4,PRRR,76,27,2,2,2,0
Golf6,4,PRRR,76,28,2,7,3,0
Golf6,4,PRRR,76,29,3,2,2,0
Golf6,4,PRRR,76,30,3,7,2,0
Golf6,4,PRRR,76,31,4,2,2,0
Golf6,4,PRRR,76,32,4,7,7,0
Golf6,4,PRRR,76,33,1,2,1,700
Golf6,4,PRRR,76,34,1,6,3,1970
Golf6,4,PRRR,76,35,2,2,1,0
Golf6,4,PRRR,76,36,2,6,1,0
Golf6,4,PRRR,76,37,3,2,1,0
Golf6,4,PRRR,76,38,3,6,1,0
Golf6,4,PRRR,76,39,4,2,2,0
Golf6,4,PRRR,76,40,4,7,1,0
Golf6,4,PRRR,76,41,1,2,1,653
Golf6,4,PRRR,76,42,1,6,4,1810
Golf6,4,PRRR,76,43,2,2,2,0
Golf6,4,PRRR,76,44,2,7,7,0
Golf6,4,PRRR,76,45,3,2,2,0
Golf6,4,PRRR,76,46,3,7,3,0
Golf6,4,PRRR,76,47,4,2,1,0
Golf6,4,PRRR,76,48,4,6,1,0
Golf6,4,PRRR,76,49,1,2,2,340
Golf6,4,PRRR,76,50,1,7,2,1047
Golf6,4,PRRR,77,1,1,6,2,3417
Golf6,4,PRRR,77,2,1,5,3,2831
Golf6,4,PRRR,77,3,2,6,3,0
Golf6,4,PRRR,77,4,2,5,3,0
Golf6,4,PRRR,77,5,3,6,2,0
Golf6,4,PRRR,77,6,3,5,1,0
Golf6,4,PRRR,77,7,4,6,3,0
Golf6,4,PRRR,77,8,4,5,4,0
Golf6,4,PRRR,77,9,1,2,2,1109
Golf6,4,PRRR,77,10,1,7,1,3586
Golf6,4,PRRR,77,11,2,2,2,0
Golf6,4,PRRR,77,12,2,7,2,0
Golf6,4,PRRR,77,13,3,2,1,0
Golf6,4,PRRR,77,14,3,6,5,0
Golf6,4,PRRR,77,15,4,2,1,0
Golf6,4,PRRR,77,16,4,6,3,0
Golf6,4,PRRR,77,17,1,2,1,995
Golf6,4,PRRR,77,18,1,6,4,2772
Golf6,4,PRRR,77,19,2,2,1,0
Golf6,4,PRRR,77,20,2,6,6,0
Golf6,4,PRRR,77,21,3,2,2,0
Golf6,4,PRRR,77,22,3,7,7,0
Golf6,4,PRRR,77,23,4,2,1,0
Golf6,4,PRRR,77,24,4,6,3,0
Golf6,4,PRRR,77,25,1,2,2,811
Golf6,4,PRRR,77,26,1,7,2,2652
Golf6,4,PRRR,77,27,2,2,1,0
Golf6,4,PRRR,77,28,2,6,5,0
Golf6,4,PRRR,77,29,3,2,2,0
Golf6,4,PRRR,77,30,3,7,1,0
Golf6,4,PRRR,77,31,4,2,2,0
Golf6,4,PRRR,77,32,4,7,4,0
Golf6,4,PRRR,77,33,1,2,2,629
Golf6,4,PRRR,77,34,1,7,1,2025
Golf6,4,PRRR,77,35,2,2,2,0
Golf6,4,PRRR,77,36,2,7,6,0
Golf6,4,PRRR,77,37,3,2,1,0
Golf6,4,PRRR,77,38,3,6,4,0
Golf6,4,PRRR,77,39,4,2,1,0
Golf6,4,PRRR,77,40,4,6,1,0
Golf6,4,PRRR,77,41,1,2,1,505
Golf6,4,PRRR,77,42,1,6,6,1367
Golf6,4,PRRR,77,43,2,2,1,0
Golf6,4,PRRR,77,44,2,6,4,0
Golf6,4,PRRR,77,45,3,2,1,0
Golf6,4,PRRR,77,46,3,6,1,0
Golf6,4,PRRR,77,47,4,2,2,0
Golf6,4,PRRR,77,48,4,7,4,0
Golf6,4,PRRR,77,49,1,2,1,481
Golf6,4,PRRR,77,50,1,6,5,1283
Golf6,4,PRRR,77,51,2,2,2,0
Golf6,4,PRRR,77,52,2,7,1,0
Golf6,4,PRRR,77,53,3,2,1,0
Golf6,4,PRRR,77,54,3,6,5,0
Golf6,4,PRRR,77,55,4,2,1,0
Golf6,4,PRRR,77,56,4,6,2,0
Golf6,4,PRRR,77,57,1,2,2,387
Golf6,4,PRRR,77,58,1,7,4,1221
Golf6,4,PRRR,78,1,1,6,2,3376
Golf6,4,PRRR,78,2,1,5,4,2828
Golf6,4,PRRR,78,3,2,6,2,0
Golf6,4,PRRR,78,4,2,5,1,0
Golf6,4,PRRR,78,5,3,6,1,0
Golf6,4,PRRR,78,6,3,5,1,0
Golf6,4,PRRR,78,7,4,6,3,0
Golf6,4,PRRR,78,8,4,5,2,0
Golf6,4,PRRR,78,9,1,2,1,1111
Golf6,4,PRRR,78,10,1,6,5,3081
Golf6,4,PRRR,78,11,2,2,1,0
Golf6,4,PRRR,78,12,2,6,6,0
Golf6,4,PRRR,78,13,3,2,1,0
Golf6,4,PRRR,78,14,3,6,4,0
Golf6,4,PRRR,78,15,4,2,1,0
Golf6,4,PRRR,78,16,4,6,4,0
Golf6,4,PRRR,78,17,1,2,2,952
Golf6,4,PRRR,78,18,1,7,5,3091
Golf6,4,PRRR,78,19,2,2,2,0
Golf6,4,PRRR,78,20,2,7,6,0
Golf6,4,PRRR,78,21,3,2,2,0
Golf6,4,PRRR,78,22,3,7,4,0
Golf6,4,PRRR,78,23,4,2,1,0
Golf6,4,PRRR,78,24,4,6,2,0
Golf6,4,PRRR,78,25,1,2,2,765
Golf6,4,PRRR,78,26,1,7,7,2485
Golf6,4,PRRR,78,27,2,2,1,0
Golf6,4,PRRR,78,28,2,6,4,0
Golf6,4,PRRR,78,29,3,2,2,0
Golf6,4,PRRR,78,30,3,7,6,0
Golf6,4,PRRR,78,31,4,2,1,0
Golf6,4,PRRR,78,32,4,6,4,0
Golf6,4,PRRR,78,33,1,2,1,493
Golf6,4,PRRR,78,34,1,6,1,1287
Golf6,4,PRRR,78,35,2,2,1,0
Golf6,4,PRRR,78,36,2,6,2,0
Golf6,4,PRRR,78,37,3,2,1,0
Golf6,4,PRRR,78,38,3,6,6,0
Golf6,4,PRRR,79,1,1,6,3,3407
Golf6,4,PRRR,79,2,1,5,5,2821
Golf6,4,PRRR,79,3,2,6,5,0
Golf6,4,PRRR,79,4,2,5,1,0
Golf6,4,PRRR,79,5,3,6,1,0
Golf6,4,PRRR,79,6,3,5,3,0
Golf6,4,PRRR,79,7,4,6,1,0
Golf6,4,PRRR,79,8,4,5,2,0
Golf6,4,PRRR,79,9,1,2,1,1106
Golf6,4,PRRR,79,10,1,6,3,3081
Golf6,4,PRRR,79,11,2,2,2,0
Golf6,4,PRRR,79,12,2,7,7,0
Golf6,4,PRRR,79,13,3,2,2,0
Golf6,4,PRRR,79,14,3,7,4,0
Golf6,4,PRRR,79,15,4,2,2,0
Golf6,4,PRRR,79,16,4,7,5,0
Golf6,4,PRRR,79,17,1,2,2,939
Golf6,4,PRRR,79,18,1,7,3,3066
Golf6,4,PRRR,79,19,2,2,1,0
Golf6,4,PRRR,79,20,2,6,2,0
Golf6,4,PRRR,79,21,3,2,1,0
Golf6,4,PRRR,79,22,3,6,4,0
Golf6,4,PRRR,79,23,4,2,2,0
Golf6,4,PRRR,79,24,4,7,5,0
Golf6,4,PRRR,79,25,1,2,2,816
Golf6,4,PRRR,79,26,1,7,5,2667
Golf6,4,PRRR,79,27,2,2,1,0
Golf6,4,PRRR,79,28,2,6,5,0
Golf6,4,PRRR,79,29,3,2,2,0
Golf6,4,PRRR,79,30,3,7,7,0
Golf6,4,PRRR,79,31,4,2,2,0
Golf6,4,PRRR,79,32,4,7,3,0
Golf6,4,PRRR,79,33,1,2,2,647
Golf6,4,PRRR,79,34,1,7,1,2102
Golf6,4,PRRR,79,35,2,2,2,0
Golf6,4,PRRR,79,36,2,7,7,0
Golf6,4,PRRR,79,37,3,2,2,0
Golf6,4,PRRR,79,38,3,7,6,0
Golf6,4,PRRR,79,39,4,2,1,0
Golf6,4,PRRR,79,40,4,6,2,0
Golf6,4,PRRR,79,41,1,2,2,532
Golf6,4,PRRR,79,42,1,7,2,1707
Golf6,4,PRRR,79,43,2,2,2,0
Golf6,4,PRRR,79,44,2,7,2,0
Golf6,4,PRRR,79,45,3,2,2,0
Golf6,4,PRRR,79,46,3,7,2,0
Golf6,4,PRRR,79,47,4,2,2,0
Golf6,4,PRRR,79,48,4,7,3,0
Golf6,4,PRRR,79,49,1,2,2,438
Golf6,4,PRRR,79,50,1,7,6,1401
Golf6,4,PRRR,80,1,1,6,6,3406
Golf6,4,PRRR,80,2,1,5,4,2816
Golf6,4,PRRR,80,3,2,6,3,0
Golf6,4,PRRR,80,4,2,5,1,0
Golf6,4,PRRR,80,5,3,6,2,0
Golf6,4,PRRR,80,6,3,5,2,0
Golf6,4,PRRR,80,7,4,6,2,0
Golf6,4,PRRR,80,8,4,5,2,0
Golf6,4,PRRR,80,9,1,2,1,1107
Golf6,4,PRRR,80,10,1,6,6,3099
Golf6,4,PRRR,80,11,2,2,2,0
Golf6,4,PRRR,80,12,2,7,4,0
Golf6,4,PRRR,80,13,3,2,1,0
Golf6,4,PRRR,80,14,3,6,4,0
Golf6,4,PRRR,80,15,4,2,2,0
Golf6,4,PRRR,80,16,4,7,2,0
Golf6,4,PRRR,80,17,1,2,1,1012
Golf6,4,PRRR,80,18,1,6,2,2776
Golf6,4,PRRR,80,19,2,2,1,0
Golf6,4,PRRR,80,20,2,6,5,0
Golf6,4,PRRR,80,21,3,2,1,0
Golf6,4,PRRR,80,22,3,6,1,0
Golf6,4,PRRR,80,23,4,2,1,0
Golf6,4,PRRR,80,24,4,6,4,0
Golf6,4,PRRR,80,25,1,2,1,764
Golf6,4,PRRR,80,26,1,6,3,2163
Golf6,4,PRRR,80,27,2,2,2,0
Golf6,4,PRRR,80,28,2,7,6,0
Golf6,4,PRRR,80,29,3,2,2,0
Golf6,4,PRRR,80,30,3,7,2,0
Golf6,4,PRRR,80,31,4,2,1,0
Golf6,4,PRRR,80,32,4,6,1,0
Golf6,4,PRRR,80,33,1,2,1,695
Golf6,4,PRRR,80,34,1,6,6,1996
Golf6,4,PRRR,80,35,2,2,2,0
Golf6,4,PRRR,80,36,2,7,7,0
Golf6,4,PRRR,80,37,3,2,1,0
Golf6,4,PRRR,80,38,3,6,6,0
Golf6,4,PRRR,80,39,4,2,1,0
Golf6,4,PRRR,80,40,4,6,3,0
Golf6,4,PRRR,80,41,1,2,2,556
Golf6,4,PRRR,80,42,1,7,3,1730
Golf6,4,PRRR,80,43,2,2,1,0
Golf6,4,PRRR,80,44,2,6,4,0
Golf6,4,PRRR,80,45,3,2,1,0
Golf6,4,PRRR,80,46,3,6,5,0
Golf6,4,PRRR,81,1,1,6,5,3374
Golf6,4,PRRR,81,2,1,5,3,2829
Golf6,4,PRRR,81,3,2,6,3,0
Golf6,4,PRRR,81,4,2,5,1,0
Golf6,4,PRRR,81,5,3,6,1,0
Golf6,4,PRRR,81,6,3,5,4,0
Golf6,4,PRRR,81,7,4,6,1,0
Golf6,4,PRRR,81,8,4,5,2,0
Golf6,4,PRRR,81,9,1,2,2,1112
Golf6,4,PRRR,81,10,1,7,4,3597
Golf6,4,PRRR,81,11,2,2,2,0
Golf6,4,PRRR,81,12,2,7,7,0
Golf6,4,PRRR,81,13,3,2,2,0
Golf6,4,PRRR,81,14,3,7,6,0
Golf6,4,PRRR,81,15,4,2,2,0
Golf6,4,PRRR,81,16,4,7,6,0
Golf6,4,PRRR,81,17,1,2,1,985
Golf6,4,PRRR,81,18,1,6,3,2745
Golf6,4,PRRR,81,19,2,2,2,0
Golf6,4,PRRR,81,20,2,7,4,0
Golf6,4,PRRR,81,21,3,2,2,0
Golf6,4,PRRR,81,22,3,7,1,0
Golf6,4,PRRR,81,23,4,2,1,0
Golf6,4,PRRR,81,24,4,6,5,0
Golf6,4,PRRR,81,25,1,2,2,982
Golf6,4,PRRR,81,26,1,7,1,3237
Golf6,4,PRRR,81,27,2,2,1,0
Golf6,4,PRRR,81,28,2,6,5,0
Golf6,4,PRRR,81,29,3,2,1,0
Golf6,4,PRRR,81,30,3,6,1,0
Golf6,4,PRRR,81,31,4,2,2,0
Golf6,4,PRRR,81,32,4,7,7,0
Golf6,4,PRRR,81,33,1,2,1,814
Golf6,4,PRRR,81,34,1,6,4,2261
Golf6,4,PRRR,81,35,2,2,2,0
Golf6,4,PRRR,81,36,2,7,6,0
Golf6,4,PRRR,81,37,3,2,2,0
Golf6,4,PRRR,81,38,3,7,2,0
Golf6,4,PRRR,81,39,4,2,2,0
Golf6,4,PRRR,81,40,4,7,6,0
Golf6,4,PRRR,81,41,1,2,2,771
Golf6,4,PRRR,81,42,1,7,1,2580
Golf6,4,PRRR,81,43,2,2,2,0
Golf6,4,PRRR,81,44,2,7,7,0
Golf6,4,PRRR,81,45,3,2,1,0
Golf6,4,PRRR,81,46,3,6,2,0
Golf6,4,PRRR,81,47,4,2,2,0
Golf6,4,PRRR,81,48,4,7,6,0
Golf6,4,PRRR,81,49,1,2,1,742
Golf6,4,PRRR,81,50,1,6,2,2113
Golf6,4,PRRR,81,51,2,2,1,0
Golf6,4,PRRR,81,52,2,6,6,0
Golf6,4,PRRR,81,53,3,2,2,0
Golf6,4,PRRR,81,54,3,7,6,0
Golf6,4,PRRR,81,55,4,2,2,0
Golf6,4,PRRR,81,56,4,7,3,0
Golf6,4,PRRR,81,57,1,2,1,587
Golf6,4,PRRR,81,58,1,6,6,1573
Golf6,4,PRRR,81,59,2,2,1,0
Golf6,4,PRRR,81,60,2,6,5,0
Golf6,4,PRRR,81,61,3,2,1,0
Golf6,4,PRRR,81,62,3,6,4,0
Golf6,4,PRRR,81,63,4,2,1,0
Golf6,4,PRRR,81,64,4,6,2,0
Golf6,4,PRRR,81,65,1,2,2,442
Golf6,4,PRRR,81,66,1,7,1,1435
Golf6,4,PRRR,81,67,2,2,1,0
Golf6,4,PRRR,81,68,2,6,3,0
Golf6,4,PRRR,81,69,3,2,2,0
Golf6,4,PRRR,81,70,3,7,5,0
Golf6,4,PRRR,81,71,4,2,2,0
Golf6,4,PRRR,81,72,4,7,2,0
Golf6,4,PRRR,81,73,1,2,2,429
Golf6,4,PRRR,81,74,1,7,2,1425
Golf6,4,PRRR,82,1,1,6,5,3365
Golf6,4,PRRR,82,2,1,5,3,2825
Golf6,4,PRRR,82,3,2,6,3,0
Golf6,4,PRRR,82,4,2,5,2,0
Golf6,4,PRRR,82,5,3,6,5,0
Golf6,4,PRRR,82,6,3,5,5,0
Golf6,4,PRRR,82,7,4,6,2,0
Golf6,4,PRRR,82,8,4,5,1,0
Golf6,4,PRRR,82,9,1,2,2,1117
Golf6,4,PRRR,82,10,1,7,7,3611
Golf6,4,PRRR,82,11,2,2,2,0
Golf6,4,PRRR,82,12,2,7,4,0
Golf6,4,PRRR,82,13,3,2,2,0
Golf6,4,PRRR,82,14,3,7,3,0
Golf6,4,PRRR,82,15,4,2,1,0
Golf6,4,PRRR,82,16,4,6,6,0
Golf6,4,PRRR,82,17,1,2,2,930
Golf6,4,PRRR,82,18,1,7,3,3069
Golf6,4,PRRR,82,19,2,2,1,0
Golf6,4,PRRR,82,20,2,6,5,0
Golf6,4,PRRR,82,21,3,2,2,0
Golf6,4,PRRR,82,22,3,7,5,0
Golf6,4,PRRR,82,23,4,2,1,0
Golf6,4,PRRR,82,24,4,6,2,0
Golf6,4,PRRR,82,25,1,2,2,751
Golf6,4,PRRR,82,26,1,7,2,2445
Golf6,4,PRRR,82,27,2,2,1,0
Golf6,4,PRRR,82,28,2,6,4,0
Golf6,4,PRRR,82,29,3,2,1,0
Golf6,4,PRRR,82,30,3,6,6,0
Golf6,4,PRRR,82,31,4,2,1,0
Golf6,4,PRRR,82,32,4,6,2,0
Golf6,4,PRRR,82,33,1,2,2,560
Golf6,4,PRRR,82,34,1,7,5,1773
Golf6,4,PRRR,83,1,1,6,1,3385
Golf6,4,PRRR,83,2,1,5,2,2825
Golf6,4,PRRR,83,3,2,6,4,0
Golf6,4,PRRR,83,4,2,5,4,0
Golf6,4,PRRR,83,5,3,6,3,0
Golf6,4,PRRR,83,6,3,5,1,0
Golf6,4,PRRR,83,7,4,6,3,0
Golf6,4,PRRR,83,8,4,5,3,0
Golf6,4,PRRR,83,9,1,2,1,1098
Golf6,4,PRRR,83,10,1,6,6,3083
Golf6,4,PRRR,83,11,2,2,1,0
Golf6,4,PRRR,83,12,2,6,5,0
Golf6,4,PRRR,83,13,3,2,1,0
Golf6,4,PRRR,83,14,3,6,1,0
Golf6,4,PRRR,83,15,4,2,2,0
Golf6,4,PRRR,83,16,4,7,1,0
Golf6,4,PRRR,83,17,1,2,2,1053
Golf6,4,PRRR,83,18,1,7,6,3362
Golf6,4,PRRR,83,19,2,2,1,0
Golf6,4,PRRR,83,20,2,6,1,0
Golf6,4,PRRR,83,21,3,2,2,0
Golf6,4,PRRR,83,22,3,7,2,0
Golf6,4,PRRR,83,23,4,2,1,0
Golf6,4,PRRR,83,24,4,6,4,0
Golf6,4,PRRR,83,25,1,2,2,906
Golf6,4,PRRR,83,26,1,7,1,2896
Golf6,4,PRRR,83,27,2,2,2,0
Golf6,4,PRRR,83,28,2,7,7,0
Golf6,4,PRRR,83,29,3,2,1,0
Golf6,4,PRRR,83,30,3,6,1,0
Golf6,4,PRRR,83,31,4,2,2,0
Golf6,4,PRRR,83,32,4,7,3,0
Golf6,4,PRRR,83,33,1,2,1,784
Golf6,4,PRRR,83,34,1,6,4,2168
Golf6,4,PRRR,83,35,2,2,1,0
Golf6,4,PRRR,83,36,2,6,3,0
Golf6,4,PRRR,83,37,3,2,1,0
Golf6,4,PRRR,83,38,3,6,1,0
Golf6,4,PRRR,83,39,4,2,2,0
Golf6,4,PRRR,83,40,4,7,4,0
Golf6,4,PRRR,83,41,1,2,1,501
Golf6,4,PRRR,83,42,1,6,2,1382
Golf6,4,PRRR,84,1,1,6,3,3432
Golf6,4,PRRR,84,2,1,5,2,2836
Golf6,4,PRRR,84,3,2,6,4,0
Golf6,4,PRRR,84,4,2,5,5,0
Golf6,4,PRRR,84,5,3,6,4,0
Golf6,4,PRRR,84,6,3,5,3,0
Golf6,4,PRRR,84,7,4,6,4,0
Golf6,4,PRRR,84,8,4,5,1,0
Golf6,4,PRRR,84,9,1,2,2,1096
Golf6,4,PRRR,84,10,1,7,3,3603
Golf6,4,PRRR,84,11,2,2,1,0
Golf6,4,PRRR,84,12,2,6,6,0
Golf6,4,PRRR,84,13,3,2,2,0
Golf6,4,PRRR,84,14,3,7,7,0
Golf6,4,PRRR,84,15,4,2,2,0
Golf6,4,PRRR,84,16,4,7,5,0
Golf6,4,PRRR,84,17,1,2,1,1032
Golf6,4,PRRR,84,18,1,6,4,2919
Golf6,4,PRRR,84,19,2,2,2,0
Golf6,4,PRRR,84,20,2,7,6,0
Golf6,4,PRRR,84,21,3,2,2,0
Golf6,4,PRRR,84,22,3,7,3,0
Golf6,4,PRRR,84,23,4,2,2,0
Golf6,4,PRRR,84,24,4,7,5,0
Golf6,4,PRRR,84,25,1,2,2,860
Golf6,4,PRRR,84,26,1,7,3,2778
Golf6,4,PRRR,84,27,2,2,1,0
Golf6,4,PRRR,84,28,2,6,5,0
Golf6,4,PRRR,84,29,3,2,1,0
Golf6,4,PRRR,84,30,3,6,5,0
Golf6,4,PRRR,84,31,4,2,2,0
Golf6,4,PRRR,84,32,4,7,3,0
Golf6,4,PRRR,84,33,1,2,2,678
Golf6,4,PRRR,84,34,1,7,1,2129
Golf6,4,PRRR,84,35,2,2,1,0
Golf6,4,PRRR,84,36,2,6,6,0
Golf6,4,PRRR,84,37,3,2,1,0
Golf6,4,PRRR,84,38,3,6,1,0
Golf6,4,PRRR,85,1,1,6,5,3416
Golf6,4,PRRR,85,2,1,5,3,2805
Golf6,4,PRRR,85,3,2,6,6,0
Golf6,4,PRRR,85,4,2,5,1,0
Golf6,4,PRRR,85,5,3,6,6,0
Golf6,4,PRRR,85,6,3,5,2,0
Golf6,4,PRRR,85,7,4,6,3,0
Golf6,4,PRRR,85,8,4,5,1,0
Golf6,4,PRRR,85,9,1,2,1,1122
Golf6,4,PRRR,85,10,1,6,5,3091
Golf6,4,PRRR,85,11,2,2,2,0
Golf6,4,PRRR,85,12,2,7,7,0
Golf6,4,PRRR,85,13,3,2,2,0
Golf6,4,PRRR,85,14,3,7,7,0
Golf6,4,PRRR,85,15,4,2,1,0
Golf6,4,PRRR,85,16,4,6,2,0
Golf6,4,PRRR,85,17,1,2,1,1043
Golf6,4,PRRR,85,18,1,6,6,2953
Golf6,4,PRRR,85,19,2,2,2,0
Golf6,4,PRRR,85,20,2,7,6,0
Golf6,4,PRRR,85,21,3,2,1,0
Golf6,4,PRRR,85,22,3,6,2,0
Golf6,4,PRRR,85,23,4,2,2,0
Golf6,4,PRRR,85,24,4,7,5,0
Golf6,4,PRRR,85,25,1,2,2,875
Golf6,4,PRRR,85,26,1,7,5,2845
Golf6,4,PRRR,85,27,2,2,1,0
Golf6,4,PRRR,85,28,2,6,3,0
Golf6,4,PRRR,85,29,3,2,1,0
Golf6,4,PRRR,85,30,3,6,6,0
Golf6,4,PRRR,85,31,4,2,1,0
Golf6,4,PRRR,85,32,4,6,1,0
Golf6,4,PRRR,85,33,1,2,2,726
Golf6,4,PRRR,85,34,1,7,2,2342
Golf6,4,PRRR,85,35,2,2,2,0
Golf6,4,PRRR,85,36,2,7,3,0
Golf6,4,PRRR,85,37,3,2,1,0
Golf6,4,PRRR,85,38,3,6,5,0
Golf6,4,PRRR,85,39,4,2,1,0
Golf6,4,PRRR,85,40,4,6,3,0
Golf6,4,PRRR,85,41,1,2,1,465
Golf6,4,PRRR,85,42,1,6,2,1224
Golf6,4,PRRR,86,1,1,6,1,3411
Golf6,4,PRRR,86,2,1,5,5,2836
Golf6,4,PRRR,86,3,2,6,1,0
Golf6,4,PRRR,86,4,2,5,3,0
Golf6,4,PRRR,86,5,3,6,2,0
Golf6,4,PRRR,86,6,3,5,2,0
Golf6,4,PRRR,86,7,4,6,5,0
Golf6,4,PRRR,86,8,4,5,3,0
Golf6,4,PRRR,86,9,1,2,2,1091
Golf6,4,PRRR,86,10,1,7,2,3618
Golf6,4,PRRR,86,11,2,2,1,0
Golf6,4,PRRR,86,12,2,6,6,0
Golf6,4,PRRR,86,13,3,2,2,0
Golf6,4,PRRR,86,14,3,7,1,0
Golf6,4,PRRR,86,15,4,2,1,0
Golf6,4,PRRR,86,16,4,6,5,0
Golf6,4,PRRR,86,17,1,2,2,1041
Golf6,4,PRRR,86,18,1,7,4,3405
Golf6,4,PRRR,86,19,2,2,1,0
Golf6,4,PRRR,86,20,2,6,6,0
Golf6,4,PRRR,86,21,3,2,2,0
Golf6,4,PRRR,86,22,3,7,6,0
Golf6,4,PRRR,86,23,4,2,1,0
Golf6,4,PRRR,86,24,4,6,2,0
Golf6,4,PRRR,86,25,1,2,2,884
Golf6,4,PRRR,86,26,1,7,1,2931
Golf6,4,PRRR,86,27,2,2,1,0
Golf6,4,PRRR,86,28,2,6,1,0
Golf6,4,PRRR,86,29,3,2,2,0
Golf6,4,PRRR,86,30,3,7,4,0
Golf6,4,PRRR,86,31,4,2,1,0
Golf6,4,PRRR,86,32,4,6,2,0
Golf6,4,PRRR,86,33,1,2,2,897
Golf6,4,PRRR,86,34,1,7,3,2928
Golf6,4,PRRR,86,35,2,2,1,0
Golf6,4,PRRR,86,36,2,6,4,0
Golf6,4,PRRR,86,37,3,2,1,0
Golf6,4,PRRR,86,38,3,6,6,0
Golf6,4,PRRR,86,39,4,2,1,0
Golf6,4,PRRR,86,40,4,6,4,0
Golf6,4,PRRR,86,41,1,2,2,702
Golf6,4,PRRR,86,42,1,7,5,2288
Golf6,4,PRRR,86,43,2,2,1,0
Golf6,4,PRRR,86,44,2,6,2,0
Golf6,4,PRRR,86,45,3,2,2,0
Golf6,4,PRRR,86,46,3,7,3,0
Golf6,4,PRRR,86,47,4,2,1,0
Golf6,4,PRRR,86,48,4,6,4,0
Golf6,4,PRRR,86,49,1,2,2,517
Golf6,4,PRRR,86,50,1,7,6,1690
Golf6,4,PRRR,87,1,1,6,2,3447
Golf6,4,PRRR,87,2,1,5,1,2820
Golf6,4,PRRR,87,3,2,6,3,0
Golf6,4,PRRR,87,4,2,5,3,0
Golf6,4,PRRR,87,5,3,6,1,0
Golf6,4,PRRR,87,6,3,5,1,0
Golf6,4,PRRR,87,7,4,6,5,0
Golf6,4,PRRR,87,8,4,5,5,0
Golf6,4,PRRR,87,9,1,2,2,1098
Golf6,4,PRRR,87,10,1,7,5,3593
Golf6,4,PRRR,87,11,2,2,2,0
Golf6,4,PRRR,87,12,2,7,3,0
Golf6,4,PRRR,87,13,3,2,1,0
Golf6,4,PRRR,87,14,3,6,4,0
Golf6,4,PRRR,87,15,4,2,2,0
Golf6,4,PRRR,87,16,4,7,1,0
Golf6,4,PRRR,87,17,1,2,2,927
Golf6,4,PRRR,87,18,1,7,6,3087
Golf6,4,PRRR,87,19,2,2,1,0
Golf6,4,PRRR,87,20,2,6,2,0
Golf6,4,PRRR,87,21,3,2,1,0
Golf6,4,PRRR,87,22,3,6,3,0
Golf6,4,PRRR,87,23,4,2,1,0
Golf6,4,PRRR,87,24,4,6,1,0
Golf6,4,PRRR,87,25,1,2,1,759
Golf6,4,PRRR,87,26,1,6,6,2113
Golf6,4,PRRR,87,27,2,2,1,0
Golf6,4,PRRR,87,28,2,6,2,0
Golf6,4,PRRR,87,29,3,2,1,0
Golf6,4,PRRR,87,30,3,6,4,0
Golf6,4,PRRR,87,31,4,2,2,0
Golf6,4,PRRR,87,32,4,7,1,0
Golf6,4,PRRR,87,33,1,2,2,600
Golf6,4,PRRR,87,34,1,7,4,1935
Golf6,4,PRRR,88,1,1,6,2,3387
Golf6,4,PRRR,88,2,1,5,5,2787
Golf6,4,PRRR,88,3,2,6,3,0
Golf6,4,PRRR,88,4,2,5,4,0
Golf6,4,PRRR,88,5,3,6,1,0
Golf6,4,PRRR,88,6,3,5,3,0
Golf6,4,PRRR,88,7,4,6,5,0
Golf6,4,PRRR,88,8,4,5,1,0
Golf6,4,PRRR,88,9,1,2,1,1106
Golf6,4,PRRR,88,10,1,6,1,3085
Golf6,4,PRRR,88,11,2,2,1,0
Golf6,4,PRRR,88,12,2,6,6,0
Golf6,4,PRRR,88,13,3,2,1,0
Golf6,4,PRRR,88,14,3,6,5,0
Golf6,4,PRRR,88,15,4,2,1,0
Golf6,4,PRRR,88,16,4,6,1,0
Golf6,4,PRRR,88,17,1,2,1,944
Golf6,4,PRRR,88,18,1,6,5,2615
Golf6,4,PRRR,88,19,2,2,2,0
Golf6,4,PRRR,88,20,2,7,2,0
Golf6,4,PRRR,88,21,3,2,2,0
Golf6,4,PRRR,88,22,3,7,3,0
Golf6,4,PRRR,88,23,4,2,1,0
Golf6,4,PRRR,88,24,4,6,4,0
Golf6,4,PRRR,88,25,1,2,1,707
Golf6,4,PRRR,88,26,1,6,4,1941
Golf6,4,PRRR,88,27,2,2,2,0
Golf6,4,PRRR,88,28,2,7,2,0
Golf6,4,PRRR,88,29,3,2,1,0
Golf6,4,PRRR,88,30,3,6,5,0
Golf6,4,PRRR,88,31,4,2,2,0
Golf6,4,PRRR,88,32,4,7,4,0
Golf6,4,PRRR,88,33,1,2,2,541
Golf6,4,PRRR,88,34,1,7,4,1676
Golf6,4,PRRR,89,1,1,6,4,3394
Golf6,4,PRRR,89,2,1,5,3,2797
Golf6,4,PRRR,89,3,2,6,2,0
Golf6,4,PRRR,89,4,2,5,4,0
Golf6,4,PRRR,89,5,3,6,1,0
Golf6,4,PRRR,89,6,3,5,3,0
Golf6,4,PRRR,89,7,4,6,5,0
Golf6,4,PRRR,89,8,4,5,2,0
Golf6,4,PRRR,89,9,1,2,1,1122
Golf6,4,PRRR,89,10,1,6,4,3071
Golf6,4,PRRR,89,11,2,2,2,0
Golf6,4,PRRR,89,12,2,7,4,0
Golf6,4,PRRR,89,13,3,2,2,0
Golf6,4,PRRR,89,14,3,7,2,0
Golf6,4,PRRR,89,15,4,2,2,0
Golf6,4,PRRR,89,16,4,7,7,0
Golf6,4,PRRR,89,17,1,2,1,982
Golf6,4,PRRR,89,18,1,6,6,2812
Golf6,4,PRRR,89,19,2,2,1,0
Golf6,4,PRRR,89,20,2,6,5,0
Golf6,4,PRRR,89,21,3,2,2,0
Golf6,4,PRRR,89,22,3,7,3,0
Golf6,4,PRRR,89,23,4,2,1,0
Golf6,4,PRRR,89,24,4,6,1,0
Golf6,4,PRRR,89,25,1,2,1,829
Golf6,4,PRRR,89,26,1,6,2,2331
Golf6,4,PRRR,89,27,2,2,1,0
Golf6,4,PRRR,89,28,2,6,3,0
Golf6,4,PRRR,89,29,3,2,2,0
Golf6,4,PRRR,89,30,3,7,1,0
Golf6,4,PRRR,89,31,4,2,1,0
Golf6,4,PRRR,89,32,4,6,1,0
Golf6,4,PRRR,89,33,1,2,2,751
Golf6,4,PRRR,89,34,1,7,2,2464
Golf6,4,PRRR,89,35,2,2,2,0
Golf6,4,PRRR,89,36,2,7,2,0
Golf6,4,PRRR,89,37,3,2,1,0
Golf6,4,PRRR,89,38,3,6,1,0
Golf6,4,PRRR,89,39,4,2,2,0
Golf6,4,PRRR,89,40,4,7,7,0
Golf6,4,PRRR,89,41,1,2,1,563
Golf6,4,PRRR,89,42,1,6,5,1523
Golf6,4,PRRR,90,1,1,6,4,3407
Golf6,4,PRRR,90,2,1,5,2,2806
Golf6,4,PRRR,90,3,2,6,3,0
Golf6,4,PRRR,90,4,2,5,3,0
Golf6,4,PRRR,90,5,3,6,2,0
Golf6,4,PRRR,90,6,3,5,2,0
Golf6,4,PRRR,90,7,4,6,6,0
Golf6,4,PRRR,90,8,4,5,5,0
Golf6,4,PRRR,90,9,1,2,2,1123
Golf6,4,PRRR,90,10,1,7,2,3597
Golf6,4,PRRR,90,11,2,2,2,0
Golf6,4,PRRR,90,12,2,7,4,0
Golf6,4,PRRR,90,13,3,2,1,0
Golf6,4,PRRR,90,14,3,6,5,0
Golf6,4,PRRR,90,15,4,2,1,0
Golf6,4,PRRR,90,16,4,6,2,0
Golf6,4,PRRR,90,17,1,2,2,959
Golf6,4,PRRR,90,18,1,7,1,3069
Golf6,4,PRRR,90,19,2,2,2,0
Golf6,4,PRRR,90,20,2,7,7,0
Golf6,4,PRRR,90,21,3,2,1,0
Golf6,4,PRRR,90,22,3,6,4,0
Golf6,4,PRRR,90,23,4,2,1,0
Golf6,4,PRRR,90,24,4,6,5,0
Golf6,4,PRRR,90,25,1,2,1,819
Golf6,4,PRRR,90,26,1,6,6,2301
Golf6,4,PRRR,90,27,2,2,1,0
Golf6,4,PRRR,90,28,2,6,6,0
Golf6,4,PRRR,90,29,3,2,2,0
Golf6,4,PRRR,90,30,3,7,1,0
Golf6,4,PRRR,90,31,4,2,2,0
Golf6,4,PRRR,90,32,4,7,1,0
Golf6,4,PRRR,90,33,1,2,2,770
Golf6,4,PRRR,90,34,1,7,4,2460
Golf6,4,PRRR,90,35,2,2,2,0
Golf6,4,PRRR,90,36,2,7,3,0
Golf6,4,PRRR,90,37,3,2,2,0
Golf6,4,PRRR,90,38,3,7,7,0
Golf6,4,PRRR,90,39,4,2,1,0
Golf6,4,PRRR,90,40,4,6,1,0
Golf6,4,PRRR,90,41,1,2,2,442
Golf6,4,PRRR,90,42,1,7,6,1421
Golf6,4,PRRR,91,1,1,6,6,3368
Golf6,4,PRRR,91,2,1,5,5,2814
Golf6,4,PRRR,91,3,2,6,6,0
Golf6,4,PRRR,91,4,2,5,2,0
Golf6,4,PRRR,91,5,3,6,6,0
Golf6,4,PRRR,91,6,3,5,2,0
Golf6,4,PRRR,91,7,4,6,3,0
Golf6,4,PRRR,91,8,4,5,5,0
Golf6,4,PRRR,91,9,1,2,2,1124
Golf6,4,PRRR,91,10,1,7,3,3604
Golf6,4,PRRR,91,11,2,2,1,0
Golf6,4,PRRR,91,12,2,6,6,0
Golf6,4,PRRR,91,13,3,2,2,0
Golf6,4,PRRR,91,14,3,7,4,0
Golf6,4,PRRR,91,15,4,2,2,0
Golf6,4,PRRR,91,16,4,7,7,0
Golf6,4,PRRR,91,17,1,2,1,998
Golf6,4,PRRR,91,18,1,6,3,2751
Golf6,4,PRRR,91,19,2,2,1,0
Golf6,4,PRRR,91,20,2,6,6,0
Golf6,4,PRRR,91,21,3,2,2,0
Golf6,4,PRRR,91,22,3,7,3,0
Golf6,4,PRRR,91,23,4,2,1,0
Golf6,4,PRRR,91,24,4,6,1,0
Golf6,4,PRRR,91,25,1,2,2,843
Golf6,4,PRRR,91,26,1,7,4,2801
Golf6,4,PRRR,91,27,2,2,1,0
Golf6,4,PRRR,91,28,2,6,5,0
Golf6,4,PRRR,91,29,3,2,1,0
Golf6,4,PRRR,91,30,3,6,1,0
Golf6,4,PRRR,91,31,4,2,2,0
Golf6,4,PRRR,91,32,4,7,6,0
Golf6,4,PRRR,91,33,1,2,2,707
Golf6,4,PRRR,91,34,1,7,4,2272
Golf6,4,PRRR,91,35,2,2,2,0
Golf6,4,PRRR,91,36,2,7,6,0
Golf6,4,PRRR,91,37,3,2,2,0
Golf6,4,PRRR,91,38,3,7,4,0
Golf6,4,PRRR,91,39,4,2,2,0
Golf6,4,PRRR,91,40,4,7,1,0
Golf6,4,PRRR,91,41,1,2,1,694
Golf6,4,PRRR,91,42,1,6,4,1950
Golf6,4,PRRR,91,43,2,2,1,0
Golf6,4,PRRR,91,44,2,6,4,0
Golf6,4,PRRR,91,45,3,2,1,0
Golf6,4,PRRR,91,46,3,6,1,0
Golf6,4,PRRR,91,47,4,2,1,0
Golf6,4,PRRR,91,48,4,6,4,0
Golf6,4,PRRR,91,49,1,2,1,452
Golf6,4,PRRR,91,50,1,6,1,1221
Golf6,4,PRRR,92,1,1,6,3,3379
Golf6,4,PRRR,92,2,1,5,5,2813
Golf6,4,PRRR,92,3,2,6,3,0
Golf6,4,PRRR,92,4,2,5,4,0
Golf6,4,PRRR,92,5,3,6,1,0
Golf6,4,PRRR,92,6,3,5,3,0
Golf6,4,PRRR,92,7,4,6,4,0
Golf6,4,PRRR,92,8,4,5,5,0
Golf6,4,PRRR,92,9,1,2,2,1110
Golf6,4,PRRR,92,10,1,7,1,3609
Golf6,4,PRRR,92,11,2,2,2,0
Golf6,4,PRRR,92,12,2,7,3,0
Golf6,4,PRRR,92,13,3,2,1,0
Golf6,4,PRRR,92,14,3,6,3,0
Golf6,4,PRRR,92,15,4,2,1,0
Golf6,4,PRRR,92,16,4,6,5,0
Golf6,4,PRRR,92,17,1,2,1,955
Golf6,4,PRRR,92,18,1,6,3,2647
Golf6,4,PRRR,92,19,2,2,2,0
Golf6,4,PRRR,92,20,2,7,7,0
Golf6,4,PRRR,92,21,3,2,2,0
Golf6,4,PRRR,92,22,3,7,1,0
Golf6,4,PRRR,92,23,4,2,2,0
Golf6,4,PRRR,92,24,4,7,1,0
Golf6,4,PRRR,92,25,1,2,1,852
Golf6,4,PRRR,92,26,1,6,1,2406
Golf6,4,PRRR,92,27,2,2,2,0
Golf6,4,PRRR,92,28,2,7,1,0
Golf6,4,PRRR,92,29,3,2,2,0
Golf6,4,PRRR,92,30,3,7,2,0
Golf6,4,PRRR,92,31,4,2,1,0
Golf6,4,PRRR,92,32,4,6,6,0
Golf6,4,PRRR,92,33,1,2,1,826
Golf6,4,PRRR,92,34,1,6,4,2303
Golf6,4,PRRR,92,35,2,2,1,0
Golf6,4,PRRR,92,36,2,6,4,0
Golf6,4,PRRR,92,37,3,2,1,0
Golf6,4,PRRR,92,38,3,6,4,0
Golf6,4,PRRR,92,39,4,2,1,0
Golf6,4,PRRR,92,40,4,6,2,0
Golf6,4,PRRR,92,41,1,2,1,569
Golf6,4,PRRR,92,42,1,6,5,1539
Golf6,4,PRRR,92,43,2,2,1,0
Golf6,4,PRRR,92,44,2,6,1,0
Golf6,4,PRRR,93,1,1,6,5,3404
Golf6,4,PRRR,93,2,1,5,1,2839
Golf6,4,PRRR,93,3,2,6,2,0
Golf6,4,PRRR,93,4,2,5,5,0
Golf6,4,PRRR,93,5,3,6,4,0
Golf6,4,PRRR,93,6,3,5,5,0
Golf6,4,PRRR,93,7,4,6,1,0
Golf6,4,PRRR,93,8,4,5,1,0
Golf6,4,PRRR,93,9,1,2,2,1117
Golf6,4,PRRR,93,10,1,7,6,3611
Golf6,4,PRRR,93,11,2,2,2,0
Golf6,4,PRRR,93,12,2,7,5,0
Golf6,4,PRRR,93,13,3,2,2,0
Golf6,4,PRRR,93,14,3,7,4,0
Golf6,4,PRRR,93,15,4,2,1,0
Golf6,4,PRRR,93,16,4,6,4,0
Golf6,4,PRRR,93,17,1,2,2,940
Golf6,4,PRRR,93,18,1,7,6,3113
Golf6,4,PRRR,93,19,2,2,1,0
Golf6,4,PRRR,93,20,2,6,1,0
Golf6,4,PRRR,93,21,3,2,1,0
Golf6,4,PRRR,93,22,3,6,4,0
Golf6,4,PRRR,93,23,4,2,2,0
Golf6,4,PRRR,93,24,4,7,4,0
Golf6,4,PRRR,93,25,1,2,2,786
Golf6,4,PRRR,93,26,1,7,6,2573
Golf6,4,PRRR,93,27,2,2,2,0
Golf6,4,PRRR,93,28,2,7,6,0
Golf6,4,PRRR,93,29,3,2,1,0
Golf6,4,PRRR,93,30,3,6,4,0
Golf6,4,PRRR,93,31,4,2,2,0
Golf6,4,PRRR,93,32,4,7,2,0
Golf6,4,PRRR,93,33,1,2,1,642
Golf6,4,PRRR,93,34,1,6,4,1710
Golf6,4,PRRR,93,35,2,2,1,0
Golf6,4,PRRR,93,36,2,6,6,0
Golf6,4,PRRR,93,37,3,2,1,0
Golf6,4,PRRR,93,38,3,6,4,0
Golf6,4,PRRR,93,39,4,2,1,0
Golf6,4,PRRR,93,40,4,6,2,0
Golf6,4,PRRR,93,41,1,2,2,607
Golf6,4,PRRR,93,42,1,7,1,1941
Golf6,4,PRRR,93,43,2,2,1,0
Golf6,4,PRRR,93,44,2,6,3,0
Golf6,4,PRRR,94,1,1,6,2,3388
Golf6,4,PRRR,94,2,1,5,1,2823
Golf6,4,PRRR,94,3,2,6,6,0
Golf6,4,PRRR,94,4,2,5,3,0
Golf6,4,PRRR,94,5,3,6,3,0
Golf6,4,PRRR,94,6,3,5,5,0
Golf6,4,PRRR,94,7,4,6,2,0
Golf6,4,PRRR,94,8,4,5,5,0
Golf6,4,PRRR,94,9,1,2,1,1113
Golf6,4,PRRR,94,10,1,6,6,3085
Golf6,4,PRRR,94,11,2,2,2,0
Golf6,4,PRRR,94,12,2,7,6,0
Golf6,4,PRRR,94,13,3,2,1,0
Golf6,4,PRRR,94,14,3,6,1,0
Golf6,4,PRRR,94,15,4,2,1,0
Golf6,4,PRRR,94,16,4,6,4,0
Golf6,4,PRRR,94,17,1,2,1,897
Golf6,4,PRRR,94,18,1,6,4,2503
Golf6,4,PRRR,94,19,2,2,2,0
Golf6,4,PRRR,94,20,2,7,1,0
Golf6,4,PRRR,94,21,3,2,1,0
Golf6,4,PRRR,94,22,3,6,5,0
Golf6,4,PRRR,94,23,4,2,1,0
Golf6,4,PRRR,94,24,4,6,3,0
Golf6,4,PRRR,94,25,1,2,1,716
Golf6,4,PRRR,94,26,1,6,3,1966
Golf6,4,PRRR,94,27,2,2,1,0
Golf6,4,PRRR,94,28,2,6,5,0
Golf6,4,PRRR,94,29,3,2,2,0
Golf6,4,PRRR,94,30,3,7,7,0
Golf6,4,PRRR,94,31,4,2,1,0
Golf6,4,PRRR,94,32,4,6,1,0
Golf6,4,PRRR,94,33,1,2,2,485
Golf6,4,PRRR,94,34,1,7,6,1526
Golf6,4,PRRR,95,1,1,6,1,3386
Golf6,4,PRRR,95,2,1,5,5,2814
Golf6,4,PRRR,95,3,2,6,3,0
Golf6,4,PRRR,95,4,2,5,2,0
Golf6,4,PRRR,95,5,3,6,6,0
Golf6,4,PRRR,95,6,3,5,4,0
Golf6,4,PRRR,95,7,4,6,4,0
Golf6,4,PRRR,95,8,4,5,3,0
Golf6,4,PRRR,95,9,1,2,1,1108
Golf6,4,PRRR,95,10,1,6,5,3060
Golf6,4,PRRR,95,11,2,2,2,0
Golf6,4,PRRR,95,12,2,7,2,0
Golf6,4,PRRR,95,13,3,2,1,0
Golf6,4,PRRR,95,14,3,6,2,0
Golf6,4,PRRR,95,15,4,2,2,0
Golf6,4,PRRR,95,16,4,7,4,0
Golf6,4,PRRR,95,17,1,2,1,948
Golf6,4,PRRR,95,18,1,6,3,2643
Golf6,4,PRRR,95,19,2,2,1,0
Golf6,4,PRRR,95,20,2,6,6,0
Golf6,4,PRRR,95,21,3,2,1,0
Golf6,4,PRRR,95,22,3,6,1,0
Golf6,4,PRRR,95,23,4,2,1,0
Golf6,4,PRRR,95,24,4,6,3,0
Golf6,4,PRRR,95,25,1,2,1,738
Golf6,4,PRRR,95,26,1,6,4,2008
Golf6,4,PRRR,95,27,2,2,2,0
Golf6,4,PRRR,95,28,2,7,2,0
Golf6,4,PRRR,95,29,3,2,2,0
Golf6,4,PRRR,95,30,3,7,7,0
Golf6,4,PRRR,95,31,4,2,1,0
Golf6,4,PRRR,95,32,4,6,4,0
Golf6,4,PRRR,95,33,1,2,1,586
Golf6,4,PRRR,95,34,1,6,2,1585
Golf6,4,PRRR,96,1,1,6,2,3387
Golf6,4,PRRR,96,2,1,5,3,2816
Golf6,4,PRRR,96,3,2,6,6,0
Golf6,4,PRRR,96,4,2,5,3,0
Golf6,4,PRRR,96,5,3,6,4,0
Golf6,4,PRRR,96,6,3,5,4,0
Golf6,4,PRRR,96,7,4,6,1,0
Golf6,4,PRRR,96,8,4,5,2,0
Golf6,4,PRRR,96,9,1,2,1,1102
Golf6,4,PRRR,96,10,1,6,2,3063
Golf6,4,PRRR,96,11,2,2,1,0
Golf6,4,PRRR,96,12,2,6,1,0
Golf6,4,PRRR,96,13,3,2,2,0
Golf6,4,PRRR,96,14,3,7,5,0
Golf6,4,PRRR,96,15,4,2,1,0
Golf6,4,PRRR,96,16,4,6,6,0
Golf6,4,PRRR,96,17,1,2,2,1003
Golf6,4,PRRR,96,18,1,7,5,3226
Golf6,4,PRRR,96,19,2,2,1,0
Golf6,4,PRRR,96,20,2,6,5,0
Golf6,4,PRRR,96,21,3,2,1,0
Golf6,4,PRRR,96,22,3,6,5,0
Golf6,4,PRRR,96,23,4,2,2,0
Golf6,4,PRRR,96,24,4,7,6,0
Golf6,4,PRRR,96,25,1,2,1,823
Golf6,4,PRRR,96,26,1,6,6,2295
Golf6,4,PRRR,96,27,2,2,2,0
Golf6,4,PRRR,96,28,2,7,5,0
Golf6,4,PRRR,96,29,3,2,1,0
Golf6,4,PRRR,96,30,3,6,3,0
Golf6,4,PRRR,96,31,4,2,1,0
Golf6,4,PRRR,96,32,4,6,3,0
Golf6,4,PRRR,96,33,1,2,1,608
Golf6,4,PRRR,96,34,1,6,1,1694
Golf6,4,PRRR,96,35,2,2,2,0
Golf6,4,PRRR,96,36,2,7,7,0
Golf6,4,PRRR,96,37,3,2,1,0
Golf6,4,PRRR,96,38,3,6,6,0
Golf6,4,PRRR,96,39,4,2,2,0
Golf6,4,PRRR,96,40,4,7,6,0
Golf6,4,PRRR,96,41,1,2,2,537
Golf6,4,PRRR,96,42,1,7,1,1754
Golf6,4,PRRR,96,43,2,2,2,0
Golf6,4,PRRR,96,44,2,7,5,0
Golf6,4,PRRR,96,45,3,2,2,0
Golf6,4,PRRR,96,46,3,7,4,0
Golf6,4,PRRR,96,47,4,2,2,0
Golf6,4,PRRR,96,48,4,7,2,0
Golf6,4,PRRR,96,49,1,2,2,530
Golf6,4,PRRR,96,50,1,7,6,1724
Golf6,4,PRRR,96,51,2,2,2,0
Golf6,4,PRRR,96,52,2,7,4,0
Golf6,4,PRRR,96,53,3,2,2,0
Golf6,4,PRRR,96,54,3,7,2,0
Golf6,4,PRRR,96,55,4,2,2,0
Golf6,4,PRRR,96,56,4,7,1,0
Golf6,4,PRRR,96,57,1,2,2,392
Golf6,4,PRRR,96,58,1,7,1,1186
Golf6,4,PRRR,96,59,2,2,2,0
Golf6,4,PRRR,96,60,2,7,7,0
Golf6,4,PRRR,96,61,3,2,2,0
Golf6,4,PRRR,96,62,3,7,1,0
Golf6,4,PRRR,96,63,4,2,2,0
Golf6,4,PRRR,96,64,4,7,1,0
Golf6,4,PRRR,96,65,1,2,2,377
Golf6,4,PRRR,96,66,1,7,4,1189
Golf6,4,PRRR,97,1,1,6,2,3406
Golf6,4,PRRR,97,2,1,5,4,2847
Golf6,4,PRRR,97,3,2,6,6,0
Golf6,4,PRRR,97,4,2,5,2,0
Golf6,4,PRRR,97,5,3,6,3,0
Golf6,4,PRRR,97,6,3,5,1,0
Golf6,4,PRRR,97,7,4,6,6,0
Golf6,4,PRRR,97,8,4,5,5,0
Golf6,4,PRRR,97,9,1,2,1,1107
Golf6,4,PRRR,97,10,1,6,5,3047
Golf6,4,PRRR,97,11,2,2,1,0
Golf6,4,PRRR,97,12,2,6,6,0
Golf6,4,PRRR,97,13,3,2,2,0
Golf6,4,PRRR,97,14,3,7,5,0
Golf6,4,PRRR,97,15,4,2,1,0
Golf6,4,PRRR,97,16,4,6,6,0
Golf6,4,PRRR,97,17,1,2,1,1052
Golf6,4,PRRR,97,18,1,6,1,2915
Golf6,4,PRRR,97,19,2,2,1,0
Golf6,4,PRRR,97,20,2,6,1,0
Golf6,4,PRRR,97,21,3,2,2,0
Golf6,4,PRRR,97,22,3,7,2,0
Golf6,4,PRRR,97,23,4,2,2,0
Golf6,4,PRRR,97,24,4,7,3,0
Golf6,4,PRRR,97,25,1,2,1,909
Golf6,4,PRRR,97,26,1,6,4,2515
Golf6,4,PRRR,97,27,2,2,1,0
Golf6,4,PRRR,97,28,2,6,2,0
Golf6,4,PRRR,97,29,3,2,2,0
Golf6,4,PRRR,97,30,3,7,3,0
Golf6,4,PRRR,97,31,4,2,2,0
Golf6,4,PRRR,97,32,4,7,5,0
Golf6,4,PRRR,97,33,1,2,2,712
Golf6,4,PRRR,97,34,1,7,4,2263
Golf6,4,PRRR,97,35,2,2,1,0
Golf6,4,PRRR,97,36,2,6,3,0
Golf6,4,PRRR,97,37,3,2,1,0
Golf6,4,PRRR,97,38,3,6,2,0
Golf6,4,PRRR,97,39,4,2,2,0
Golf6,4,PRRR,97,40,4,7,5,0
Golf6,4,PRRR,97,41,1,2,2,532
Golf6,4,PRRR,97,42,1,7,7,1690
Golf6,4,PRRR,98,1,1,6,3,3412
Golf6,4,PRRR,98,2,1,5,3,2806
Golf6,4,PRRR,98,3,2,6,5,0
Golf6,4,PRRR,98,4,2,5,2,0
Golf6,4,PRRR,98,5,3,6,4,0
Golf6,4,PRRR,98,6,3,5,2,0
Golf6,4,PRRR,98,7,4,6,5,0
Golf6,4,PRRR,98,8,4,5,3,0
Golf6,4,PRRR,98,9,1,2,1,1099
Golf6,4,PRRR,98,10,1,6,3,3060
Golf6,4,PRRR,98,11,2,2,2,0
Golf6,4,PRRR,98,12,2,7,7,0
Golf6,4,PRRR,98,13,3,2,2,0
Golf6,4,PRRR,98,14,3,7,2,0
Golf6,4,PRRR,98,15,4,2,1,0
Golf6,4,PRRR,98,16,4,6,4,0
Golf6,4,PRRR,98,17,1,2,2,964
Golf6,4,PRRR,98,18,1,7,3,3101
Golf6,4,PRRR,98,19,2,2,2,0
Golf6,4,PRRR,98,20,2,7,7,0
Golf6,4,PRRR,98,21,3,2,1,0
Golf6,4,PRRR,98,22,3,6,5,0
Golf6,4,PRRR,98,23,4,2,2,0
Golf6,4,PRRR,98,24,4,7,4,0
Golf6,4,PRRR,98,25,1,2,2,817
Golf6,4,PRRR,98,26,1,7,7,2677
Golf6,4,PRRR,98,27,2,2,1,0
Golf6,4,PRRR,98,28,2,6,1,0
Golf6,4,PRRR,98,29,3,2,1,0
Golf6,4,PRRR,98,30,3,6,5,0
Golf6,4,PRRR,98,31,4,2,2,0
Golf6,4,PRRR,98,32,4,7,1,0
Golf6,4,PRRR,98,33,1,2,2,692
Golf6,4,PRRR,98,34,1,7,7,2251
Golf6,4,PRRR,98,35,2,2,2,0
Golf6,4,PRRR,98,36,2,7,3,0
Golf6,4,PRRR,98,37,3,2,1,0
Golf6,4,PRRR,98,38,3,6,2,0
Golf6,4,PRRR,98,39,4,2,1,0
Golf6,4,PRRR,98,40,4,6,1,0
Golf6,4,PRRR,98,41,1,2,2,637
Golf6,4,PRRR,98,42,1,7,1,2127
Golf6,4,PRRR,98,43,2,2,1,0
Golf6,4,PRRR,98,44,2,6,4,0
Golf6,4,PRRR,98,45,3,2,2,0
Golf6,4,PRRR,98,46,3,7,4,0
Golf6,4,PRRR,98,47,4,2,1,0
Golf6,4,PRRR,98,48,4,6,1,0
Golf6,4,PRRR,98,49,1,2,2,437
Golf6,4,PRRR,98,50,1,7,6,1425
Golf6,4,PRRR,98,51,2,2,2,0
Golf6,4,PRRR,98,52,2,7,5,0
Golf6,4,PRRR,98,53,3,2,2,0
Golf6,4,PRRR,98,54,3,7,3,0
Golf6,4,PRRR,98,55,4,2,1,0
Golf6,4,PRRR,98,56,4,6,6,0
Golf6,4,PRRR,98,57,1,2,1,347
Golf6,4,PRRR,98,58,1,6,1,886
Golf6,4,PRRR,99,1,1,6,5,3398
Golf6,4,PRRR,99,2,1,5,3,2811
Golf6,4,PRRR,99,3,2,6,1,0
Golf6,4,PRRR,99,4,2,5,5,0
Golf6,4,PRRR,99,5,3,6,6,0
Golf6,4,PRRR,99,6,3,5,1,0
Golf6,4,PRRR,99,7,4,6,4,0
Golf6,4,PRRR,99,8,4,5,3,0
Golf6,4,PRRR,99,9,1,2,2,1095
Golf6,4,PRRR,99,10,1,7,7,3611
Golf6,4,PRRR,99,11,2,2,2,0
Golf6,4,PRRR,99,12,2,7,5,0
Golf6,4,PRRR,99,13,3,2,2,0
Golf6,4,PRRR,99,14,3,7,6,0
Golf6,4,PRRR,99,15,4,2,2,0
Golf6,4,PRRR,99,16,4,7,1,0
Golf6,4,PRRR,99,17,1,2,2,936
Golf6,4,PRRR,99,18,1,7,2,3100
Golf6,4,PRRR,99,19,2,2,1,0
Golf6,4,PRRR,99,20,2,6,6,0
Golf6,4,PRRR,99,21,3,2,2,0
Golf6,4,PRRR,99,22,3,7,3,0
Golf6,4,PRRR,99,23,4,2,2,0
Golf6,4,PRRR,99,24,4,7,2,0
Golf6,4,PRRR,99,25,1,2,1,750
Golf6,4,PRRR,99,26,1,6,2,2082
Golf6,4,PRRR,99,27,2,2,2,0
Golf6,4,PRRR,99,28,2,7,7,0
Golf6,4,PRRR,99,29,3,2,2,0
Golf6,4,PRRR,99,30,3,7,5,0
Golf6,4,PRRR,99,31,4,2,1,0
Golf6,4,PRRR,99,32,4,6,1,0
Golf6,4,PRRR,99,33,1,2,1,497
Golf6,4,PRRR,99,34,1,6,4,1331
Golf6,4,PRRR,100,1,1,6,3,3390
Golf6,4,PRRR,100,2,1,5,4,2829
Golf6,4,PRRR,100,3,2,6,3,0
Golf6,4,PRRR,100,4,2,5,3,0
Golf6,4,PRRR,100,5,3,6,6,0
Golf6,4,PRRR,100,6,3,5,3,0
Golf6,4,PRRR,100,7,4,6,3,0
Golf6,4,PRRR,100,8,4,5,1,0
Golf6,4,PRRR,100,9,1,2,2,1090
Golf6,4,PRRR,100,10,1,7,6,3615
Golf6,4,PRRR,100,11,2,2,2,0
Golf6,4,PRRR,100,12,2,7,7,0
Golf6,4,PRRR,100,13,3,2,2,0
Golf6,4,PRRR,100,14,3,7,7,0
Golf6,4,PRRR,100,15,4,2,2,0
Golf6,4,PRRR,100,16,4,7,5,0
Golf6,4,PRRR,100,17,1,2,2,983
Golf6,4,PRRR,100,18,1,7,7,3249
Golf6,4,PRRR,100,19,2,2,2,0
Golf6,4,PRRR,100,20,2,7,4,0
Golf6,4,PRRR,100,21,3,2,2,0
Golf6,4,PRRR,100,22,3,7,7,0
Golf6,4,PRRR,100,23,4,2,1,0
Golf6,4,PRRR,100,24,4,6,2,0
Golf6,4,PRRR,100,25,1,2,2,851
Golf6,4,PRRR,100,26,1,7,4,2828
Golf6,4,PRRR,100,27,2,2,1,0
Golf6,4,PRRR,100,28,2,6,3,0
Golf6,4,PRRR,100,29,3,2,2,0
Golf6,4,PRRR,100,30,3,7,5,0
Golf6,4,PRRR,100,31,4,2,1,0
Golf6,4,PRRR,100,32,4,6,1,0
Golf6,4,PRRR,100,33,1,2,2,812
Golf6,4,PRRR,100,34,1,7,5,2693
Golf6,4,PRRR,100,35,2,2,1,0
Golf6,4,PRRR,100,36,2,6,5,0
Golf6,4,PRRR,100,37,3,2,1,0
Golf6,4,PRRR,100,38,3,6,1,0
Golf6,4,PRRR,100,39,4,2,1,0
Golf6,4,PRRR,100,40,4,6,5,0
Golf6,4,PRRR,100,41,1,2,1,537
Golf6,4,PRRR,100,42,1,6,1,1511
Golf6,4,PRRR,100,43,2,2,2,0
Golf6,4,PRRR,100,44,2,7,5,0
Golf6,4,PRRR,100,45,3,2,1,0
Golf6,4,PRRR,100,46,3,6,5,0
Golf6,4,PRRR,100,47,4,2,2,0
Golf6,4,PRRR,100,48,4,7,7,0
