game,numPlayers,ai,run,move,player,choices,choice,time
Golf6,4,RRRR,1,1,1,6,5,0
Golf6,4,RRRR,1,2,1,5,5,0
Golf6,4,RRRR,1,3,2,6,5,0
Golf6,4,RRRR,1,4,2,5,2,0
Golf6,4,RRRR,1,5,3,6,5,0
Golf6,4,RRRR,1,6,3,5,5,0
Golf6,4,RRRR,1,7,4,6,4,0
Golf6,4,RRRR,1,8,4,5,5,0
Golf6,4,RRRR,1,9,1,2,2,0
Golf6,4,RRRR,1,10,1,7,3,0
Golf6,4,RRRR,1,11,2,2,2,0
Golf6,4,RRRR,1,12,2,7,4,0
Golf6,4,RRRR,1,13,3,2,2,0
Golf6,4,RRRR,1,14,3,7,3,0
Golf6,4,RRRR,1,15,4,2,1,0
Golf6,4,RRRR,1,16,4,6,4,0
Golf6,4,RRRR,1,17,1,2,2,0
Golf6,4,RRRR,1,18,1,7,7,0
Golf6,4,RRRR,1,19,2,2,2,0
Golf6,4,RRRR,1,20,2,7,7,0
Golf6,4,RRRR,1,21,3,2,1,0
Golf6,4,RRRR,1,22,3,6,5,0
Golf6,4,RRRR,1,23,4,2,2,0
Golf6,4,RRRR,1,24,4,7,5,0
Golf6,4,RRRR,1,25,1,2,2,0
Golf6,4,RRRR,1,26,1,7,4,0
Golf6,4,RRRR,1,27,2,2,1,0
Golf6,4,RRRR,1,28,2,6,1,0
Golf6,4,RRRR,1,29,3,2,1,0
Golf6,4,RRRR,1,30,3,6,1,0
Golf6,4,RRRR,1,31,4,2,1,0
Golf6,4,RRRR,1,32,4,6,6,0
Golf6,4,RRRR,1,33,1,2,1,0
Golf6,4,RRRR,1,34,1,6,2,0
Golf6,4,RRRR,1,35,2,2,1,0
Golf6,4,RRRR,1,36,2,6,2,0
Golf6,4,RRRR,1,37,3,2,2,0
Golf6,4,RRRR,1,38,3,7,6,0
Golf6,4,RRRR,1,39,4,2,1,0
Golf6,4,RRRR,1,40,4,6,4,0
Golf6,4,RRRR,1,41,1,2,1,0
Golf6,4,RRRR,1,42,1,6,4,0
Golf6,4,RRRR,1,43,2,2,1,0
Golf6,4,RRRR,1,44,2,6,5,0
Golf6,4,RRRR,1,45,3,2,1,0
Golf6,4,RRRR,1,46,3,6,5,0
Golf6,4,RRRR,1,47,4,2,2,0
Golf6,4,RRRR,1,48,4,7,2,0
Golf6,4,RRRR,1,49,1,2,2,0
Golf6,4,RRRR,1,50,1,7,4,0
Golf6,4,RRRR,1,51,2,2,2,0
Golf6,4,RRRR,1,52,2,7,6,0
Golf6,4,RRRR,1,53,3,2,2,0
Golf6,4,RRRR,1,54,3,7,7,0
Golf6,4,RRRR,1,55,4,2,2,0
Golf6,4,RRRR,1,56,4,7,4,0
Golf6,4,RRRR,1,57,1,2,2,0
Golf6,4,RRRR,1,58,1,7,5,0
Golf6,4,RRRR,1,59,2,2,2,0
Golf6,4,RRRR,1,60,2,7,1,0
Golf6,4,RRRR,1,61,3,2,2,0
Golf6,4,RRRR,1,62,3,7,7,0
Golf6,4,RRRR,1,63,4,2,2,0
Golf6,4,RRRR,1,64,4,7,5,0
Golf6,4,RRRR,1,65,1,2,2,0
Golf6,4,RRRR,1,66,1,7,4,0
Golf6,4,RRRR,1,67,2,2,2,0
Golf6,4,RRRR,1,68,2,7,5,0
Golf6,4,RRRR,2,1,1,6,6,0
Golf6,4,RRRR,2,2,1,5,4,0
Golf6,4,RRRR,2,3,2,6,6,0
Golf6,4,RRRR,2,4,2,5,2,0
Golf6,4,RRRR,2,5,3,6,2,0
Golf6,4,RRRR,2,6,3,5,5,0
Golf6,4,RRRR,2,7,4,6,1,0
Golf6,4,RRRR,2,8,4,5,3,0
Golf6,4,RRRR,2,9,1,2,1,0
Golf6,4,RRRR,2,10,1,6,4,0
Golf6,4,RRRR,2,11,2,2,1,0
Golf6,4,RRRR,2,12,2,6,2,0
Golf6,4,RRRR,2,13,3,2,2,0
Golf6,4,RRRR,2,14,3,7,3,0
Golf6,4,RRRR,2,15,4,2,2,0
Golf6,4,RRRR,2,16,4,7,4,0
Golf6,4,RRRR,2,17,1,2,2,0
Golf6,4,RRRR,2,18,1,7,6,0
Golf6,4,RRRR,2,19,2,2,2,0
Golf6,4,RRRR,2,20,2,7,4,0
Golf6,4,RRRR,2,21,3,2,2,0
Golf6,4,RRRR,2,22,3,7,7,0
Golf6,4,RRRR,2,23,4,2,2,0
Golf6,4,RRRR,2,24,4,7,4,0
Golf6,4,RRRR,2,25,1,2,1,0
Golf6,4,RRRR,2,26,1,6,3,0
Golf6,4,RRRR,2,27,2,2,1,0
Golf6,4,RRRR,2,28,2,6,6,0
Golf6,4,RRRR,2,29,3,2,1,0
Golf6,4,RRRR,2,30,3,6,1,0
Golf6,4,RRRR,2,31,4,2,1,0
Golf6,4,RRRR,2,32,4,6,3,0
Golf6,4,RRRR,2,33,1,2,2,0
Golf6,4,RRRR,2,34,1,7,4,0
Golf6,4,RRRR,2,35,2,2,2,0
Golf6,4,RRRR,2,36,2,7,3,0
Golf6,4,RRRR,2,37,3,2,2,0
Golf6,4,RRRR,2,38,3,7,6,0
Golf6,4,RRRR,2,39,4,2,1,0
Golf6,4,RRRR,2,40,4,6,1,0
Golf6,4,RRRR,2,41,1,2,1,0
Golf6,4,RRRR,2,42,1,6,2,0
Golf6,4,RRRR,2,43,2,2,1,0
Golf6,4,RRRR,2,44,2,6,2,0
Golf6,4,RRRR,2,45,3,2,2,0
Golf6,4,RRRR,2,46,3,7,4,0
Golf6,4,RRRR,2,47,4,2,2,0
Golf6,4,RRRR,2,48,4,7,6,0
Golf6,4,RRRR,2,49,1,2,1,0
Golf6,4,RRRR,2,50,1,6,6,0
Golf6,4,RRRR,2,51,2,2,2,0
Golf6,4,RRRR,2,52,2,7,3,0
Golf6,4,RRRR,2,53,3,2,1,0
Golf6,4,RRRR,2,54,3,6,2,0
Golf6,4,RRRR,2,55,4,2,2,0
Golf6,4,RRRR,2,56,4,7,7,0
Golf6,4,RRRR,2,57,1,2,2,0
Golf6,4,RRRR,2,58,1,7,6,0
Golf6,4,RRRR,2,59,2,2,2,0
Golf6,4,RRRR,2,60,2,7,7,0
Golf6,4,RRRR,2,61,3,2,1,0
Golf6,4,RRRR,2,62,3,6,5,0
Golf6,4,RRRR,2,63,4,2,2,0
Golf6,4,RRRR,2,64,4,7,4,0
Golf6,4,RRRR,2,65,1,2,2,0
Golf6,4,RRRR,2,66,1,7,4,0
Golf6,4,RRRR,2,67,2,2,2,0
Golf6,4,RRRR,2,68,2,7,5,0
Golf6,4,RRRR,2,69,3,2,2,0
Golf6,4,RRRR,2,70,3,7,4,0
Golf6,4,RRRR,2,71,4,2,1,0
Golf6,4,RRRR,2,72,4,6,1,0
Golf6,4,RRRR,2,73,1,2,2,0
Golf6,4,RRRR,2,74,1,7,4,0
Golf6,4,RRRR,2,75,2,2,2,0
Golf6,4,RRRR,2,76,2,7,5,0
Golf6,4,RRRR,2,77,3,2,1,0
Golf6,4,RRRR,2,78,3,6,2,0
Golf6,4,RRRR,2,79,4,2,2,0
Golf6,4,RRRR,2,80,4,7,6,0
Golf6,4,RRRR,2,81,1,2,2,0
Golf6,4,RRRR,2,82,1,7,2,0
Golf6,4,RRRR,3,1,1,6,5,0
Golf6,4,RRRR,3,2,1,5,4,0
Golf6,4,RRRR,3,3,2,6,1,0
Golf6,4,RRRR,3,4,2,5,1,0
Golf6,4,RRRR,3,5,3,6,5,0
Golf6,4,RRRR,3,6,3,5,1,0
Golf6,4,RRRR,3,7,4,6,6,0
Golf6,4,RRRR,3,8,4,5,2,0
Golf6,4,RRRR,3,9,1,2,1,0
Golf6,4,RRRR,3,10,1,6,2,0
Golf6,4,RRRR,3,11,2,2,2,0
Golf6,4,RRRR,3,12,2,7,2,0
Golf6,4,RRRR,3,13,3,2,1,0
Golf6,4,RRRR,3,14,3,6,3,0
Golf6,4,RRRR,3,15,4,2,1,0
Golf6,4,RRRR,3,16,4,6,1,0
Golf6,4,RRRR,3,17,1,2,2,0
Golf6,4,RRRR,3,18,1,7,3,0
Golf6,4,RRRR,3,19,2,2,2,0
Golf6,4,RRRR,3,20,2,7,6,0
Golf6,4,RRRR,3,21,3,2,1,0
Golf6,4,RRRR,3,22,3,6,4,0
Golf6,4,RRRR,3,23,4,2,2,0
Golf6,4,RRRR,3,24,4,7,2,0
Golf6,4,RRRR,3,25,1,2,2,0
Golf6,4,RRRR,3,26,1,7,7,0
Golf6,4,RRRR,3,27,2,2,1,0
Golf6,4,RRRR,3,28,2,6,2,0
Golf6,4,RRRR,3,29,3,2,2,0
Golf6,4,RRRR,3,30,3,7,7,0
Golf6,4,RRRR,3,31,4,2,2,0
Golf6,4,RRRR,3,32,4,7,6,0
Golf6,4,RRRR,3,33,1,2,2,0
Golf6,4,RRRR,3,34,1,7,7,0
Golf6,4,RRRR,3,35,2,2,1,0
Golf6,4,RRRR,3,36,2,6,2,0
Golf6,4,RRRR,3,37,3,2,2,0
Golf6,4,RRRR,3,38,3,7,3,0
Golf6,4,RRRR,4,1,1,6,1,0
Golf6,4,RRRR,4,2,1,5,4,0
Golf6,4,RRRR,4,3,2,6,3,0
Golf6,4,RRRR,4,4,2,5,4,0
Golf6,4,RRRR,4,5,3,6,2,0
Golf6,4,RRRR,4,6,3,5,4,0
Golf6,4,RRRR,4,7,4,6,4,0
Golf6,4,RRRR,4,8,4,5,5,0
Golf6,4,RRRR,4,9,1,2,2,0
Golf6,4,RRRR,4,10,1,7,5,0
Golf6,4,RRRR,4,11,2,2,2,0
Golf6,4,RRRR,4,12,2,7,4,0
Golf6,4,RRRR,4,13,3,2,1,0
Golf6,4,RRRR,4,14,3,6,3,0
Golf6,4,RRRR,4,15,4,2,1,0
Golf6,4,RRRR,4,16,4,6,3,0
Golf6,4,RRRR,4,17,1,2,1,0
Golf6,4,RRRR,4,18,1,6,6,0
Golf6,4,RRRR,4,19,2,2,1,0
Golf6,4,RRRR,4,20,2,6,3,0
Golf6,4,RRRR,4,21,3,2,2,0
Golf6,4,RRRR,4,22,3,7,1,0
Golf6,4,RRRR,4,23,4,2,2,0
Golf6,4,RRRR,4,24,4,7,4,0
Golf6,4,RRRR,4,25,1,2,1,0
Golf6,4,RRRR,4,26,1,6,5,0
Golf6,4,RRRR,4,27,2,2,1,0
Golf6,4,RRRR,4,28,2,6,6,0
Golf6,4,RRRR,4,29,3,2,1,0
Golf6,4,RRRR,4,30,3,6,1,0
Golf6,4,RRRR,4,31,4,2,1,0
Golf6,4,RRRR,4,32,4,6,1,0
Golf6,4,RRRR,4,33,1,2,2,0
Golf6,4,RRRR,4,34,1,7,1,0
Golf6,4,RRRR,4,35,2,2,1,0
Golf6,4,RRRR,4,36,2,6,6,0
Golf6,4,RRRR,4,37,3,2,1,0
Golf6,4,RRRR,4,38,3,6,5,0
Golf6,4,RRRR,4,39,4,2,1,0
Golf6,4,RRRR,4,40,4,6,6,0
Golf6,4,RRRR,4,41,1,2,1,0
Golf6,4,RRRR,4,42,1,6,4,0
Golf6,4,RRRR,4,43,2,2,2,0
Golf6,4,RRRR,4,44,2,7,1,0
Golf6,4,RRRR,4,45,3,2,1,0
Golf6,4,RRRR,4,46,3,6,3,0
Golf6,4,RRRR,4,47,4,2,2,0
Golf6,4,RRRR,4,48,4,7,5,0
Golf6,4,RRRR,4,49,1,2,2,0
Golf6,4,RRRR,4,50,1,7,1,0
Golf6,4,RRRR,4,51,2,2,1,0
Golf6,4,RRRR,4,52,2,6,3,0
Golf6,4,RRRR,4,53,3,2,2,0
Golf6,4,RRRR,4,54,3,7,7,0
Golf6,4,RRRR,4,55,4,2,2,0
Golf6,4,RRRR,4,56,4,7,1,0
Golf6,4,RRRR,4,57,1,2,1,0
Golf6,4,RRRR,4,58,1,6,2,0
Golf6,4,RRRR,4,59,2,2,2,0
Golf6,4,RRRR,4,60,2,7,2,0
Golf6,4,RRRR,4,61,3,2,2,0
Golf6,4,RRRR,4,62,3,7,7,0
Golf6,4,RRRR,4,63,4,2,1,0
Golf6,4,RRRR,4,64,4,6,4,0
Golf6,4,RRRR,4,65,1,2,1,0
Golf6,4,RRRR,4,66,1,6,1,0
Golf6,4,RRRR,4,67,2,2,1,0
Golf6,4,RRRR,4,68,2,6,1,0
Golf6,4,RRRR,4,69,3,2,1,0
Golf6,4,RRRR,4,70,3,6,6,0
Golf6,4,RRRR,4,71,4,2,1,0
Golf6,4,RRRR,4,72,4,6,2,0
Golf6,4,RRRR,4,73,1,2,1,0
Golf6,4,RRRR,4,74,1,6,2,0
Golf6,4,RRRR,4,75,2,2,1,0
Golf6,4,RRRR,4,76,2,6,6,0
Golf6,4,RRRR,4,77,3,2,1,0
Golf6,4,RRRR,4,78,3,6,2,0
Golf6,4,RRRR,4,79,4,2,1,0
Golf6,4,RRRR,4,80,4,6,4,0
Golf6,4,RRRR,4,81,1,2,1,0
Golf6,4,RRRR,4,82,1,6,5,0
Golf6,4,RRRR,4,83,2,2,2,0
Golf6,4,RRRR,4,84,2,7,2,0
Golf6,4,RRRR,4,85,3,2,1,0
Golf6,4,RRRR,4,86,3,6,5,0
Golf6,4,RRRR,4,87,4,2,1,0
Golf6,4,RRRR,4,88,4,6,2,0
Golf6,4,RRRR,4,89,1,2,1,0
Golf6,4,RRRR,4,90,1,6,2,0
Golf6,4,RRRR,4,91,2,2,1,0
Golf6,4,RRRR,4,92,2,6,6,0
Golf6,4,RRRR,4,93,3,2,1,0
Golf6,4,RRRR,4,94,3,6,2,0
Golf6,4,RRRR,4,95,4,2,1,0
Golf6,4,RRRR,4,96,4,6,1,0
Golf6,4,RRRR,4,97,1,2,2,0
Golf6,4,RRRR,4,98,1,7,5,0
Golf6,4,RRRR,4,99,2,2,1,0
Golf6,4,RRRR,4,100,2,6,1,0
Golf6,4,RRRR,4,101,3,2,1,0
Golf6,4,RRRR,4,102,3,6,1,0
Golf6,4,RRRR,4,103,4,2,1,0
Golf6,4,RRRR,4,104,4,6,6,0
Golf6,4,RRRR,4,105,1,2,2,0
Golf6,4,RRRR,4,106,1,7,6,0
Golf6,4,RRRR,4,107,2,2,2,0
Golf6,4,RRRR,4,108,2,7,1,0
Golf6,4,RRRR,4,109,3,2,2,0
Golf6,4,RRRR,4,110,3,7,1,0
Golf6,4,RRRR,4,111,4,2,1,0
Golf6,4,RRRR,4,112,4,6,5,0
Golf6,4,RRRR,5,1,1,6,3,0
Golf6,4,RRRR,5,2,1,5,1,0
Golf6,4,RRRR,5,3,2,6,2,0
Golf6,4,RRRR,5,4,2,5,4,0
Golf6,4,RRRR,5,5,3,6,5,0
Golf6,4,RRRR,5,6,3,5,1,0
Golf6,4,RRRR,5,7,4,6,6,0
Golf6,4,RRRR,5,8,4,5,1,0
Golf6,4,RRRR,5,9,1,2,1,0
Golf6,4,RRRR,5,10,1,6,2,0
Golf6,4,RRRR,5,11,2,2,1,0
Golf6,4,RRRR,5,12,2,6,6,0
Golf6,4,RRRR,5,13,3,2,2,0
Golf6,4,RRRR,5,14,3,7,7,0
Golf6,4,RRRR,5,15,4,2,1,0
Golf6,4,RRRR,5,16,4,6,2,0
Golf6,4,RRRR,5,17,1,2,1,0
Golf6,4,RRRR,5,18,1,6,1,0
Golf6,4,RRRR,5,19,2,2,1,0
Golf6,4,RRRR,5,20,2,6,3,0
Golf6,4,RRRR,5,21,3,2,2,0
Golf6,4,RRRR,5,22,3,7,2,0
Golf6,4,RRRR,5,23,4,2,2,0
Golf6,4,RRRR,5,24,4,7,2,0
Golf6,4,RRRR,5,25,1,2,1,0
Golf6,4,RRRR,5,26,1,6,6,0
Golf6,4,RRRR,5,27,2,2,1,0
Golf6,4,RRRR,5,28,2,6,6,0
Golf6,4,RRRR,5,29,3,2,1,0
Golf6,4,RRRR,5,30,3,6,1,0
Golf6,4,RRRR,5,31,4,2,1,0
Golf6,4,RRRR,5,32,4,6,3,0
Golf6,4,RRRR,5,33,1,2,2,0
Golf6,4,RRRR,5,34,1,7,3,0
Golf6,4,RRRR,5,35,2,2,2,0
Golf6,4,RRRR,5,36,2,7,1,0
Golf6,4,RRRR,5,37,3,2,2,0
Golf6,4,RRRR,5,38,3,7,5,0
Golf6,4,RRRR,5,39,4,2,2,0
Golf6,4,RRRR,5,40,4,7,1,0
Golf6,4,RRRR,5,41,1,2,2,0
Golf6,4,RRRR,5,42,1,7,7,0
Golf6,4,RRRR,5,43,2,2,2,0
Golf6,4,RRRR,5,44,2,7,6,0
Golf6,4,RRRR,5,45,3,2,1,0
Golf6,4,RRRR,5,46,3,6,5,0
Golf6,4,RRRR,5,47,4,2,2,0
Golf6,4,RRRR,5,48,4,7,7,0
Golf6,4,RRRR,5,49,1,2,1,0
Golf6,4,RRRR,5,50,1,6,2,0
Golf6,4,RRRR,5,51,2,2,2,0
Golf6,4,RRRR,5,52,2,7,3,0
Golf6,4,RRRR,5,53,3,2,2,0
Golf6,4,RRRR,5,54,3,7,3,0
Golf6,4,RRRR,5,55,4,2,2,0
Golf6,4,RRRR,5,56,4,7,4,0
Golf6,4,RRRR,5,57,1,2,1,0
Golf6,4,RRRR,5,58,1,6,1,0
Golf6,4,RRRR,5,59,2,2,1,0
Golf6,4,RRRR,5,60,2,6,4,0
Golf6,4,RRRR,5,61,3,2,1,0
Golf6,4,RRRR,5,62,3,6,1,0
Golf6,4,RRRR,5,63,4,2,2,0
Golf6,4,RRRR,5,64,4,7,2,0
Golf6,4,RRRR,5,65,1,2,1,0
Golf6,4,RRRR,5,66,1,6,5,0
Golf6,4,RRRR,5,67,2,2,2,0
Golf6,4,RRRR,5,68,2,7,4,0
Golf6,4,RRRR,5,69,3,2,2,0
Golf6,4,RRRR,5,70,3,7,4,0
Golf6,4,RRRR,6,1,1,6,5,0
Golf6,4,RRRR,6,2,1,5,3,0
Golf6,4,RRRR,6,3,2,6,4,0
Golf6,4,RRRR,6,4,2,5,4,0
Golf6,4,RRRR,6,5,3,6,3,0
Golf6,4,RRRR,6,6,3,5,2,0
Golf6,4,RRRR,6,7,4,6,2,0
Golf6,4,RRRR,6,8,4,5,1,0
Golf6,4,RRRR,6,9,1,2,2,0
Golf6,4,RRRR,6,10,1,7,2,0
Golf6,4,RRRR,6,11,2,2,1,0
Golf6,4,RRRR,6,12,2,6,6,0
Golf6,4,RRRR,6,13,3,2,2,0
Golf6,4,RRRR,6,14,3,7,6,0
Golf6,4,RRRR,6,15,4,2,2,0
Golf6,4,RRRR,6,16,4,7,2,0
Golf6,4,RRRR,6,17,1,2,2,0
Golf6,4,RRRR,6,18,1,7,1,0
Golf6,4,RRRR,6,19,2,2,1,0
Golf6,4,RRRR,6,20,2,6,6,0
Golf6,4,RRRR,6,21,3,2,1,0
Golf6,4,RRRR,6,22,3,6,2,0
Golf6,4,RRRR,6,23,4,2,2,0
Golf6,4,RRRR,6,24,4,7,4,0
Golf6,4,RRRR,6,25,1,2,1,0
Golf6,4,RRRR,6,26,1,6,5,0
Golf6,4,RRRR,6,27,2,2,2,0
Golf6,4,RRRR,6,28,2,7,1,0
Golf6,4,RRRR,6,29,3,2,1,0
Golf6,4,RRRR,6,30,3,6,1,0
Golf6,4,RRRR,6,31,4,2,2,0
Golf6,4,RRRR,6,32,4,7,3,0
Golf6,4,RRRR,6,33,1,2,2,0
Golf6,4,RRRR,6,34,1,7,2,0
Golf6,4,RRRR,6,35,2,2,1,0
Golf6,4,RRRR,6,36,2,6,3,0
Golf6,4,RRRR,6,37,3,2,1,0
Golf6,4,RRRR,6,38,3,6,4,0
Golf6,4,RRRR,6,39,4,2,1,0
Golf6,4,RRRR,6,40,4,6,1,0
Golf6,4,RRRR,6,41,1,2,2,0
Golf6,4,RRRR,6,42,1,7,6,0
Golf6,4,RRRR,6,43,2,2,2,0
Golf6,4,RRRR,6,44,2,7,7,0
Golf6,4,RRRR,6,45,3,2,2,0
Golf6,4,RRRR,6,46,3,7,6,0
Golf6,4,RRRR,6,47,4,2,2,0
Golf6,4,RRRR,6,48,4,7,1,0
Golf6,4,RRRR,6,49,1,2,1,0
Golf6,4,RRRR,6,50,1,6,6,0
Golf6,4,RRRR,6,51,2,2,2,0
Golf6,4,RRRR,6,52,2,7,4,0
Golf6,4,RRRR,6,53,3,2,1,0
Golf6,4,RRRR,6,54,3,6,1,0
Golf6,4,RRRR,6,55,4,2,2,0
Golf6,4,RRRR,6,56,4,7,2,0
Golf6,4,RRRR,6,57,1,2,2,0
Golf6,4,RRRR,6,58,1,7,7,0
Golf6,4,RRRR,6,59,2,2,2,0
Golf6,4,RRRR,6,60,2,7,6,0
Golf6,4,RRRR,6,61,3,2,2,0
Golf6,4,RRRR,6,62,3,7,2,0
Golf6,4,RRRR,6,63,4,2,2,0
Golf6,4,RRRR,6,64,4,7,3,0
Golf6,4,RRRR,6,65,1,2,2,0
Golf6,4,RRRR,6,66,1,7,1,0
Golf6,4,RRRR,6,67,2,2,1,0
Golf6,4,RRRR,6,68,2,6,3,0
Golf6,4,RRRR,6,69,3,2,1,0
Golf6,4,RRRR,6,70,3,6,4,0
Golf6,4,RRRR,6,71,4,2,2,0
Golf6,4,RRRR,6,72,4,7,1,0
Golf6,4,RRRR,6,73,1,2,2,0
Golf6,4,RRRR,6,74,1,7,6,0
Golf6,4,RRRR,6,75,2,2,1,0
Golf6,4,RRRR,6,76,2,6,3,0
Golf6,4,RRRR,6,77,3,2,1,0
Golf6,4,RRRR,6,78,3,6,1,0
Golf6,4,RRRR,6,79,4,2,2,0
Golf6,4,RRRR,6,80,4,7,4,0
Golf6,4,RRRR,6,81,1,2,2,0
Golf6,4,RRRR,6,82,1,7,2,0
Golf6,4,RRRR,6,83,2,2,2,0
Golf6,4,RRRR,6,84,2,7,7,0
Golf6,4,RRRR,6,85,3,2,1,0
Golf6,4,RRRR,6,86,3,6,4,0
Golf6,4,RRRR,6,87,4,2,1,0
Golf6,4,RRRR,6,88,4,6,2,0
Golf6,4,RRRR,6,89,1,2,1,0
Golf6,4,RRRR,6,90,1,6,1,0
Golf6,4,RRRR,6,91,2,2,2,0
Golf6,4,RRRR,6,92,2,7,3,0
Golf6,4,RRRR,6,93,3,2,1,0
Golf6,4,RRRR,6,94,3,6,4,0
Golf6,4,RRRR,6,95,4,2,2,0
Golf6,4,RRRR,6,96,4,7,2,0
Golf6,4,RRRR,6,97,1,2,1,0
Golf6,4,RRRR,6,98,1,6,6,0
Golf6,4,RRRR,6,99,2,2,1,0
Golf6,4,RRRR,6,100,2,6,6,0
Golf6,4,RRRR,6,101,3,2,2,0
Golf6,4,RRRR,6,102,3,7,7,0
Golf6,4,RRRR,7,1,1,6,2,0
Golf6,4,RRRR,7,2,1,5,1,0
Golf6,4,RRRR,7,3,2,6,5,0
Golf6,4,RRRR,7,4,2,5,5,0
Golf6,4,RRRR,7,5,3,6,2,0
Golf6,4,RRRR,7,6,3,5,5,0
Golf6,4,RRRR,7,7,4,6,4,0
Golf6,4,RRRR,7,8,4,5,1,0
Golf6,4,RRRR,7,9,1,2,2,0
Golf6,4,RRRR,7,10,1,7,2,0
Golf6,4,RRRR,7,11,2,2,1,0
Golf6,4,RRRR,7,12,2,6,5,0
Golf6,4,RRRR,7,13,3,2,1,0
Golf6,4,RRRR,7,14,3,6,2,0
Golf6,4,RRRR,7,15,4,2,1,0
Golf6,4,RRRR,7,16,4,6,2,0
Golf6,4,RRRR,7,17,1,2,1,0
Golf6,4,RRRR,7,18,1,6,1,0
Golf6,4,RRRR,7,19,2,2,2,0
Golf6,4,RRRR,7,20,2,7,6,0
Golf6,4,RRRR,7,21,3,2,2,0
Golf6,4,RRRR,7,22,3,7,5,0
Golf6,4,RRRR,7,23,4,2,1,0
Golf6,4,RRRR,7,24,4,6,5,0
Golf6,4,RRRR,7,25,1,2,1,0
Golf6,4,RRRR,7,26,1,6,5,0
Golf6,4,RRRR,7,27,2,2,1,0
Golf6,4,RRRR,7,28,2,6,3,0
Golf6,4,RRRR,7,29,3,2,2,0
Golf6,4,RRRR,7,30,3,7,5,0
Golf6,4,RRRR,7,31,4,2,2,0
Golf6,4,RRRR,7,32,4,7,2,0
Golf6,4,RRRR,7,33,1,2,2,0
Golf6,4,RRRR,7,34,1,7,5,0
Golf6,4,RRRR,7,35,2,2,2,0
Golf6,4,RRRR,7,36,2,7,2,0
Golf6,4,RRRR,7,37,3,2,1,0
Golf6,4,RRRR,7,38,3,6,2,0
Golf6,4,RRRR,7,39,4,2,1,0
Golf6,4,RRRR,7,40,4,6,3,0
Golf6,4,RRRR,7,41,1,2,2,0
Golf6,4,RRRR,7,42,1,7,2,0
Golf6,4,RRRR,7,43,2,2,2,0
Golf6,4,RRRR,7,44,2,7,3,0
Golf6,4,RRRR,7,45,3,2,1,0
Golf6,4,RRRR,7,46,3,6,4,0
Golf6,4,RRRR,7,47,4,2,1,0
Golf6,4,RRRR,7,48,4,6,5,0
Golf6,4,RRRR,7,49,1,2,1,0
Golf6,4,RRRR,7,50,1,6,4,0
Golf6,4,RRRR,7,51,2,2,2,0
Golf6,4,RRRR,7,52,2,7,3,0
Golf6,4,RRRR,7,53,3,2,1,0
Golf6,4,RRRR,7,54,3,6,3,0
Golf6,4,RRRR,7,55,4,2,1,0
Golf6,4,RRRR,7,56,4,6,1,0
Golf6,4,RRRR,7,57,1,2,1,0
Golf6,4,RRRR,7,58,1,6,5,0
Golf6,4,RRRR,7,59,2,2,2,0
Golf6,4,RRRR,7,60,2,7,5,0
Golf6,4,RRRR,8,1,1,6,1,0
Golf6,4,RRRR,8,2,1,5,2,0
Golf6,4,RRRR,8,3,2,6,1,0
Golf6,4,RRRR,8,4,2,5,4,0
Golf6,4,RRRR,8,5,3,6,6,0
Golf6,4,RRRR,8,6,3,5,2,0
Golf6,4,RRRR,8,7,4,6,2,0
Golf6,4,RRRR,8,8,4,5,4,0
Golf6,4,RRRR,8,9,1,2,2,0
Golf6,4,RRRR,8,10,1,7,3,0
Golf6,4,RRRR,8,11,2,2,2,0
Golf6,4,RRRR,8,12,2,7,6,0
Golf6,4,RRRR,8,13,3,2,1,0
Golf6,4,RRRR,8,14,3,6,6,0
Golf6,4,RRRR,8,15,4,2,1,0
Golf6,4,RRRR,8,16,4,6,4,0
Golf6,4,RRRR,8,17,1,2,2,0
Golf6,4,RRRR,8,18,1,7,2,0
Golf6,4,RRRR,8,19,2,2,2,0
Golf6,4,RRRR,8,20,2,7,4,0
Golf6,4,RRRR,8,21,3,2,1,0
Golf6,4,RRRR,8,22,3,6,2,0
Golf6,4,RRRR,8,23,4,2,2,0
Golf6,4,RRRR,8,24,4,7,1,0
Golf6,4,RRRR,8,25,1,2,2,0
Golf6,4,RRRR,8,26,1,7,5,0
Golf6,4,RRRR,8,27,2,2,2,0
Golf6,4,RRRR,8,28,2,7,4,0
Golf6,4,RRRR,8,29,3,2,2,0
Golf6,4,RRRR,8,30,3,7,7,0
Golf6,4,RRRR,8,31,4,2,2,0
Golf6,4,RRRR,8,32,4,7,2,0
Golf6,4,RRRR,8,33,1,2,1,0
Golf6,4,RRRR,8,34,1,6,3,0
Golf6,4,RRRR,8,35,2,2,2,0
Golf6,4,RRRR,8,36,2,7,2,0
Golf6,4,RRRR,8,37,3,2,1,0
Golf6,4,RRRR,8,38,3,6,3,0
Golf6,4,RRRR,8,39,4,2,1,0
Golf6,4,RRRR,8,40,4,6,1,0
Golf6,4,RRRR,8,41,1,2,1,0
Golf6,4,RRRR,8,42,1,6,4,0
Golf6,4,RRRR,8,43,2,2,1,0
Golf6,4,RRRR,8,44,2,6,4,0
Golf6,4,RRRR,8,45,3,2,1,0
Golf6,4,RRRR,8,46,3,6,1,0
Golf6,4,RRRR,8,47,4,2,1,0
Golf6,4,RRRR,8,48,4,6,5,0
Golf6,4,RRRR,8,49,1,2,2,0
Golf6,4,RRRR,8,50,1,7,1,0
Golf6,4,RRRR,8,51,2,2,1,0
Golf6,4,RRRR,8,52,2,6,2,0
Golf6,4,RRRR,8,53,3,2,2,0
Golf6,4,RRRR,8,54,3,7,1,0
Golf6,4,RRRR,8,55,4,2,2,0
Golf6,4,RRRR,8,56,4,7,6,0
Golf6,4,RRRR,8,57,1,2,1,0
Golf6,4,RRRR,8,58,1,6,3,0
Golf6,4,RRRR,8,59,2,2,1,0
Golf6,4,RRRR,8,60,2,6,5,0
Golf6,4,RRRR,8,61,3,2,2,0
Golf6,4,RRRR,8,62,3,7,5,0
Golf6,4,RRRR,8,63,4,2,1,0
Golf6,4,RRRR,8,64,4,6,1,0
Golf6,4,RRRR,8,65,1,2,2,0
Golf6,4,RRRR,8,66,1,7,5,0
Golf6,4,RRRR,8,67,2,2,2,0
Golf6,4,RRRR,8,68,2,7,7,0
Golf6,4,RRRR,9,1,1,6,3,0
Golf6,4,RRRR,9,2,1,5,1,0
Golf6,4,RRRR,9,3,2,6,4,0
Golf6,4,RRRR,9,4,2,5,2,0
Golf6,4,RRRR,9,5,3,6,3,0
Golf6,4,RRRR,9,6,3,5,5,0
Golf6,4,RRRR,9,7,4,6,2,0
Golf6,4,RRRR,9,8,4,5,3,0
Golf6,4,RRRR,9,9,1,2,1,0
Golf6,4,RRRR,9,10,1,6,4,0
Golf6,4,RRRR,9,11,2,2,2,0
Golf6,4,RRRR,9,12,2,7,5,0
Golf6,4,RRRR,9,13,3,2,2,0
Golf6,4,RRRR,9,14,3,7,5,0
Golf6,4,RRRR,9,15,4,2,1,0
Golf6,4,RRRR,9,16,4,6,3,0
Golf6,4,RRRR,9,17,1,2,2,0
Golf6,4,RRRR,9,18,1,7,7,0
Golf6,4,RRRR,9,19,2,2,1,0
Golf6,4,RRRR,9,20,2,6,2,0
Golf6,4,RRRR,9,21,3,2,2,0
Golf6,4,RRRR,9,22,3,7,5,0
Golf6,4,RRRR,9,23,4,2,1,0
Golf6,4,RRRR,9,24,4,6,5,0
Golf6,4,RRRR,9,25,1,2,2,0
Golf6,4,RRRR,9,26,1,7,3,0
Golf6,4,RRRR,9,27,2,2,2,0
Golf6,4,RRRR,9,28,2,7,1,0
Golf6,4,RRRR,9,29,3,2,2,0
Golf6,4,RRRR,9,30,3,7,4,0
Golf6,4,RRRR,9,31,4,2,1,0
Golf6,4,RRRR,9,32,4,6,1,0
Golf6,4,RRRR,9,33,1,2,2,0
Golf6,4,RRRR,9,34,1,7,5,0
Golf6,4,RRRR,9,35,2,2,2,0
Golf6,4,RRRR,9,36,2,7,6,0
Golf6,4,RRRR,9,37,3,2,1,0
Golf6,4,RRRR,9,38,3,6,2,0
Golf6,4,RRRR,9,39,4,2,1,0
Golf6,4,RRRR,9,40,4,6,1,0
Golf6,4,RRRR,9,41,1,2,1,0
Golf6,4,RRRR,9,42,1,6,2,0
Golf6,4,RRRR,9,43,2,2,1,0
Golf6,4,RRRR,9,44,2,6,6,0
Golf6,4,RRRR,9,45,3,2,1,0
Golf6,4,RRRR,9,46,3,6,3,0
Golf6,4,RRRR,9,47,4,2,1,0
Golf6,4,RRRR,9,48,4,6,2,0
Golf6,4,RRRR,9,49,1,2,1,0
Golf6,4,RRRR,9,50,1,6,3,0
Golf6,4,RRRR,9,51,2,2,2,0
Golf6,4,RRRR,9,52,2,7,3,0
Golf6,4,RRRR,9,53,3,2,2,0
Golf6,4,RRRR,9,54,3,7,3,0
Golf6,4,RRRR,9,55,4,2,2,0
Golf6,4,RRRR,9,56,4,7,1,0
Golf6,4,RRRR,9,57,1,2,2,0
Golf6,4,RRRR,9,58,1,7,6,0
Golf6,4,RRRR,10,1,1,6,3,0
Golf6,4,RRRR,10,2,1,5,4,0
Golf6,4,RRRR,10,3,2,6,5,0
Golf6,4,RRRR,10,4,2,5,2,0
Golf6,4,RRRR,10,5,3,6,4,0
Golf6,4,RRRR,10,6,3,5,5,0
Golf6,4,RRRR,10,7,4,6,5,0
Golf6,4,RRRR,10,8,4,5,1,0
Golf6,4,RRRR,10,9,1,2,1,0
Golf6,4,RRRR,10,10,1,6,1,0
Golf6,4,RRRR,10,11,2,2,2,0
Golf6,4,RRRR,10,12,2,7,3,0
Golf6,4,RRRR,10,13,3,2,2,0
Golf6,4,RRRR,10,14,3,7,2,0
Golf6,4,RRRR,10,15,4,2,1,0
Golf6,4,RRRR,10,16,4,6,3,0
Golf6,4,RRRR,10,17,1,2,2,0
Golf6,4,RRRR,10,18,1,7,6,0
Golf6,4,RRRR,10,19,2,2,2,0
Golf6,4,RRRR,10,20,2,7,4,0
Golf6,4,RRRR,10,21,3,2,1,0
Golf6,4,RRRR,10,22,3,6,3,0
Golf6,4,RRRR,10,23,4,2,1,0
Golf6,4,RRRR,10,24,4,6,1,0
Golf6,4,RRRR,10,25,1,2,1,0
Golf6,4,RRRR,10,26,1,6,1,0
Golf6,4,RRRR,10,27,2,2,2,0
Golf6,4,RRRR,10,28,2,7,3,0
Golf6,4,RRRR,10,29,3,2,2,0
Golf6,4,RRRR,10,30,3,7,4,0
Golf6,4,RRRR,10,31,4,2,2,0
Golf6,4,RRRR,10,32,4,7,6,0
Golf6,4,RRRR,10,33,1,2,1,0
Golf6,4,RRRR,10,34,1,6,1,0
Golf6,4,RRRR,10,35,2,2,2,0
Golf6,4,RRRR,10,36,2,7,5,0
Golf6,4,RRRR,10,37,3,2,2,0
Golf6,4,RRRR,10,38,3,7,2,0
Golf6,4,RRRR,10,39,4,2,2,0
Golf6,4,RRRR,10,40,4,7,3,0
Golf6,4,RRRR,10,41,1,2,2,0
Golf6,4,RRRR,10,42,1,7,4,0
Golf6,4,RRRR,10,43,2,2,2,0
Golf6,4,RRRR,10,44,2,7,7,0
Golf6,4,RRRR,10,45,3,2,1,0
Golf6,4,RRRR,10,46,3,6,5,0
Golf6,4,RRRR,10,47,4,2,1,0
Golf6,4,RRRR,10,48,4,6,5,0
Golf6,4,RRRR,10,49,1,2,2,0
Golf6,4,RRRR,10,50,1,7,1,0
Golf6,4,RRRR,10,51,2,2,1,0
Golf6,4,RRRR,10,52,2,6,6,0
Golf6,4,RRRR,10,53,3,2,1,0
Golf6,4,RRRR,10,54,3,6,5,0
Golf6,4,RRRR,10,55,4,2,1,0
Golf6,4,RRRR,10,56,4,6,4,0
Golf6,4,RRRR,10,57,1,2,2,0
Golf6,4,RRRR,10,58,1,7,5,0
Golf6,4,RRRR,10,59,2,2,2,0
Golf6,4,RRRR,10,60,2,7,2,0
Golf6,4,RRRR,11,1,1,6,3,0
Golf6,4,RRRR,11,2,1,5,4,0
Golf6,4,RRRR,11,3,2,6,4,0
Golf6,4,RRRR,11,4,2,5,2,0
Golf6,4,RRRR,11,5,3,6,3,0
Golf6,4,RRRR,11,6,3,5,1,0
Golf6,4,RRRR,11,7,4,6,5,0
Golf6,4,RRRR,11,8,4,5,2,0
Golf6,4,RRRR,11,9,1,2,2,0
Golf6,4,RRRR,11,10,1,7,2,0
Golf6,4,RRRR,11,11,2,2,1,0
Golf6,4,RRRR,11,12,2,6,6,0
Golf6,4,RRRR,11,13,3,2,1,0
Golf6,4,RRRR,11,14,3,6,4,0
Golf6,4,RRRR,11,15,4,2,2,0
Golf6,4,RRRR,11,16,4,7,6,0
Golf6,4,RRRR,11,17,1,2,1,0
Golf6,4,RRRR,11,18,1,6,2,0
Golf6,4,RRRR,11,19,2,2,1,0
Golf6,4,RRRR,11,20,2,6,6,0
Golf6,4,RRRR,11,21,3,2,1,0
Golf6,4,RRRR,11,22,3,6,6,0
Golf6,4,RRRR,11,23,4,2,1,0
Golf6,4,RRRR,11,24,4,6,3,0
Golf6,4,RRRR,11,25,1,2,1,0
Golf6,4,RRRR,11,26,1,6,1,0
Golf6,4,RRRR,11,27,2,2,2,0
Golf6,4,RRRR,11,28,2,7,6,0
Golf6,4,RRRR,11,29,3,2,2,0
Golf6,4,RRRR,11,30,3,7,4,0
Golf6,4,RRRR,11,31,4,2,1,0
Golf6,4,RRRR,11,32,4,6,6,0
Golf6,4,RRRR,11,33,1,2,1,0
Golf6,4,RRRR,11,34,1,6,3,0
Golf6,4,RRRR,11,35,2,2,1,0
Golf6,4,RRRR,11,36,2,6,6,0
Golf6,4,RRRR,11,37,3,2,2,0
Golf6,4,RRRR,11,38,3,7,5,0
Golf6,4,RRRR,11,39,4,2,2,0
Golf6,4,RRRR,11,40,4,7,1,0
Golf6,4,RRRR,11,41,1,2,1,0
Golf6,4,RRRR,11,42,1,6,2,0
Golf6,4,RRRR,11,43,2,2,2,0
Golf6,4,RRRR,11,44,2,7,3,0
Golf6,4,RRRR,11,45,3,2,2,0
Golf6,4,RRRR,11,46,3,7,5,0
Golf6,4,RRRR,11,47,4,2,2,0
Golf6,4,RRRR,11,48,4,7,5,0
Golf6,4,RRRR,11,49,1,2,1,0
Golf6,4,RRRR,11,50,1,6,3,0
Golf6,4,RRRR,11,51,2,2,2,0
Golf6,4,RRRR,11,52,2,7,3,0
Golf6,4,RRRR,11,53,3,2,2,0
Golf6,4,RRRR,11,54,3,7,2,0
Golf6,4,RRRR,11,55,4,2,2,0
Golf6,4,RRRR,11,56,4,7,7,0
Golf6,4,RRRR,11,57,1,2,2,0
Golf6,4,RRRR,11,58,1,7,1,0
Golf6,4,RRRR,11,59,2,2,1,0
Golf6,4,RRRR,11,60,2,6,1,0
Golf6,4,RRRR,11,61,3,2,1,0
Golf6,4,RRRR,11,62,3,6,1,0
Golf6,4,RRRR,11,63,4,2,2,0
Golf6,4,RRRR,11,64,4,7,6,0
Golf6,4,RRRR,11,65,1,2,1,0
Golf6,4,RRRR,11,66,1,6,1,0
Golf6,4,RRRR,11,67,2,2,2,0
Golf6,4,RRRR,11,68,2,7,5,0
Golf6,4,RRRR,11,69,3,2,2,0
Golf6,4,RRRR,11,70,3,7,3,0
Golf6,4,RRRR,11,71,4,2,2,0
Golf6,4,RRRR,11,72,4,7,3,0
Golf6,4,RRRR,11,73,1,2,1,0
Golf6,4,RRRR,11,74,1,6,2,0
Golf6,4,RRRR,11,75,2,2,2,0
Golf6,4,RRRR,11,76,2,7,7,0
Golf6,4,RRRR,11,77,3,2,1,0
Golf6,4,RRRR,11,78,3,6,5,0
Golf6,4,RRRR,12,1,1,6,1,0
Golf6,4,RRRR,12,2,1,5,2,0
Golf6,4,RRRR,12,3,2,6,3,0
Golf6,4,RRRR,12,4,2,5,5,0
Golf6,4,RRRR,12,5,3,6,1,0
Golf6,4,RRRR,12,6,3,5,1,0
Golf6,4,RRRR,12,7,4,6,6,0
Golf6,4,RRRR,12,8,4,5,5,0
Golf6,4,RRRR,12,9,1,2,1,0
Golf6,4,RRRR,12,10,1,6,3,0
Golf6,4,RRRR,12,11,2,2,2,0
Golf6,4,RRRR,12,12,2,7,3,0
Golf6,4,RRRR,12,13,3,2,1,0
Golf6,4,RRRR,12,14,3,6,3,0
Golf6,4,RRRR,12,15,4,2,1,0
Golf6,4,RRRR,12,16,4,6,6,0
Golf6,4,RRRR,12,17,1,2,1,0
Golf6,4,RRRR,12,18,1,6,1,0
Golf6,4,RRRR,12,19,2,2,2,0
Golf6,4,RRRR,12,20,2,7,4,0
Golf6,4,RRRR,12,21,3,2,1,0
Golf6,4,RRRR,12,22,3,6,5,0
Golf6,4,RRRR,12,23,4,2,2,0
Golf6,4,RRRR,12,24,4,7,5,0
Golf6,4,RRRR,12,25,1,2,1,0
Golf6,4,RRRR,12,26,1,6,3,0
Golf6,4,RRRR,12,27,2,2,1,0
Golf6,4,RRRR,12,28,2,6,6,0
Golf6,4,RRRR,12,29,3,2,1,0
Golf6,4,RRRR,12,30,3,6,1,0
Golf6,4,RRRR,12,31,4,2,1,0
Golf6,4,RRRR,12,32,4,6,3,0
Golf6,4,RRRR,12,33,1,2,1,0
Golf6,4,RRRR,12,34,1,6,6,0
Golf6,4,RRRR,12,35,2,2,1,0
Golf6,4,RRRR,12,36,2,6,2,0
Golf6,4,RRRR,12,37,3,2,2,0
Golf6,4,RRRR,12,38,3,7,3,0
Golf6,4,RRRR,12,39,4,2,2,0
Golf6,4,RRRR,12,40,4,7,2,0
Golf6,4,RRRR,12,41,1,2,2,0
Golf6,4,RRRR,12,42,1,7,6,0
Golf6,4,RRRR,12,43,2,2,2,0
Golf6,4,RRRR,12,44,2,7,1,0
Golf6,4,RRRR,12,45,3,2,1,0
Golf6,4,RRRR,12,46,3,6,2,0
Golf6,4,RRRR,12,47,4,2,2,0
Golf6,4,RRRR,12,48,4,7,2,0
Golf6,4,RRRR,12,49,1,2,2,0
Golf6,4,RRRR,12,50,1,7,5,0
Golf6,4,RRRR,12,51,2,2,1,0
Golf6,4,RRRR,12,52,2,6,6,0
Golf6,4,RRRR,12,53,3,2,2,0
Golf6,4,RRRR,12,54,3,7,5,0
Golf6,4,RRRR,12,55,4,2,1,0
Golf6,4,RRRR,12,56,4,6,2,0
Golf6,4,RRRR,13,1,1,6,6,0
Golf6,4,RRRR,13,2,1,5,2,0
Golf6,4,RRRR,13,3,2,6,4,0
Golf6,4,RRRR,13,4,2,5,1,0
Golf6,4,RRRR,13,5,3,6,5,0
Golf6,4,RRRR,13,6,3,5,2,0
Golf6,4,RRRR,13,7,4,6,1,0
Golf6,4,RRRR,13,8,4,5,5,0
Golf6,4,RRRR,13,9,1,2,2,0
Golf6,4,RRRR,13,10,1,7,7,0
Golf6,4,RRRR,13,11,2,2,2,0
Golf6,4,RRRR,13,12,2,7,1,0
Golf6,4,RRRR,13,13,3,2,2,0
Golf6,4,RRRR,13,14,3,7,2,0
Golf6,4,RRRR,13,15,4,2,2,0
Golf6,4,RRRR,13,16,4,7,3,0
Golf6,4,RRRR,13,17,1,2,2,0
Golf6,4,RRRR,13,18,1,7,4,0
Golf6,4,RRRR,13,19,2,2,2,0
Golf6,4,RRRR,13,20,2,7,3,0
Golf6,4,RRRR,13,21,3,2,1,0
Golf6,4,RRRR,13,22,3,6,5,0
Golf6,4,RRRR,13,23,4,2,1,0
Golf6,4,RRRR,13,24,4,6,4,0
Golf6,4,RRRR,13,25,1,2,1,0
Golf6,4,RRRR,13,26,1,6,3,0
Golf6,4,RRRR,13,27,2,2,1,0
Golf6,4,RRRR,13,28,2,6,4,0
Golf6,4,RRRR,13,29,3,2,1,0
Golf6,4,RRRR,13,30,3,6,3,0
Golf6,4,RRRR,13,31,4,2,2,0
Golf6,4,RRRR,13,32,4,7,1,0
Golf6,4,RRRR,13,33,1,2,1,0
Golf6,4,RRRR,13,34,1,6,1,0
Golf6,4,RRRR,13,35,2,2,2,0
Golf6,4,RRRR,13,36,2,7,1,0
Golf6,4,RRRR,13,37,3,2,1,0
Golf6,4,RRRR,13,38,3,6,4,0
Golf6,4,RRRR,13,39,4,2,2,0
Golf6,4,RRRR,13,40,4,7,2,0
Golf6,4,RRRR,13,41,1,2,2,0
Golf6,4,RRRR,13,42,1,7,1,0
Golf6,4,RRRR,13,43,2,2,1,0
Golf6,4,RRRR,13,44,2,6,3,0
Golf6,4,RRRR,13,45,3,2,2,0
Golf6,4,RRRR,13,46,3,7,7,0
Golf6,4,RRRR,14,1,1,6,3,0
Golf6,4,RRRR,14,2,1,5,2,0
Golf6,4,RRRR,14,3,2,6,2,0
Golf6,4,RRRR,14,4,2,5,3,0
Golf6,4,RRRR,14,5,3,6,4,0
Golf6,4,RRRR,14,6,3,5,4,0
Golf6,4,RRRR,14,7,4,6,5,0
Golf6,4,RRRR,14,8,4,5,5,0
Golf6,4,RRRR,14,9,1,2,1,0
Golf6,4,RRRR,14,10,1,6,6,0
Golf6,4,RRRR,14,11,2,2,1,0
Golf6,4,RRRR,14,12,2,6,6,0
Golf6,4,RRRR,14,13,3,2,2,0
Golf6,4,RRRR,14,14,3,7,7,0
Golf6,4,RRRR,14,15,4,2,1,0
Golf6,4,RRRR,14,16,4,6,2,0
Golf6,4,RRRR,14,17,1,2,1,0
Golf6,4,RRRR,14,18,1,6,2,0
Golf6,4,RRRR,14,19,2,2,2,0
Golf6,4,RRRR,14,20,2,7,7,0
Golf6,4,RRRR,14,21,3,2,2,0
Golf6,4,RRRR,14,22,3,7,2,0
Golf6,4,RRRR,14,23,4,2,2,0
Golf6,4,RRRR,14,24,4,7,6,0
Golf6,4,RRRR,14,25,1,2,1,0
Golf6,4,RRRR,14,26,1,6,1,0
Golf6,4,RRRR,14,27,2,2,2,0
Golf6,4,RRRR,14,28,2,7,2,0
Golf6,4,RRRR,14,29,3,2,2,0
Golf6,4,RRRR,14,30,3,7,3,0
Golf6,4,RRRR,14,31,4,2,2,0
Golf6,4,RRRR,14,32,4,7,2,0
Golf6,4,RRRR,14,33,1,2,1,0
Golf6,4,RRRR,14,34,1,6,3,0
Golf6,4,RRRR,14,35,2,2,2,0
Golf6,4,RRRR,14,36,2,7,1,0
Golf6,4,RRRR,14,37,3,2,2,0
Golf6,4,RRRR,14,38,3,7,4,0
Golf6,4,RRRR,15,1,1,6,5,0
Golf6,4,RRRR,15,2,1,5,4,0
Golf6,4,RRRR,15,3,2,6,1,0
Golf6,4,RRRR,15,4,2,5,4,0
Golf6,4,RRRR,15,5,3,6,5,0
Golf6,4,RRRR,15,6,3,5,3,0
Golf6,4,RRRR,15,7,4,6,3,0
Golf6,4,RRRR,15,8,4,5,4,0
Golf6,4,RRRR,15,9,1,2,2,0
Golf6,4,RRRR,15,10,1,7,2,0
Golf6,4,RRRR,15,11,2,2,2,0
Golf6,4,RRRR,15,12,2,7,4,0
Golf6,4,RRRR,15,13,3,2,1,0
Golf6,4,RRRR,15,14,3,6,4,0
Golf6,4,RRRR,15,15,4,2,2,0
Golf6,4,RRRR,15,16,4,7,6,0
Golf6,4,RRRR,15,17,1,2,1,0
Golf6,4,RRRR,15,18,1,6,3,0
Golf6,4,RRRR,15,19,2,2,1,0
Golf6,4,RRRR,15,20,2,6,5,0
Golf6,4,RRRR,15,21,3,2,1,0
Golf6,4,RRRR,15,22,3,6,1,0
Golf6,4,RRRR,15,23,4,2,2,0
Golf6,4,RRRR,15,24,4,7,4,0
Golf6,4,RRRR,15,25,1,2,1,0
Golf6,4,RRRR,15,26,1,6,1,0
Golf6,4,RRRR,15,27,2,2,2,0
Golf6,4,RRRR,15,28,2,7,6,0
Golf6,4,RRRR,15,29,3,2,2,0
Golf6,4,RRRR,15,30,3,7,7,0
Golf6,4,RRRR,15,31,4,2,1,0
Golf6,4,RRRR,15,32,4,6,3,0
Golf6,4,RRRR,15,33,1,2,1,0
Golf6,4,RRRR,15,34,1,6,5,0
Golf6,4,RRRR,15,35,2,2,1,0
Golf6,4,RRRR,15,36,2,6,2,0
Golf6,4,RRRR,15,37,3,2,2,0
Golf6,4,RRRR,15,38,3,7,3,0
Golf6,4,RRRR,16,1,1,6,5,0
Golf6,4,RRRR,16,2,1,5,5,0
Golf6,4,RRRR,16,3,2,6,1,0
Golf6,4,RRRR,16,4,2,5,5,0
Golf6,4,RRRR,16,5,3,6,5,0
Golf6,4,RRRR,16,6,3,5,3,0
Golf6,4,RRRR,16,7,4,6,1,0
Golf6,4,RRRR,16,8,4,5,2,0
Golf6,4,RRRR,16,9,1,2,1,0
Golf6,4,RRRR,16,10,1,6,5,0
Golf6,4,RRRR,16,11,2,2,1,0
Golf6,4,RRRR,16,12,2,6,4,0
Golf6,4,RRRR,16,13,3,2,2,0
Golf6,4,RRRR,16,14,3,7,2,0
Golf6,4,RRRR,16,15,4,2,2,0
Golf6,4,RRRR,16,16,4,7,6,0
Golf6,4,RRRR,16,17,1,2,1,0
Golf6,4,RRRR,16,18,1,6,6,0
Golf6,4,RRRR,16,19,2,2,1,0
Golf6,4,RRRR,16,20,2,6,2,0
Golf6,4,RRRR,16,21,3,2,2,0
Golf6,4,RRRR,16,22,3,7,7,0
Golf6,4,RRRR,16,23,4,2,2,0
Golf6,4,RRRR,16,24,4,7,5,0
Golf6,4,RRRR,16,25,1,2,1,0
Golf6,4,RRRR,16,26,1,6,1,0
Golf6,4,RRRR,16,27,2,2,2,0
Golf6,4,RRRR,16,28,2,7,3,0
Golf6,4,RRRR,16,29,3,2,1,0
Golf6,4,RRRR,16,30,3,6,3,0
Golf6,4,RRRR,16,31,4,2,2,0
Golf6,4,RRRR,16,32,4,7,4,0
Golf6,4,RRRR,16,33,1,2,2,0
Golf6,4,RRRR,16,34,1,7,2,0
Golf6,4,RRRR,16,35,2,2,1,0
Golf6,4,RRRR,16,36,2,6,6,0
Golf6,4,RRRR,16,37,3,2,1,0
Golf6,4,RRRR,16,38,3,6,3,0
Golf6,4,RRRR,16,39,4,2,2,0
Golf6,4,RRRR,16,40,4,7,1,0
Golf6,4,RRRR,16,41,1,2,2,0
Golf6,4,RRRR,16,42,1,7,1,0
Golf6,4,RRRR,16,43,2,2,2,0
Golf6,4,RRRR,16,44,2,7,5,0
Golf6,4,RRRR,16,45,3,2,2,0
Golf6,4,RRRR,16,46,3,7,7,0
Golf6,4,RRRR,16,47,4,2,2,0
Golf6,4,RRRR,16,48,4,7,6,0
Golf6,4,RRRR,16,49,1,2,2,0
Golf6,4,RRRR,16,50,1,7,1,0
Golf6,4,RRRR,16,51,2,2,1,0
Golf6,4,RRRR,16,52,2,6,5,0
Golf6,4,RRRR,16,53,3,2,2,0
Golf6,4,RRRR,16,54,3,7,2,0
Golf6,4,RRRR,16,55,4,2,2,0
Golf6,4,RRRR,16,56,4,7,4,0
Golf6,4,RRRR,16,57,1,2,2,0
Golf6,4,RRRR,16,58,1,7,1,0
Golf6,4,RRRR,16,59,2,2,1,0
Golf6,4,RRRR,16,60,2,6,2,0
Golf6,4,RRRR,16,61,3,2,2,0
Golf6,4,RRRR,16,62,3,7,4,0
Golf6,4,RRRR,16,63,4,2,1,0
Golf6,4,RRRR,16,64,4,6,4,0
Golf6,4,RRRR,16,65,1,2,1,0
Golf6,4,RRRR,16,66,1,6,2,0
Golf6,4,RRRR,16,67,2,2,2,0
Golf6,4,RRRR,16,68,2,7,7,0
Golf6,4,RRRR,16,69,3,2,2,0
Golf6,4,RRRR,16,70,3,7,6,0
Golf6,4,RRRR,16,71,4,2,2,0
Golf6,4,RRRR,16,72,4,7,6,0
Golf6,4,RRRR,16,73,1,2,2,0
Golf6,4,RRRR,16,74,1,7,7,0
Golf6,4,RRRR,16,75,2,2,1,0
Golf6,4,RRRR,16,76,2,6,2,0
Golf6,4,RRRR,16,77,3,2,1,0
Golf6,4,RRRR,16,78,3,6,2,0
Golf6,4,RRRR,16,79,4,2,1,0
Golf6,4,RRRR,16,80,4,6,5,0
Golf6,4,RRRR,16,81,1,2,2,0
Golf6,4,RRRR,16,82,1,7,3,0
Golf6,4,RRRR,16,83,2,2,2,0
Golf6,4,RRRR,16,84,2,7,2,0
Golf6,4,RRRR,16,85,3,2,2,0
Golf6,4,RRRR,16,86,3,7,2,0
Golf6,4,RRRR,16,87,4,2,2,0
Golf6,4,RRRR,16,88,4,7,4,0
Golf6,4,RRRR,16,89,1,2,1,0
Golf6,4,RRRR,16,90,1,6,2,0
Golf6,4,RRRR,16,91,2,2,1,0
Golf6,4,RRRR,16,92,2,6,1,0
Golf6,4,RRRR,16,93,3,2,1,0
Golf6,4,RRRR,16,94,3,6,3,0
Golf6,4,RRRR,16,95,4,2,1,0
Golf6,4,RRRR,16,96,4,6,5,0
Golf6,4,RRRR,16,97,1,2,2,0
Golf6,4,RRRR,16,98,1,7,1,0
Golf6,4,RRRR,16,99,2,2,2,0
Golf6,4,RRRR,16,100,2,7,1,0
Golf6,4,RRRR,16,101,3,1,1,0
Golf6,4,RRRR,16,102,3,6,1,0
Golf6,4,RRRR,16,103,4,1,1,0
Golf6,4,RRRR,16,104,4,6,2,0
Golf6,4,RRRR,16,105,1,1,1,0
Golf6,4,RRRR,16,106,1,6,5,0
Golf6,4,RRRR,16,107,2,1,1,0
Golf6,4,RRRR,16,108,2,6,3,0
Golf6,4,RRRR,17,1,1,6,2,0
Golf6,4,RRRR,17,2,1,5,4,0
Golf6,4,RRRR,17,3,2,6,2,0
Golf6,4,RRRR,17,4,2,5,2,0
Golf6,4,RRRR,17,5,3,6,2,0
Golf6,4,RRRR,17,6,3,5,2,0
Golf6,4,RRRR,17,7,4,6,5,0
Golf6,4,RRRR,17,8,4,5,3,0
Golf6,4,RRRR,17,9,1,2,1,0
Golf6,4,RRRR,17,10,1,6,5,0
Golf6,4,RRRR,17,11,2,2,2,0
Golf6,4,RRRR,17,12,2,7,2,0
Golf6,4,RRRR,17,13,3,2,2,0
Golf6,4,RRRR,17,14,3,7,7,0
Golf6,4,RRRR,17,15,4,2,1,0
Golf6,4,RRRR,17,16,4,6,2,0
Golf6,4,RRRR,17,17,1,2,1,0
Golf6,4,RRRR,17,18,1,6,3,0
Golf6,4,RRRR,17,19,2,2,2,0
Golf6,4,RRRR,17,20,2,7,6,0
Golf6,4,RRRR,17,21,3,2,1,0
Golf6,4,RRRR,17,22,3,6,1,0
Golf6,4,RRRR,17,23,4,2,1,0
Golf6,4,RRRR,17,24,4,6,3,0
Golf6,4,RRRR,17,25,1,2,1,0
Golf6,4,RRRR,17,26,1,6,4,0
Golf6,4,RRRR,17,27,2,2,2,0
Golf6,4,RRRR,17,28,2,7,5,0
Golf6,4,RRRR,17,29,3,2,2,0
Golf6,4,RRRR,17,30,3,7,5,0
Golf6,4,RRRR,17,31,4,2,2,0
Golf6,4,RRRR,17,32,4,7,4,0
Golf6,4,RRRR,17,33,1,2,2,0
Golf6,4,RRRR,17,34,1,7,1,0
Golf6,4,RRRR,17,35,2,2,2,0
Golf6,4,RRRR,17,36,2,7,3,0
Golf6,4,RRRR,17,37,3,2,2,0
Golf6,4,RRRR,17,38,3,7,6,0
Golf6,4,RRRR,18,1,1,6,2,0
Golf6,4,RRRR,18,2,1,5,1,0
Golf6,4,RRRR,18,3,2,6,3,0
Golf6,4,RRRR,18,4,2,5,4,0
Golf6,4,RRRR,18,5,3,6,6,0
Golf6,4,RRRR,18,6,3,5,3,0
Golf6,4,RRRR,18,7,4,6,3,0
Golf6,4,RRRR,18,8,4,5,3,0
Golf6,4,RRRR,18,9,1,2,1,0
Golf6,4,RRRR,18,10,1,6,3,0
Golf6,4,RRRR,18,11,2,2,2,0
Golf6,4,RRRR,18,12,2,7,7,0
Golf6,4,RRRR,18,13,3,2,1,0
Golf6,4,RRRR,18,14,3,6,1,0
Golf6,4,RRRR,18,15,4,2,2,0
Golf6,4,RRRR,18,16,4,7,4,0
Golf6,4,RRRR,18,17,1,2,2,0
Golf6,4,RRRR,18,18,1,7,5,0
Golf6,4,RRRR,18,19,2,2,2,0
Golf6,4,RRRR,18,20,2,7,2,0
Golf6,4,RRRR,18,21,3,2,2,0
Golf6,4,RRRR,18,22,3,7,2,0
Golf6,4,RRRR,18,23,4,2,2,0
Golf6,4,RRRR,18,24,4,7,2,0
Golf6,4,RRRR,18,25,1,2,1,0
Golf6,4,RRRR,18,26,1,6,4,0
Golf6,4,RRRR,18,27,2,2,2,0
Golf6,4,RRRR,18,28,2,7,3,0
Golf6,4,RRRR,18,29,3,2,2,0
Golf6,4,RRRR,18,30,3,7,7,0
Golf6,4,RRRR,18,31,4,2,1,0
Golf6,4,RRRR,18,32,4,6,6,0
Golf6,4,RRRR,18,33,1,2,1,0
Golf6,4,RRRR,18,34,1,6,3,0
Golf6,4,RRRR,18,35,2,2,2,0
Golf6,4,RRRR,18,36,2,7,1,0
Golf6,4,RRRR,18,37,3,2,1,0
Golf6,4,RRRR,18,38,3,6,5,0
Golf6,4,RRRR,18,39,4,2,1,0
Golf6,4,RRRR,18,40,4,6,1,0
Golf6,4,RRRR,18,41,1,2,1,0
Golf6,4,RRRR,18,42,1,6,3,0
Golf6,4,RRRR,18,43,2,2,1,0
Golf6,4,RRRR,18,44,2,6,5,0
Golf6,4,RRRR,18,45,3,2,1,0
Golf6,4,RRRR,18,46,3,6,3,0
Golf6,4,RRRR,18,47,4,2,1,0
Golf6,4,RRRR,18,48,4,6,4,0
Golf6,4,RRRR,18,49,1,2,1,0
Golf6,4,RRRR,18,50,1,6,5,0
Golf6,4,RRRR,18,51,2,2,1,0
Golf6,4,RRRR,18,52,2,6,5,0
Golf6,4,RRRR,18,53,3,2,1,0
Golf6,4,RRRR,18,54,3,6,2,0
Golf6,4,RRRR,18,55,4,2,1,0
Golf6,4,RRRR,18,56,4,6,5,0
Golf6,4,RRRR,18,57,1,2,2,0
Golf6,4,RRRR,18,58,1,7,7,0
Golf6,4,RRRR,19,1,1,6,1,0
Golf6,4,RRRR,19,2,1,5,2,0
Golf6,4,RRRR,19,3,2,6,4,0
Golf6,4,RRRR,19,4,2,5,2,0
Golf6,4,RRRR,19,5,3,6,4,0
Golf6,4,RRRR,19,6,3,5,5,0
Golf6,4,RRRR,19,7,4,6,2,0
Golf6,4,RRRR,19,8,4,5,3,0
Golf6,4,RRRR,19,9,1,2,1,0
Golf6,4,RRRR,19,10,1,6,5,0
Golf6,4,RRRR,19,11,2,2,1,0
Golf6,4,RRRR,19,12,2,6,4,0
Golf6,4,RRRR,19,13,3,2,1,0
Golf6,4,RRRR,19,14,3,6,5,0
Golf6,4,RRRR,19,15,4,2,2,0
Golf6,4,RRRR,19,16,4,7,7,0
Golf6,4,RRRR,19,17,1,2,1,0
Golf6,4,RRRR,19,18,1,6,2,0
Golf6,4,RRRR,19,19,2,2,1,0
Golf6,4,RRRR,19,20,2,6,6,0
Golf6,4,RRRR,19,21,3,2,1,0
Golf6,4,RRRR,19,22,3,6,4,0
Golf6,4,RRRR,19,23,4,2,1,0
Golf6,4,RRRR,19,24,4,6,2,0
Golf6,4,RRRR,19,25,1,2,1,0
Golf6,4,RRRR,19,26,1,6,5,0
Golf6,4,RRRR,19,27,2,2,2,0
Golf6,4,RRRR,19,28,2,7,1,0
Golf6,4,RRRR,19,29,3,2,1,0
Golf6,4,RRRR,19,30,3,6,5,0
Golf6,4,RRRR,19,31,4,2,2,0
Golf6,4,RRRR,19,32,4,7,7,0
Golf6,4,RRRR,19,33,1,2,2,0
Golf6,4,RRRR,19,34,1,7,2,0
Golf6,4,RRRR,19,35,2,2,1,0
Golf6,4,RRRR,19,36,2,6,2,0
Golf6,4,RRRR,19,37,3,2,1,0
Golf6,4,RRRR,19,38,3,6,3,0
Golf6,4,RRRR,19,39,4,2,1,0
Golf6,4,RRRR,19,40,4,6,2,0
Golf6,4,RRRR,19,41,1,2,1,0
Golf6,4,RRRR,19,42,1,6,2,0
Golf6,4,RRRR,19,43,2,2,1,0
Golf6,4,RRRR,19,44,2,6,2,0
Golf6,4,RRRR,19,45,3,2,1,0
Golf6,4,RRRR,19,46,3,6,4,0
Golf6,4,RRRR,19,47,4,2,2,0
Golf6,4,RRRR,19,48,4,7,5,0
Golf6,4,RRRR,19,49,1,2,2,0
Golf6,4,RRRR,19,50,1,7,3,0
Golf6,4,RRRR,19,51,2,2,2,0
Golf6,4,RRRR,19,52,2,7,1,0
Golf6,4,RRRR,19,53,3,2,2,0
Golf6,4,RRRR,19,54,3,7,6,0
Golf6,4,RRRR,19,55,4,2,1,0
Golf6,4,RRRR,19,56,4,6,3,0
Golf6,4,RRRR,19,57,1,2,2,0
Golf6,4,RRRR,19,58,1,7,1,0
Golf6,4,RRRR,19,59,2,2,2,0
Golf6,4,RRRR,19,60,2,7,6,0
Golf6,4,RRRR,19,61,3,2,1,0
Golf6,4,RRRR,19,62,3,6,5,0
Golf6,4,RRRR,19,63,4,2,2,0
Golf6,4,RRRR,19,64,4,7,2,0
Golf6,4,RRRR,19,65,1,2,1,0
Golf6,4,RRRR,19,66,1,6,4,0
Golf6,4,RRRR,19,67,2,2,1,0
Golf6,4,RRRR,19,68,2,6,6,0
Golf6,4,RRRR,19,69,3,2,2,0
Golf6,4,RRRR,19,70,3,7,4,0
Golf6,4,RRRR,19,71,4,2,1,0
Golf6,4,RRRR,19,72,4,6,5,0
Golf6,4,RRRR,20,1,1,6,2,0
Golf6,4,RRRR,20,2,1,5,3,0
Golf6,4,RRRR,20,3,2,6,1,0
Golf6,4,RRRR,20,4,2,5,3,0
Golf6,4,RRRR,20,5,3,6,5,0
Golf6,4,RRRR,20,6,3,5,2,0
Golf6,4,RRRR,20,7,4,6,3,0
Golf6,4,RRRR,20,8,4,5,3,0
Golf6,4,RRRR,20,9,1,2,2,0
Golf6,4,RRRR,20,10,1,7,3,0
Golf6,4,RRRR,20,11,2,2,1,0
Golf6,4,RRRR,20,12,2,6,3,0
Golf6,4,RRRR,20,13,3,2,2,0
Golf6,4,RRRR,20,14,3,7,6,0
Golf6,4,RRRR,20,15,4,2,1,0
Golf6,4,RRRR,20,16,4,6,1,0
Golf6,4,RRRR,20,17,1,2,2,0
Golf6,4,RRRR,20,18,1,7,6,0
Golf6,4,RRRR,20,19,2,2,1,0
Golf6,4,RRRR,20,20,2,6,5,0
Golf6,4,RRRR,20,21,3,2,1,0
Golf6,4,RRRR,20,22,3,6,2,0
Golf6,4,RRRR,20,23,4,2,2,0
Golf6,4,RRRR,20,24,4,7,2,0
Golf6,4,RRRR,20,25,1,2,1,0
Golf6,4,RRRR,20,26,1,6,1,0
Golf6,4,RRRR,20,27,2,2,2,0
Golf6,4,RRRR,20,28,2,7,7,0
Golf6,4,RRRR,20,29,3,2,2,0
Golf6,4,RRRR,20,30,3,7,5,0
Golf6,4,RRRR,20,31,4,2,2,0
Golf6,4,RRRR,20,32,4,7,1,0
Golf6,4,RRRR,20,33,1,2,2,0
Golf6,4,RRRR,20,34,1,7,7,0
Golf6,4,RRRR,20,35,2,2,1,0
Golf6,4,RRRR,20,36,2,6,6,0
Golf6,4,RRRR,20,37,3,2,2,0
Golf6,4,RRRR,20,38,3,7,5,0
Golf6,4,RRRR,20,39,4,2,2,0
Golf6,4,RRRR,20,40,4,7,3,0
Golf6,4,RRRR,20,41,1,2,1,0
Golf6,4,RRRR,20,42,1,6,2,0
Golf6,4,RRRR,20,43,2,2,2,0
Golf6,4,RRRR,20,44,2,7,1,0
Golf6,4,RRRR,20,45,3,2,2,0
Golf6,4,RRRR,20,46,3,7,5,0
Golf6,4,RRRR,20,47,4,2,1,0
Golf6,4,RRRR,20,48,4,6,3,0
Golf6,4,RRRR,20,49,1,2,1,0
Golf6,4,RRRR,20,50,1,6,4,0
Golf6,4,RRRR,20,51,2,2,2,0
Golf6,4,RRRR,20,52,2,7,1,0
Golf6,4,RRRR,20,53,3,2,1,0
Golf6,4,RRRR,20,54,3,6,3,0
Golf6,4,RRRR,20,55,4,2,2,0
Golf6,4,RRRR,20,56,4,7,4,0
Golf6,4,RRRR,20,57,1,2,1,0
Golf6,4,RRRR,20,58,1,6,5,0
Golf6,4,RRRR,20,59,2,2,2,0
Golf6,4,RRRR,20,60,2,7,2,0
Golf6,4,RRRR,20,61,3,2,1,0
Golf6,4,RRRR,20,62,3,6,2,0
Golf6,4,RRRR,20,63,4,2,2,0
Golf6,4,RRRR,20,64,4,7,2,0
Golf6,4,RRRR,20,65,1,2,1,0
Golf6,4,RRRR,20,66,1,6,5,0
Golf6,4,RRRR,20,67,2,2,2,0
Golf6,4,RRRR,20,68,2,7,5,0
Golf6,4,RRRR,20,69,3,2,1,0
Golf6,4,RRRR,20,70,3,6,4,0
Golf6,4,RRRR,20,71,4,2,2,0
Golf6,4,RRRR,20,72,4,7,1,0
Golf6,4,RRRR,20,73,1,2,2,0
Golf6,4,RRRR,20,74,1,7,5,0
Golf6,4,RRRR,20,75,2,2,2,0
Golf6,4,RRRR,20,76,2,7,7,0
Golf6,4,RRRR,20,77,3,2,1,0
Golf6,4,RRRR,20,78,3,6,5,0
Golf6,4,RRRR,20,79,4,2,1,0
Golf6,4,RRRR,20,80,4,6,3,0
Golf6,4,RRRR,20,81,1,2,2,0
Golf6,4,RRRR,20,82,1,7,5,0
Golf6,4,RRRR,20,83,2,2,1,0
Golf6,4,RRRR,20,84,2,6,5,0
Golf6,4,RRRR,20,85,3,2,1,0
Golf6,4,RRRR,20,86,3,6,2,0
Golf6,4,RRRR,20,87,4,2,2,0
Golf6,4,RRRR,20,88,4,7,6,0
Golf6,4,RRRR,20,89,1,2,1,0
Golf6,4,RRRR,20,90,1,6,2,0
Golf6,4,RRRR,20,91,2,2,2,0
Golf6,4,RRRR,20,92,2,7,5,0
Golf6,4,RRRR,20,93,3,2,1,0
Golf6,4,RRRR,20,94,3,6,4,0
Golf6,4,RRRR,20,95,4,2,2,0
Golf6,4,RRRR,20,96,4,7,4,0
Golf6,4,RRRR,20,97,1,2,1,0
Golf6,4,RRRR,20,98,1,6,3,0
Golf6,4,RRRR,21,1,1,6,3,0
Golf6,4,RRRR,21,2,1,5,4,0
Golf6,4,RRRR,21,3,2,6,5,0
Golf6,4,RRRR,21,4,2,5,1,0
Golf6,4,RRRR,21,5,3,6,3,0
Golf6,4,RRRR,21,6,3,5,2,0
Golf6,4,RRRR,21,7,4,6,4,0
Golf6,4,RRRR,21,8,4,5,1,0
Golf6,4,RRRR,21,9,1,2,2,0
Golf6,4,RRRR,21,10,1,7,6,0
Golf6,4,RRRR,21,11,2,2,1,0
Golf6,4,RRRR,21,12,2,6,4,0
Golf6,4,RRRR,21,13,3,2,2,0
Golf6,4,RRRR,21,14,3,7,3,0
Golf6,4,RRRR,21,15,4,2,1,0
Golf6,4,RRRR,21,16,4,6,5,0
Golf6,4,RRRR,21,17,1,2,1,0
Golf6,4,RRRR,21,18,1,6,1,0
Golf6,4,RRRR,21,19,2,2,1,0
Golf6,4,RRRR,21,20,2,6,6,0
Golf6,4,RRRR,21,21,3,2,2,0
Golf6,4,RRRR,21,22,3,7,3,0
Golf6,4,RRRR,21,23,4,2,1,0
Golf6,4,RRRR,21,24,4,6,1,0
Golf6,4,RRRR,21,25,1,2,2,0
Golf6,4,RRRR,21,26,1,7,4,0
Golf6,4,RRRR,21,27,2,2,2,0
Golf6,4,RRRR,21,28,2,7,6,0
Golf6,4,RRRR,21,29,3,2,2,0
Golf6,4,RRRR,21,30,3,7,2,0
Golf6,4,RRRR,21,31,4,2,2,0
Golf6,4,RRRR,21,32,4,7,7,0
Golf6,4,RRRR,21,33,1,2,2,0
Golf6,4,RRRR,21,34,1,7,3,0
Golf6,4,RRRR,21,35,2,2,2,0
Golf6,4,RRRR,21,36,2,7,6,0
Golf6,4,RRRR,21,37,3,2,2,0
Golf6,4,RRRR,21,38,3,7,1,0
Golf6,4,RRRR,21,39,4,2,2,0
Golf6,4,RRRR,21,40,4,7,6,0
Golf6,4,RRRR,21,41,1,2,2,0
Golf6,4,RRRR,21,42,1,7,3,0
Golf6,4,RRRR,21,43,2,2,2,0
Golf6,4,RRRR,21,44,2,7,4,0
Golf6,4,RRRR,21,45,3,2,1,0
Golf6,4,RRRR,21,46,3,6,6,0
Golf6,4,RRRR,21,47,4,2,2,0
Golf6,4,RRRR,21,48,4,7,4,0
Golf6,4,RRRR,21,49,1,2,2,0
Golf6,4,RRRR,21,50,1,7,4,0
Golf6,4,RRRR,21,51,2,2,1,0
Golf6,4,RRRR,21,52,2,6,4,0
Golf6,4,RRRR,21,53,3,2,2,0
Golf6,4,RRRR,21,54,3,7,4,0
Golf6,4,RRRR,21,55,4,2,1,0
Golf6,4,RRRR,21,56,4,6,5,0
Golf6,4,RRRR,21,57,1,2,2,0
Golf6,4,RRRR,21,58,1,7,2,0
Golf6,4,RRRR,21,59,2,2,2,0
Golf6,4,RRRR,21,60,2,7,4,0
Golf6,4,RRRR,21,61,3,2,1,0
Golf6,4,RRRR,21,62,3,6,5,0
Golf6,4,RRRR,21,63,4,2,1,0
Golf6,4,RRRR,21,64,4,6,5,0
Golf6,4,RRRR,21,65,1,2,2,0
Golf6,4,RRRR,21,66,1,7,6,0
Golf6,4,RRRR,21,67,2,2,1,0
Golf6,4,RRRR,21,68,2,6,2,0
Golf6,4,RRRR,22,1,1,6,6,0
Golf6,4,RRRR,22,2,1,5,5,0
Golf6,4,RRRR,22,3,2,6,4,0
Golf6,4,RRRR,22,4,2,5,5,0
Golf6,4,RRRR,22,5,3,6,6,0
Golf6,4,RRRR,22,6,3,5,3,0
Golf6,4,RRRR,22,7,4,6,1,0
Golf6,4,RRRR,22,8,4,5,5,0
Golf6,4,RRRR,22,9,1,2,1,0
Golf6,4,RRRR,22,10,1,6,1,0
Golf6,4,RRRR,22,11,2,2,2,0
Golf6,4,RRRR,22,12,2,7,7,0
Golf6,4,RRRR,22,13,3,2,1,0
Golf6,4,RRRR,22,14,3,6,6,0
Golf6,4,RRRR,22,15,4,2,2,0
Golf6,4,RRRR,22,16,4,7,2,0
Golf6,4,RRRR,22,17,1,2,2,0
Golf6,4,RRRR,22,18,1,7,6,0
Golf6,4,RRRR,22,19,2,2,1,0
Golf6,4,RRRR,22,20,2,6,3,0
Golf6,4,RRRR,22,21,3,2,2,0
Golf6,4,RRRR,22,22,3,7,3,0
Golf6,4,RRRR,22,23,4,2,1,0
Golf6,4,RRRR,22,24,4,6,1,0
Golf6,4,RRRR,22,25,1,2,2,0
Golf6,4,RRRR,22,26,1,7,6,0
Golf6,4,RRRR,22,27,2,2,1,0
Golf6,4,RRRR,22,28,2,6,6,0
Golf6,4,RRRR,22,29,3,2,2,0
Golf6,4,RRRR,22,30,3,7,7,0
Golf6,4,RRRR,22,31,4,2,1,0
Golf6,4,RRRR,22,32,4,6,4,0
Golf6,4,RRRR,22,33,1,2,1,0
Golf6,4,RRRR,22,34,1,6,6,0
Golf6,4,RRRR,22,35,2,2,2,0
Golf6,4,RRRR,22,36,2,7,5,0
Golf6,4,RRRR,22,37,3,2,1,0
Golf6,4,RRRR,22,38,3,6,4,0
Golf6,4,RRRR,22,39,4,2,2,0
Golf6,4,RRRR,22,40,4,7,5,0
Golf6,4,RRRR,22,41,1,2,2,0
Golf6,4,RRRR,22,42,1,7,1,0
Golf6,4,RRRR,22,43,2,2,2,0
Golf6,4,RRRR,22,44,2,7,5,0
Golf6,4,RRRR,22,45,3,2,2,0
Golf6,4,RRRR,22,46,3,7,6,0
Golf6,4,RRRR,22,47,4,2,1,0
Golf6,4,RRRR,22,48,4,6,2,0
Golf6,4,RRRR,22,49,1,2,1,0
Golf6,4,RRRR,22,50,1,6,4,0
Golf6,4,RRRR,22,51,2,2,2,0
Golf6,4,RRRR,22,52,2,7,6,0
Golf6,4,RRRR,22,53,3,2,1,0
Golf6,4,RRRR,22,54,3,6,3,0
Golf6,4,RRRR,22,55,4,2,1,0
Golf6,4,RRRR,22,56,4,6,4,0
Golf6,4,RRRR,22,57,1,2,2,0
Golf6,4,RRRR,22,58,1,7,4,0
Golf6,4,RRRR,22,59,2,2,2,0
Golf6,4,RRRR,22,60,2,7,2,0
Golf6,4,RRRR,22,61,3,2,2,0
Golf6,4,RRRR,22,62,3,7,2,0
Golf6,4,RRRR,23,1,1,6,1,0
Golf6,4,RRRR,23,2,1,5,1,0
Golf6,4,RRRR,23,3,2,6,5,0
Golf6,4,RRRR,23,4,2,5,4,0
Golf6,4,RRRR,23,5,3,6,1,0
Golf6,4,RRRR,23,6,3,5,3,0
Golf6,4,RRRR,23,7,4,6,5,0
Golf6,4,RRRR,23,8,4,5,3,0
Golf6,4,RRRR,23,9,1,2,1,0
Golf6,4,RRRR,23,10,1,6,4,0
Golf6,4,RRRR,23,11,2,2,2,0
Golf6,4,RRRR,23,12,2,7,4,0
Golf6,4,RRRR,23,13,3,2,2,0
Golf6,4,RRRR,23,14,3,7,4,0
Golf6,4,RRRR,23,15,4,2,2,0
Golf6,4,RRRR,23,16,4,7,6,0
Golf6,4,RRRR,23,17,1,2,1,0
Golf6,4,RRRR,23,18,1,6,3,0
Golf6,4,RRRR,23,19,2,2,2,0
Golf6,4,RRRR,23,20,2,7,2,0
Golf6,4,RRRR,23,21,3,2,2,0
Golf6,4,RRRR,23,22,3,7,1,0
Golf6,4,RRRR,23,23,4,2,2,0
Golf6,4,RRRR,23,24,4,7,3,0
Golf6,4,RRRR,23,25,1,2,1,0
Golf6,4,RRRR,23,26,1,6,3,0
Golf6,4,RRRR,23,27,2,2,1,0
Golf6,4,RRRR,23,28,2,6,4,0
Golf6,4,RRRR,23,29,3,2,2,0
Golf6,4,RRRR,23,30,3,7,2,0
Golf6,4,RRRR,23,31,4,2,2,0
Golf6,4,RRRR,23,32,4,7,1,0
Golf6,4,RRRR,23,33,1,2,1,0
Golf6,4,RRRR,23,34,1,6,2,0
Golf6,4,RRRR,23,35,2,2,2,0
Golf6,4,RRRR,23,36,2,7,5,0
Golf6,4,RRRR,23,37,3,2,1,0
Golf6,4,RRRR,23,38,3,6,1,0
Golf6,4,RRRR,23,39,4,2,2,0
Golf6,4,RRRR,23,40,4,7,1,0
Golf6,4,RRRR,23,41,1,2,1,0
Golf6,4,RRRR,23,42,1,6,5,0
Golf6,4,RRRR,23,43,2,2,1,0
Golf6,4,RRRR,23,44,2,6,2,0
Golf6,4,RRRR,23,45,3,2,2,0
Golf6,4,RRRR,23,46,3,7,6,0
Golf6,4,RRRR,23,47,4,2,1,0
Golf6,4,RRRR,23,48,4,6,3,0
Golf6,4,RRRR,23,49,1,2,1,0
Golf6,4,RRRR,23,50,1,6,6,0
Golf6,4,RRRR,24,1,1,6,3,0
Golf6,4,RRRR,24,2,1,5,5,0
Golf6,4,RRRR,24,3,2,6,4,0
Golf6,4,RRRR,24,4,2,5,4,0
Golf6,4,RRRR,24,5,3,6,2,0
Golf6,4,RRRR,24,6,3,5,3,0
Golf6,4,RRRR,24,7,4,6,1,0
Golf6,4,RRRR,24,8,4,5,1,0
Golf6,4,RRRR,24,9,1,2,1,0
Golf6,4,RRRR,24,10,1,6,1,0
Golf6,4,RRRR,24,11,2,2,2,0
Golf6,4,RRRR,24,12,2,7,6,0
Golf6,4,RRRR,24,13,3,2,1,0
Golf6,4,RRRR,24,14,3,6,1,0
Golf6,4,RRRR,24,15,4,2,1,0
Golf6,4,RRRR,24,16,4,6,2,0
Golf6,4,RRRR,24,17,1,2,2,0
Golf6,4,RRRR,24,18,1,7,3,0
Golf6,4,RRRR,24,19,2,2,1,0
Golf6,4,RRRR,24,20,2,6,1,0
Golf6,4,RRRR,24,21,3,2,2,0
Golf6,4,RRRR,24,22,3,7,5,0
Golf6,4,RRRR,24,23,4,2,2,0
Golf6,4,RRRR,24,24,4,7,4,0
Golf6,4,RRRR,24,25,1,2,1,0
Golf6,4,RRRR,24,26,1,6,5,0
Golf6,4,RRRR,24,27,2,2,1,0
Golf6,4,RRRR,24,28,2,6,6,0
Golf6,4,RRRR,24,29,3,2,2,0
Golf6,4,RRRR,24,30,3,7,5,0
Golf6,4,RRRR,24,31,4,2,2,0
Golf6,4,RRRR,24,32,4,7,7,0
Golf6,4,RRRR,24,33,1,2,1,0
Golf6,4,RRRR,24,34,1,6,6,0
Golf6,4,RRRR,24,35,2,2,2,0
Golf6,4,RRRR,24,36,2,7,6,0
Golf6,4,RRRR,24,37,3,2,1,0
Golf6,4,RRRR,24,38,3,6,1,0
Golf6,4,RRRR,24,39,4,2,1,0
Golf6,4,RRRR,24,40,4,6,4,0
Golf6,4,RRRR,24,41,1,2,1,0
Golf6,4,RRRR,24,42,1,6,6,0
Golf6,4,RRRR,24,43,2,2,1,0
Golf6,4,RRRR,24,44,2,6,1,0
Golf6,4,RRRR,24,45,3,2,2,0
Golf6,4,RRRR,24,46,3,7,1,0
Golf6,4,RRRR,24,47,4,2,1,0
Golf6,4,RRRR,24,48,4,6,6,0
Golf6,4,RRRR,24,49,1,2,1,0
Golf6,4,RRRR,24,50,1,6,5,0
Golf6,4,RRRR,24,51,2,2,1,0
Golf6,4,RRRR,24,52,2,6,3,0
Golf6,4,RRRR,24,53,3,2,2,0
Golf6,4,RRRR,24,54,3,7,1,0
Golf6,4,RRRR,24,55,4,2,1,0
Golf6,4,RRRR,24,56,4,6,1,0
Golf6,4,RRRR,24,57,1,2,1,0
Golf6,4,RRRR,24,58,1,6,5,0
Golf6,4,RRRR,24,59,2,2,2,0
Golf6,4,RRRR,24,60,2,7,4,0
Golf6,4,RRRR,24,61,3,2,2,0
Golf6,4,RRRR,24,62,3,7,1,0
Golf6,4,RRRR,24,63,4,2,2,0
Golf6,4,RRRR,24,64,4,7,5,0
Golf6,4,RRRR,24,65,1,2,1,0
Golf6,4,RRRR,24,66,1,6,5,0
Golf6,4,RRRR,24,67,2,2,2,0
Golf6,4,RRRR,24,68,2,7,5,0
Golf6,4,RRRR,24,69,3,2,1,0
Golf6,4,RRRR,24,70,3,6,5,0
Golf6,4,RRRR,24,71,4,2,1,0
Golf6,4,RRRR,24,72,4,6,6,0
Golf6,4,RRRR,24,73,1,2,1,0
Golf6,4,RRRR,24,74,1,6,3,0
Golf6,4,RRRR,24,75,2,2,1,0
Golf6,4,RRRR,24,76,2,6,6,0
Golf6,4,RRRR,24,77,3,2,1,0
Golf6,4,RRRR,24,78,3,6,6,0
Golf6,4,RRRR,24,79,4,2,2,0
Golf6,4,RRRR,24,80,4,7,7,0
Golf6,4,RRRR,24,81,1,2,1,0
Golf6,4,RRRR,24,82,1,6,1,0
Golf6,4,RRRR,24,83,2,2,2,0
Golf6,4,RRRR,24,84,2,7,7,0
Golf6,4,RRRR,24,85,3,2,2,0
Golf6,4,RRRR,24,86,3,7,2,0
Golf6,4,RRRR,24,87,4,2,2,0
Golf6,4,RRRR,24,88,4,7,5,0
Golf6,4,RRRR,24,89,1,2,2,0
Golf6,4,RRRR,24,90,1,7,5,0
Golf6,4,RRRR,25,1,1,6,4,0
Golf6,4,RRRR,25,2,1,5,1,0
Golf6,4,RRRR,25,3,2,6,6,0
Golf6,4,RRRR,25,4,2,5,1,0
Golf6,4,RRRR,25,5,3,6,1,0
Golf6,4,RRRR,25,6,3,5,3,0
Golf6,4,RRRR,25,7,4,6,5,0
Golf6,4,RRRR,25,8,4,5,4,0
Golf6,4,RRRR,25,9,1,2,1,0
Golf6,4,RRRR,25,10,1,6,2,0
Golf6,4,RRRR,25,11,2,2,1,0
Golf6,4,RRRR,25,12,2,6,3,0
Golf6,4,RRRR,25,13,3,2,2,0
Golf6,4,RRRR,25,14,3,7,5,0
Golf6,4,RRRR,25,15,4,2,1,0
Golf6,4,RRRR,25,16,4,6,3,0
Golf6,4,RRRR,25,17,1,2,1,0
Golf6,4,RRRR,25,18,1,6,3,0
Golf6,4,RRRR,25,19,2,2,2,0
Golf6,4,RRRR,25,20,2,7,4,0
Golf6,4,RRRR,25,21,3,2,1,0
Golf6,4,RRRR,25,22,3,6,3,0
Golf6,4,RRRR,25,23,4,2,2,0
Golf6,4,RRRR,25,24,4,7,7,0
Golf6,4,RRRR,25,25,1,2,1,0
Golf6,4,RRRR,25,26,1,6,4,0
Golf6,4,RRRR,25,27,2,2,1,0
Golf6,4,RRRR,25,28,2,6,5,0
Golf6,4,RRRR,25,29,3,2,2,0
Golf6,4,RRRR,25,30,3,7,5,0
Golf6,4,RRRR,25,31,4,2,1,0
Golf6,4,RRRR,25,32,4,6,5,0
Golf6,4,RRRR,25,33,1,2,2,0
Golf6,4,RRRR,25,34,1,7,6,0
Golf6,4,RRRR,25,35,2,2,1,0
Golf6,4,RRRR,25,36,2,6,6,0
Golf6,4,RRRR,25,37,3,2,1,0
Golf6,4,RRRR,25,38,3,6,1,0
Golf6,4,RRRR,25,39,4,2,2,0
Golf6,4,RRRR,25,40,4,7,6,0
Golf6,4,RRRR,25,41,1,2,1,0
Golf6,4,RRRR,25,42,1,6,6,0
Golf6,4,RRRR,26,1,1,6,1,0
Golf6,4,RRRR,26,2,1,5,2,0
Golf6,4,RRRR,26,3,2,6,4,0
Golf6,4,RRRR,26,4,2,5,2,0
Golf6,4,RRRR,26,5,3,6,5,0
Golf6,4,RRRR,26,6,3,5,5,0
Golf6,4,RRRR,26,7,4,6,6,0
Golf6,4,RRRR,26,8,4,5,4,0
Golf6,4,RRRR,26,9,1,2,1,0
Golf6,4,RRRR,26,10,1,6,3,0
Golf6,4,RRRR,26,11,2,2,1,0
Golf6,4,RRRR,26,12,2,6,6,0
Golf6,4,RRRR,26,13,3,2,1,0
Golf6,4,RRRR,26,14,3,6,3,0
Golf6,4,RRRR,26,15,4,2,2,0
Golf6,4,RRRR,26,16,4,7,2,0
Golf6,4,RRRR,26,17,1,2,2,0
Golf6,4,RRRR,26,18,1,7,2,0
Golf6,4,RRRR,26,19,2,2,2,0
Golf6,4,RRRR,26,20,2,7,4,0
Golf6,4,RRRR,26,21,3,2,1,0
Golf6,4,RRRR,26,22,3,6,1,0
Golf6,4,RRRR,26,23,4,2,1,0
Golf6,4,RRRR,26,24,4,6,6,0
Golf6,4,RRRR,26,25,1,2,1,0
Golf6,4,RRRR,26,26,1,6,4,0
Golf6,4,RRRR,26,27,2,2,2,0
Golf6,4,RRRR,26,28,2,7,3,0
Golf6,4,RRRR,26,29,3,2,2,0
Golf6,4,RRRR,26,30,3,7,4,0
Golf6,4,RRRR,26,31,4,2,2,0
Golf6,4,RRRR,26,32,4,7,2,0
Golf6,4,RRRR,26,33,1,2,2,0
Golf6,4,RRRR,26,34,1,7,7,0
Golf6,4,RRRR,26,35,2,2,1,0
Golf6,4,RRRR,26,36,2,6,2,0
Golf6,4,RRRR,26,37,3,2,2,0
Golf6,4,RRRR,26,38,3,7,2,0
Golf6,4,RRRR,26,39,4,2,1,0
Golf6,4,RRRR,26,40,4,6,1,0
Golf6,4,RRRR,26,41,1,2,2,0
Golf6,4,RRRR,26,42,1,7,7,0
Golf6,4,RRRR,26,43,2,2,1,0
Golf6,4,RRRR,26,44,2,6,1,0
Golf6,4,RRRR,26,45,3,2,1,0
Golf6,4,RRRR,26,46,3,6,4,0
Golf6,4,RRRR,26,47,4,2,2,0
Golf6,4,RRRR,26,48,4,7,5,0
Golf6,4,RRRR,26,49,1,2,1,0
Golf6,4,RRRR,26,50,1,6,2,0
Golf6,4,RRRR,26,51,2,2,2,0
Golf6,4,RRRR,26,52,2,7,1,0
Golf6,4,RRRR,26,53,3,2,1,0
Golf6,4,RRRR,26,54,3,6,1,0
Golf6,4,RRRR,26,55,4,2,2,0
Golf6,4,RRRR,26,56,4,7,5,0
Golf6,4,RRRR,26,57,1,2,1,0
Golf6,4,RRRR,26,58,1,6,3,0
Golf6,4,RRRR,26,59,2,2,1,0
Golf6,4,RRRR,26,60,2,6,6,0
Golf6,4,RRRR,26,61,3,2,2,0
Golf6,4,RRRR,26,62,3,7,1,0
Golf6,4,RRRR,26,63,4,2,1,0
Golf6,4,RRRR,26,64,4,6,1,0
Golf6,4,RRRR,26,65,1,2,1,0
Golf6,4,RRRR,26,66,1,6,4,0
Golf6,4,RRRR,26,67,2,2,1,0
Golf6,4,RRRR,26,68,2,6,3,0
Golf6,4,RRRR,26,69,3,2,2,0
Golf6,4,RRRR,26,70,3,7,3,0
Golf6,4,RRRR,27,1,1,6,2,0
Golf6,4,RRRR,27,2,1,5,5,0
Golf6,4,RRRR,27,3,2,6,6,0
Golf6,4,RRRR,27,4,2,5,2,0
Golf6,4,RRRR,27,5,3,6,3,0
Golf6,4,RRRR,27,6,3,5,3,0
Golf6,4,RRRR,27,7,4,6,2,0
Golf6,4,RRRR,27,8,4,5,2,0
Golf6,4,RRRR,27,9,1,2,1,0
Golf6,4,RRRR,27,10,1,6,5,0
Golf6,4,RRRR,27,11,2,2,2,0
Golf6,4,RRRR,27,12,2,7,4,0
Golf6,4,RRRR,27,13,3,2,2,0
Golf6,4,RRRR,27,14,3,7,1,0
Golf6,4,RRRR,27,15,4,2,2,0
Golf6,4,RRRR,27,16,4,7,5,0
Golf6,4,RRRR,27,17,1,2,1,0
Golf6,4,RRRR,27,18,1,6,5,0
Golf6,4,RRRR,27,19,2,2,1,0
Golf6,4,RRRR,27,20,2,6,2,0
Golf6,4,RRRR,27,21,3,2,1,0
Golf6,4,RRRR,27,22,3,6,4,0
Golf6,4,RRRR,27,23,4,2,2,0
Golf6,4,RRRR,27,24,4,7,2,0
Golf6,4,RRRR,27,25,1,2,2,0
Golf6,4,RRRR,27,26,1,7,6,0
Golf6,4,RRRR,27,27,2,2,1,0
Golf6,4,RRRR,27,28,2,6,4,0
Golf6,4,RRRR,27,29,3,2,1,0
Golf6,4,RRRR,27,30,3,6,1,0
Golf6,4,RRRR,27,31,4,2,2,0
Golf6,4,RRRR,27,32,4,7,7,0
Golf6,4,RRRR,27,33,1,2,2,0
Golf6,4,RRRR,27,34,1,7,2,0
Golf6,4,RRRR,27,35,2,2,1,0
Golf6,4,RRRR,27,36,2,6,3,0
Golf6,4,RRRR,27,37,3,2,2,0
Golf6,4,RRRR,27,38,3,7,5,0
Golf6,4,RRRR,27,39,4,2,2,0
Golf6,4,RRRR,27,40,4,7,7,0
Golf6,4,RRRR,27,41,1,2,1,0
Golf6,4,RRRR,27,42,1,6,1,0
Golf6,4,RRRR,27,43,2,2,2,0
Golf6,4,RRRR,27,44,2,7,6,0
Golf6,4,RRRR,27,45,3,2,2,0
Golf6,4,RRRR,27,46,3,7,7,0
Golf6,4,RRRR,27,47,4,2,2,0
Golf6,4,RRRR,27,48,4,7,4,0
Golf6,4,RRRR,27,49,1,2,2,0
Golf6,4,RRRR,27,50,1,7,2,0
Golf6,4,RRRR,27,51,2,2,1,0
Golf6,4,RRRR,27,52,2,6,3,0
Golf6,4,RRRR,27,53,3,2,1,0
Golf6,4,RRRR,27,54,3,6,6,0
Golf6,4,RRRR,27,55,4,2,1,0
Golf6,4,RRRR,27,56,4,6,2,0
Golf6,4,RRRR,27,57,1,2,2,0
Golf6,4,RRRR,27,58,1,7,7,0
Golf6,4,RRRR,27,59,2,2,1,0
Golf6,4,RRRR,27,60,2,6,2,0
Golf6,4,RRRR,27,61,3,2,1,0
Golf6,4,RRRR,27,62,3,6,1,0
Golf6,4,RRRR,27,63,4,2,2,0
Golf6,4,RRRR,27,64,4,7,1,0
Golf6,4,RRRR,27,65,1,2,1,0
Golf6,4,RRRR,27,66,1,6,6,0
Golf6,4,RRRR,27,67,2,2,1,0
Golf6,4,RRRR,27,68,2,6,4,0
Golf6,4,RRRR,27,69,3,2,2,0
Golf6,4,RRRR,27,70,3,7,2,0
Golf6,4,RRRR,27,71,4,2,1,0
Golf6,4,RRRR,27,72,4,6,2,0
Golf6,4,RRRR,27,73,1,2,1,0
Golf6,4,RRRR,27,74,1,6,4,0
Golf6,4,RRRR,27,75,2,2,1,0
Golf6,4,RRRR,27,76,2,6,3,0
Golf6,4,RRRR,27,77,3,2,1,0
Golf6,4,RRRR,27,78,3,6,4,0
Golf6,4,RRRR,27,79,4,2,1,0
Golf6,4,RRRR,27,80,4,6,5,0
Golf6,4,RRRR,28,1,1,6,3,0
Golf6,4,RRRR,28,2,1,5,1,0
Golf6,4,RRRR,28,3,2,6,3,0
Golf6,4,RRRR,28,4,2,5,5,0
Golf6,4,RRRR,28,5,3,6,3,0
Golf6,4,RRRR,28,6,3,5,4,0
Golf6,4,RRRR,28,7,4,6,5,0
Golf6,4,RRRR,28,8,4,5,2,0
Golf6,4,RRRR,28,9,1,2,2,0
Golf6,4,RRRR,28,10,1,7,7,0
Golf6,4,RRRR,28,11,2,2,2,0
Golf6,4,RRRR,28,12,2,7,2,0
Golf6,4,RRRR,28,13,3,2,1,0
Golf6,4,RRRR,28,14,3,6,1,0
Golf6,4,RRRR,28,15,4,2,2,0
Golf6,4,RRRR,28,16,4,7,1,0
Golf6,4,RRRR,28,17,1,2,2,0
Golf6,4,RRRR,28,18,1,7,6,0
Golf6,4,RRRR,28,19,2,2,1,0
Golf6,4,RRRR,28,20,2,6,3,0
Golf6,4,RRRR,28,21,3,2,2,0
Golf6,4,RRRR,28,22,3,7,7,0
Golf6,4,RRRR,28,23,4,2,1,0
Golf6,4,RRRR,28,24,4,6,6,0
Golf6,4,RRRR,28,25,1,2,1,0
Golf6,4,RRRR,28,26,1,6,6,0
Golf6,4,RRRR,28,27,2,2,1,0
Golf6,4,RRRR,28,28,2,6,4,0
Golf6,4,RRRR,28,29,3,2,2,0
Golf6,4,RRRR,28,30,3,7,7,0
Golf6,4,RRRR,28,31,4,2,2,0
Golf6,4,RRRR,28,32,4,7,1,0
Golf6,4,RRRR,28,33,1,2,2,0
Golf6,4,RRRR,28,34,1,7,3,0
Golf6,4,RRRR,28,35,2,2,1,0
Golf6,4,RRRR,28,36,2,6,3,0
Golf6,4,RRRR,28,37,3,2,2,0
Golf6,4,RRRR,28,38,3,7,3,0
Golf6,4,RRRR,28,39,4,2,2,0
Golf6,4,RRRR,28,40,4,7,5,0
Golf6,4,RRRR,28,41,1,2,1,0
Golf6,4,RRRR,28,42,1,6,6,0
Golf6,4,RRRR,28,43,2,2,2,0
Golf6,4,RRRR,28,44,2,7,7,0
Golf6,4,RRRR,28,45,3,2,2,0
Golf6,4,RRRR,28,46,3,7,2,0
Golf6,4,RRRR,28,47,4,2,1,0
Golf6,4,RRRR,28,48,4,6,3,0
Golf6,4,RRRR,28,49,1,2,1,0
Golf6,4,RRRR,28,50,1,6,6,0
Golf6,4,RRRR,28,51,2,2,2,0
Golf6,4,RRRR,28,52,2,7,1,0
Golf6,4,RRRR,28,53,3,2,1,0
Golf6,4,RRRR,28,54,3,6,6,0
Golf6,4,RRRR,28,55,4,2,2,0
Golf6,4,RRRR,28,56,4,7,3,0
Golf6,4,RRRR,28,57,1,2,1,0
Golf6,4,RRRR,28,58,1,6,5,0
Golf6,4,RRRR,28,59,2,2,1,0
Golf6,4,RRRR,28,60,2,6,5,0
Golf6,4,RRRR,28,61,3,2,1,0
Golf6,4,RRRR,28,62,3,6,1,0
Golf6,4,RRRR,28,63,4,2,2,0
Golf6,4,RRRR,28,64,4,7,2,0
Golf6,4,RRRR,29,1,1,6,2,0
Golf6,4,RRRR,29,2,1,5,3,0
Golf6,4,RRRR,29,3,2,6,2,0
Golf6,4,RRRR,29,4,2,5,1,0
Golf6,4,RRRR,29,5,3,6,3,0
Golf6,4,RRRR,29,6,3,5,2,0
Golf6,4,RRRR,29,7,4,6,6,0
Golf6,4,RRRR,29,8,4,5,4,0
Golf6,4,RRRR,29,9,1,2,1,0
Golf6,4,RRRR,29,10,1,6,5,0
Golf6,4,RRRR,29,11,2,2,2,0
Golf6,4,RRRR,29,12,2,7,4,0
Golf6,4,RRRR,29,13,3,2,2,0
Golf6,4,RRRR,29,14,3,7,1,0
Golf6,4,RRRR,29,15,4,2,1,0
Golf6,4,RRRR,29,16,4,6,3,0
Golf6,4,RRRR,29,17,1,2,2,0
Golf6,4,RRRR,29,18,1,7,4,0
Golf6,4,RRRR,29,19,2,2,2,0
Golf6,4,RRRR,29,20,2,7,6,0
Golf6,4,RRRR,29,21,3,2,1,0
Golf6,4,RRRR,29,22,3,6,3,0
Golf6,4,RRRR,29,23,4,2,1,0
Golf6,4,RRRR,29,24,4,6,2,0
Golf6,4,RRRR,29,25,1,2,2,0
Golf6,4,RRRR,29,26,1,7,6,0
Golf6,4,RRRR,29,27,2,2,1,0
Golf6,4,RRRR,29,28,2,6,5,0
Golf6,4,RRRR,29,29,3,2,2,0
Golf6,4,RRRR,29,30,3,7,7,0
Golf6,4,RRRR,29,31,4,2,2,0
Golf6,4,RRRR,29,32,4,7,6,0
Golf6,4,RRRR,29,33,1,2,2,0
Golf6,4,RRRR,29,34,1,7,7,0
Golf6,4,RRRR,29,35,2,2,2,0
Golf6,4,RRRR,29,36,2,7,5,0
Golf6,4,RRRR,29,37,3,2,1,0
Golf6,4,RRRR,29,38,3,6,5,0
Golf6,4,RRRR,29,39,4,2,2,0
Golf6,4,RRRR,29,40,4,7,1,0
Golf6,4,RRRR,29,41,1,2,2,0
Golf6,4,RRRR,29,42,1,7,4,0
Golf6,4,RRRR,29,43,2,2,2,0
Golf6,4,RRRR,29,44,2,7,2,0
Golf6,4,RRRR,29,45,3,2,1,0
Golf6,4,RRRR,29,46,3,6,6,0
Golf6,4,RRRR,29,47,4,2,1,0
Golf6,4,RRRR,29,48,4,6,1,0
Golf6,4,RRRR,30,1,1,6,6,0
Golf6,4,RRRR,30,2,1,5,3,0
Golf6,4,RRRR,30,3,2,6,1,0
Golf6,4,RRRR,30,4,2,5,3,0
Golf6,4,RRRR,30,5,3,6,3,0
Golf6,4,RRRR,30,6,3,5,4,0
Golf6,4,RRRR,30,7,4,6,4,0
Golf6,4,RRRR,30,8,4,5,4,0
Golf6,4,RRRR,30,9,1,2,2,0
Golf6,4,RRRR,30,10,1,7,7,0
Golf6,4,RRRR,30,11,2,2,1,0
Golf6,4,RRRR,30,12,2,6,1,0
Golf6,4,RRRR,30,13,3,2,2,0
Golf6,4,RRRR,30,14,3,7,3,0
Golf6,4,RRRR,30,15,4,2,1,0
Golf6,4,RRRR,30,16,4,6,5,0
Golf6,4,RRRR,30,17,1,2,2,0
Golf6,4,RRRR,30,18,1,7,5,0
Golf6,4,RRRR,30,19,2,2,2,0
Golf6,4,RRRR,30,20,2,7,6,0
Golf6,4,RRRR,30,21,3,2,2,0
Golf6,4,RRRR,30,22,3,7,6,0
Golf6,4,RRRR,30,23,4,2,2,0
Golf6,4,RRRR,30,24,4,7,1,0
Golf6,4,RRRR,30,25,1,2,2,0
Golf6,4,RRRR,30,26,1,7,5,0
Golf6,4,RRRR,30,27,2,2,2,0
Golf6,4,RRRR,30,28,2,7,2,0
Golf6,4,RRRR,30,29,3,2,1,0
Golf6,4,RRRR,30,30,3,6,1,0
Golf6,4,RRRR,30,31,4,2,2,0
Golf6,4,RRRR,30,32,4,7,3,0
Golf6,4,RRRR,30,33,1,2,1,0
Golf6,4,RRRR,30,34,1,6,4,0
Golf6,4,RRRR,30,35,2,2,2,0
Golf6,4,RRRR,30,36,2,7,4,0
Golf6,4,RRRR,30,37,3,2,2,0
Golf6,4,RRRR,30,38,3,7,5,0
Golf6,4,RRRR,30,39,4,2,2,0
Golf6,4,RRRR,30,40,4,7,7,0
Golf6,4,RRRR,30,41,1,2,2,0
Golf6,4,RRRR,30,42,1,7,2,0
Golf6,4,RRRR,30,43,2,2,2,0
Golf6,4,RRRR,30,44,2,7,1,0
Golf6,4,RRRR,30,45,3,2,2,0
Golf6,4,RRRR,30,46,3,7,2,0
Golf6,4,RRRR,30,47,4,2,1,0
Golf6,4,RRRR,30,48,4,6,4,0
Golf6,4,RRRR,30,49,1,2,1,0
Golf6,4,RRRR,30,50,1,6,6,0
Golf6,4,RRRR,30,51,2,2,1,0
Golf6,4,RRRR,30,52,2,6,1,0
Golf6,4,RRRR,30,53,3,2,2,0
Golf6,4,RRRR,30,54,3,7,3,0
Golf6,4,RRRR,30,55,4,2,2,0
Golf6,4,RRRR,30,56,4,7,3,0
Golf6,4,RRRR,30,57,1,2,1,0
Golf6,4,RRRR,30,58,1,6,6,0
Golf6,4,RRRR,30,59,2,2,1,0
Golf6,4,RRRR,30,60,2,6,2,0
Golf6,4,RRRR,30,61,3,2,2,0
Golf6,4,RRRR,30,62,3,7,3,0
Golf6,4,RRRR,30,63,4,2,2,0
Golf6,4,RRRR,30,64,4,7,1,0
Golf6,4,RRRR,30,65,1,2,2,0
Golf6,4,RRRR,30,66,1,7,6,0
Golf6,4,RRRR,30,67,2,2,2,0
Golf6,4,RRRR,30,68,2,7,3,0
Golf6,4,RRRR,30,69,3,2,2,0
Golf6,4,RRRR,30,70,3,7,7,0
Golf6,4,RRRR,31,1,1,6,1,0
Golf6,4,RRRR,31,2,1,5,5,0
Golf6,4,RRRR,31,3,2,6,1,0
Golf6,4,RRRR,31,4,2,5,3,0
Golf6,4,RRRR,31,5,3,6,2,0
Golf6,4,RRRR,31,6,3,5,4,0
Golf6,4,RRRR,31,7,4,6,6,0
Golf6,4,RRRR,31,8,4,5,2,0
Golf6,4,RRRR,31,9,1,2,2,0
Golf6,4,RRRR,31,10,1,7,4,0
Golf6,4,RRRR,31,11,2,2,2,0
Golf6,4,RRRR,31,12,2,7,1,0
Golf6,4,RRRR,31,13,3,2,2,0
Golf6,4,RRRR,31,14,3,7,6,0
Golf6,4,RRRR,31,15,4,2,2,0
Golf6,4,RRRR,31,16,4,7,5,0
Golf6,4,RRRR,31,17,1,2,2,0
Golf6,4,RRRR,31,18,1,7,7,0
Golf6,4,RRRR,31,19,2,2,1,0
Golf6,4,RRRR,31,20,2,6,1,0
Golf6,4,RRRR,31,21,3,2,1,0
Golf6,4,RRRR,31,22,3,6,6,0
Golf6,4,RRRR,31,23,4,2,2,0
Golf6,4,RRRR,31,24,4,7,1,0
Golf6,4,RRRR,31,25,1,2,1,0
Golf6,4,RRRR,31,26,1,6,3,0
Golf6,4,RRRR,31,27,2,2,2,0
Golf6,4,RRRR,31,28,2,7,5,0
Golf6,4,RRRR,31,29,3,2,1,0
Golf6,4,RRRR,31,30,3,6,1,0
Golf6,4,RRRR,31,31,4,2,1,0
Golf6,4,RRRR,31,32,4,6,1,0
Golf6,4,RRRR,31,33,1,2,2,0
Golf6,4,RRRR,31,34,1,7,4,0
Golf6,4,RRRR,31,35,2,2,1,0
Golf6,4,RRRR,31,36,2,6,6,0
Golf6,4,RRRR,31,37,3,2,1,0
Golf6,4,RRRR,31,38,3,6,3,0
Golf6,4,RRRR,31,39,4,2,2,0
Golf6,4,RRRR,31,40,4,7,7,0
Golf6,4,RRRR,31,41,1,2,2,0
Golf6,4,RRRR,31,42,1,7,6,0
Golf6,4,RRRR,31,43,2,2,1,0
Golf6,4,RRRR,31,44,2,6,1,0
Golf6,4,RRRR,31,45,3,2,1,0
Golf6,4,RRRR,31,46,3,6,3,0
Golf6,4,RRRR,31,47,4,2,2,0
Golf6,4,RRRR,31,48,4,7,3,0
Golf6,4,RRRR,31,49,1,2,1,0
Golf6,4,RRRR,31,50,1,6,3,0
Golf6,4,RRRR,31,51,2,2,1,0
Golf6,4,RRRR,31,52,2,6,4,0
Golf6,4,RRRR,31,53,3,2,1,0
Golf6,4,RRRR,31,54,3,6,1,0
Golf6,4,RRRR,31,55,4,2,1,0
Golf6,4,RRRR,31,56,4,6,4,0
Golf6,4,RRRR,31,57,1,2,1,0
Golf6,4,RRRR,31,58,1,6,2,0
Golf6,4,RRRR,31,59,2,2,1,0
Golf6,4,RRRR,31,60,2,6,5,0
Golf6,4,RRRR,31,61,3,2,1,0
Golf6,4,RRRR,31,62,3,6,6,0
Golf6,4,RRRR,31,63,4,2,1,0
Golf6,4,RRRR,31,64,4,6,1,0
Golf6,4,RRRR,31,65,1,2,1,0
Golf6,4,RRRR,31,66,1,6,4,0
Golf6,4,RRRR,32,1,1,6,4,0
Golf6,4,RRRR,32,2,1,5,5,0
Golf6,4,RRRR,32,3,2,6,1,0
Golf6,4,RRRR,32,4,2,5,2,0
Golf6,4,RRRR,32,5,3,6,3,0
Golf6,4,RRRR,32,6,3,5,4,0
Golf6,4,RRRR,32,7,4,6,3,0
Golf6,4,RRRR,32,8,4,5,3,0
Golf6,4,RRRR,32,9,1,2,1,0
Golf6,4,RRRR,32,10,1,6,3,0
Golf6,4,RRRR,32,11,2,2,2,0
Golf6,4,RRRR,32,12,2,7,3,0
Golf6,4,RRRR,32,13,3,2,1,0
Golf6,4,RRRR,32,14,3,6,4,0
Golf6,4,RRRR,32,15,4,2,1,0
Golf6,4,RRRR,32,16,4,6,4,0
Golf6,4,RRRR,32,17,1,2,2,0
Golf6,4,RRRR,32,18,1,7,3,0
Golf6,4,RRRR,32,19,2,2,2,0
Golf6,4,RRRR,32,20,2,7,1,0
Golf6,4,RRRR,32,21,3,2,1,0
Golf6,4,RRRR,32,22,3,6,5,0
Golf6,4,RRRR,32,23,4,2,2,0
Golf6,4,RRRR,32,24,4,7,2,0
Golf6,4,RRRR,32,25,1,2,2,0
Golf6,4,RRRR,32,26,1,7,4,0
Golf6,4,RRRR,32,27,2,2,2,0
Golf6,4,RRRR,32,28,2,7,7,0
Golf6,4,RRRR,32,29,3,2,1,0
Golf6,4,RRRR,32,30,3,6,3,0
Golf6,4,RRRR,32,31,4,2,2,0
Golf6,4,RRRR,32,32,4,7,1,0
Golf6,4,RRRR,32,33,1,2,2,0
Golf6,4,RRRR,32,34,1,7,3,0
Golf6,4,RRRR,32,35,2,2,1,0
Golf6,4,RRRR,32,36,2,6,2,0
Golf6,4,RRRR,32,37,3,2,2,0
Golf6,4,RRRR,32,38,3,7,6,0
Golf6,4,RRRR,32,39,4,2,2,0
Golf6,4,RRRR,32,40,4,7,3,0
Golf6,4,RRRR,32,41,1,2,2,0
Golf6,4,RRRR,32,42,1,7,6,0
Golf6,4,RRRR,32,43,2,2,1,0
Golf6,4,RRRR,32,44,2,6,6,0
Golf6,4,RRRR,32,45,3,2,1,0
Golf6,4,RRRR,32,46,3,6,5,0
Golf6,4,RRRR,32,47,4,2,2,0
Golf6,4,RRRR,32,48,4,7,5,0
Golf6,4,RRRR,32,49,1,2,2,0
Golf6,4,RRRR,32,50,1,7,7,0
Golf6,4,RRRR,32,51,2,2,2,0
Golf6,4,RRRR,32,52,2,7,7,0
Golf6,4,RRRR,32,53,3,2,1,0
Golf6,4,RRRR,32,54,3,6,2,0
Golf6,4,RRRR,32,55,4,2,2,0
Golf6,4,RRRR,32,56,4,7,4,0
Golf6,4,RRRR,32,57,1,2,2,0
Golf6,4,RRRR,32,58,1,7,3,0
Golf6,4,RRRR,32,59,2,2,2,0
Golf6,4,RRRR,32,60,2,7,1,0
Golf6,4,RRRR,32,61,3,2,2,0
Golf6,4,RRRR,32,62,3,7,5,0
Golf6,4,RRRR,32,63,4,2,1,0
Golf6,4,RRRR,32,64,4,6,5,0
Golf6,4,RRRR,32,65,1,2,2,0
Golf6,4,RRRR,32,66,1,7,3,0
Golf6,4,RRRR,32,67,2,2,1,0
Golf6,4,RRRR,32,68,2,6,5,0
Golf6,4,RRRR,32,69,3,2,1,0
Golf6,4,RRRR,32,70,3,6,5,0
Golf6,4,RRRR,32,71,4,2,2,0
Golf6,4,RRRR,32,72,4,7,5,0
Golf6,4,RRRR,32,73,1,2,1,0
Golf6,4,RRRR,32,74,1,6,2,0
Golf6,4,RRRR,32,75,2,2,1,0
Golf6,4,RRRR,32,76,2,6,1,0
Golf6,4,RRRR,32,77,3,2,2,0
Golf6,4,RRRR,32,78,3,7,2,0
Golf6,4,RRRR,32,79,4,2,1,0
Golf6,4,RRRR,32,80,4,6,6,0
Golf6,4,RRRR,33,1,1,6,6,0
Golf6,4,RRRR,33,2,1,5,2,0
Golf6,4,RRRR,33,3,2,6,4,0
Golf6,4,RRRR,33,4,2,5,3,0
Golf6,4,RRRR,33,5,3,6,4,0
Golf6,4,RRRR,33,6,3,5,1,0
Golf6,4,RRRR,33,7,4,6,3,0
Golf6,4,RRRR,33,8,4,5,3,0
Golf6,4,RRRR,33,9,1,2,1,0
Golf6,4,RRRR,33,10,1,6,6,0
Golf6,4,RRRR,33,11,2,2,2,0
Golf6,4,RRRR,33,12,2,7,6,0
Golf6,4,RRRR,33,13,3,2,2,0
Golf6,4,RRRR,33,14,3,7,6,0
Golf6,4,RRRR,33,15,4,2,2,0
Golf6,4,RRRR,33,16,4,7,1,0
Golf6,4,RRRR,33,17,1,2,1,0
Golf6,4,RRRR,33,18,1,6,2,0
Golf6,4,RRRR,33,19,2,2,1,0
Golf6,4,RRRR,33,20,2,6,4,0
Golf6,4,RRRR,33,21,3,2,2,0
Golf6,4,RRRR,33,22,3,7,4,0
Golf6,4,RRRR,33,23,4,2,2,0
Golf6,4,RRRR,33,24,4,7,7,0
Golf6,4,RRRR,33,25,1,2,2,0
Golf6,4,RRRR,33,26,1,7,6,0
Golf6,4,RRRR,33,27,2,2,1,0
Golf6,4,RRRR,33,28,2,6,3,0
Golf6,4,RRRR,33,29,3,2,2,0
Golf6,4,RRRR,33,30,3,7,3,0
Golf6,4,RRRR,33,31,4,2,1,0
Golf6,4,RRRR,33,32,4,6,5,0
Golf6,4,RRRR,33,33,1,2,2,0
Golf6,4,RRRR,33,34,1,7,3,0
Golf6,4,RRRR,33,35,2,2,2,0
Golf6,4,RRRR,33,36,2,7,4,0
Golf6,4,RRRR,33,37,3,2,1,0
Golf6,4,RRRR,33,38,3,6,1,0
Golf6,4,RRRR,33,39,4,2,2,0
Golf6,4,RRRR,33,40,4,7,4,0
Golf6,4,RRRR,33,41,1,2,1,0
Golf6,4,RRRR,33,42,1,6,1,0
Golf6,4,RRRR,33,43,2,2,1,0
Golf6,4,RRRR,33,44,2,6,2,0
Golf6,4,RRRR,33,45,3,2,2,0
Golf6,4,RRRR,33,46,3,7,3,0
Golf6,4,RRRR,33,47,4,2,2,0
Golf6,4,RRRR,33,48,4,7,7,0
Golf6,4,RRRR,33,49,1,2,2,0
Golf6,4,RRRR,33,50,1,7,6,0
Golf6,4,RRRR,33,51,2,2,1,0
Golf6,4,RRRR,33,52,2,6,6,0
Golf6,4,RRRR,33,53,3,2,2,0
Golf6,4,RRRR,33,54,3,7,1,0
Golf6,4,RRRR,33,55,4,2,2,0
Golf6,4,RRRR,33,56,4,7,4,0
Golf6,4,RRRR,33,57,1,2,2,0
Golf6,4,RRRR,33,58,1,7,5,0
Golf6,4,RRRR,33,59,2,2,1,0
Golf6,4,RRRR,33,60,2,6,2,0
Golf6,4,RRRR,33,61,3,2,2,0
Golf6,4,RRRR,33,62,3,7,7,0
Golf6,4,RRRR,34,1,1,6,1,0
Golf6,4,RRRR,34,2,1,5,5,0
Golf6,4,RRRR,34,3,2,6,6,0
Golf6,4,RRRR,34,4,2,5,4,0
Golf6,4,RRRR,34,5,3,6,3,0
Golf6,4,RRRR,34,6,3,5,2,0
Golf6,4,RRRR,34,7,4,6,1,0
Golf6,4,RRRR,34,8,4,5,5,0
Golf6,4,RRRR,34,9,1,2,1,0
Golf6,4,RRRR,34,10,1,6,2,0
Golf6,4,RRRR,34,11,2,2,2,0
Golf6,4,RRRR,34,12,2,7,4,0
Golf6,4,RRRR,34,13,3,2,2,0
Golf6,4,RRRR,34,14,3,7,6,0
Golf6,4,RRRR,34,15,4,2,1,0
Golf6,4,RRRR,34,16,4,6,1,0
Golf6,4,RRRR,34,17,1,2,1,0
Golf6,4,RRRR,34,18,1,6,1,0
Golf6,4,RRRR,34,19,2,2,1,0
Golf6,4,RRRR,34,20,2,6,1,0
Golf6,4,RRRR,34,21,3,2,1,0
Golf6,4,RRRR,34,22,3,6,6,0
Golf6,4,RRRR,34,23,4,2,1,0
Golf6,4,RRRR,34,24,4,6,1,0
Golf6,4,RRRR,34,25,1,2,2,0
Golf6,4,RRRR,34,26,1,7,1,0
Golf6,4,RRRR,34,27,2,2,2,0
Golf6,4,RRRR,34,28,2,7,7,0
Golf6,4,RRRR,34,29,3,2,1,0
Golf6,4,RRRR,34,30,3,6,5,0
Golf6,4,RRRR,34,31,4,2,1,0
Golf6,4,RRRR,34,32,4,6,4,0
Golf6,4,RRRR,34,33,1,2,1,0
Golf6,4,RRRR,34,34,1,6,5,0
Golf6,4,RRRR,34,35,2,2,2,0
Golf6,4,RRRR,34,36,2,7,5,0
Golf6,4,RRRR,34,37,3,2,1,0
Golf6,4,RRRR,34,38,3,6,5,0
Golf6,4,RRRR,34,39,4,2,1,0
Golf6,4,RRRR,34,40,4,6,4,0
Golf6,4,RRRR,34,41,1,2,1,0
Golf6,4,RRRR,34,42,1,6,6,0
Golf6,4,RRRR,34,43,2,2,1,0
Golf6,4,RRRR,34,44,2,6,5,0
Golf6,4,RRRR,34,45,3,2,2,0
Golf6,4,RRRR,34,46,3,7,5,0
Golf6,4,RRRR,34,47,4,2,2,0
Golf6,4,RRRR,34,48,4,7,1,0
Golf6,4,RRRR,34,49,1,2,1,0
Golf6,4,RRRR,34,50,1,6,2,0
Golf6,4,RRRR,34,51,2,2,2,0
Golf6,4,RRRR,34,52,2,7,6,0
Golf6,4,RRRR,34,53,3,2,2,0
Golf6,4,RRRR,34,54,3,7,7,0
Golf6,4,RRRR,34,55,4,2,1,0
Golf6,4,RRRR,34,56,4,6,1,0
Golf6,4,RRRR,34,57,1,2,1,0
Golf6,4,RRRR,34,58,1,6,1,0
Golf6,4,RRRR,34,59,2,2,1,0
Golf6,4,RRRR,34,60,2,6,5,0
Golf6,4,RRRR,34,61,3,2,1,0
Golf6,4,RRRR,34,62,3,6,5,0
Golf6,4,RRRR,34,63,4,2,1,0
Golf6,4,RRRR,34,64,4,6,4,0
Golf6,4,RRRR,34,65,1,2,1,0
Golf6,4,RRRR,34,66,1,6,4,0
Golf6,4,RRRR,34,67,2,2,1,0
Golf6,4,RRRR,34,68,2,6,4,0
Golf6,4,RRRR,34,69,3,2,1,0
Golf6,4,RRRR,34,70,3,6,3,0
Golf6,4,RRRR,34,71,4,2,2,0
Golf6,4,RRRR,34,72,4,7,1,0
Golf6,4,RRRR,34,73,1,2,2,0
Golf6,4,RRRR,34,74,1,7,3,0
Golf6,4,RRRR,34,75,2,2,1,0
Golf6,4,RRRR,34,76,2,6,5,0
Golf6,4,RRRR,34,77,3,2,1,0
Golf6,4,RRRR,34,78,3,6,1,0
Golf6,4,RRRR,35,1,1,6,1,0
Golf6,4,RRRR,35,2,1,5,2,0
Golf6,4,RRRR,35,3,2,6,1,0
Golf6,4,RRRR,35,4,2,5,4,0
Golf6,4,RRRR,35,5,3,6,3,0
Golf6,4,RRRR,35,6,3,5,2,0
Golf6,4,RRRR,35,7,4,6,6,0
Golf6,4,RRRR,35,8,4,5,5,0
Golf6,4,RRRR,35,9,1,2,2,0
Golf6,4,RRRR,35,10,1,7,3,0
Golf6,4,RRRR,35,11,2,2,2,0
Golf6,4,RRRR,35,12,2,7,4,0
Golf6,4,RRRR,35,13,3,2,1,0
Golf6,4,RRRR,35,14,3,6,4,0
Golf6,4,RRRR,35,15,4,2,2,0
Golf6,4,RRRR,35,16,4,7,3,0
Golf6,4,RRRR,35,17,1,2,1,0
Golf6,4,RRRR,35,18,1,6,6,0
Golf6,4,RRRR,35,19,2,2,1,0
Golf6,4,RRRR,35,20,2,6,3,0
Golf6,4,RRRR,35,21,3,2,1,0
Golf6,4,RRRR,35,22,3,6,6,0
Golf6,4,RRRR,35,23,4,2,2,0
Golf6,4,RRRR,35,24,4,7,7,0
Golf6,4,RRRR,35,25,1,2,2,0
Golf6,4,RRRR,35,26,1,7,1,0
Golf6,4,RRRR,35,27,2,2,2,0
Golf6,4,RRRR,35,28,2,7,2,0
Golf6,4,RRRR,35,29,3,2,2,0
Golf6,4,RRRR,35,30,3,7,1,0
Golf6,4,RRRR,35,31,4,2,1,0
Golf6,4,RRRR,35,32,4,6,3,0
Golf6,4,RRRR,35,33,1,2,1,0
Golf6,4,RRRR,35,34,1,6,6,0
Golf6,4,RRRR,35,35,2,2,1,0
Golf6,4,RRRR,35,36,2,6,1,0
Golf6,4,RRRR,35,37,3,2,1,0
Golf6,4,RRRR,35,38,3,6,1,0
Golf6,4,RRRR,35,39,4,2,1,0
Golf6,4,RRRR,35,40,4,6,6,0
Golf6,4,RRRR,35,41,1,2,2,0
Golf6,4,RRRR,35,42,1,7,7,0
Golf6,4,RRRR,35,43,2,2,1,0
Golf6,4,RRRR,35,44,2,6,2,0
Golf6,4,RRRR,35,45,3,2,1,0
Golf6,4,RRRR,35,46,3,6,4,0
Golf6,4,RRRR,35,47,4,2,2,0
Golf6,4,RRRR,35,48,4,7,2,0
Golf6,4,RRRR,35,49,1,2,2,0
Golf6,4,RRRR,35,50,1,7,2,0
Golf6,4,RRRR,35,51,2,2,1,0
Golf6,4,RRRR,35,52,2,6,6,0
Golf6,4,RRRR,35,53,3,2,1,0
Golf6,4,RRRR,35,54,3,6,5,0
Golf6,4,RRRR,36,1,1,6,3,0
Golf6,4,RRRR,36,2,1,5,5,0
Golf6,4,RRRR,36,3,2,6,4,0
Golf6,4,RRRR,36,4,2,5,3,0
Golf6,4,RRRR,36,5,3,6,2,0
Golf6,4,RRRR,36,6,3,5,3,0
Golf6,4,RRRR,36,7,4,6,3,0
Golf6,4,RRRR,36,8,4,5,5,0
Golf6,4,RRRR,36,9,1,2,2,0
Golf6,4,RRRR,36,10,1,7,6,0
Golf6,4,RRRR,36,11,2,2,2,0
Golf6,4,RRRR,36,12,2,7,1,0
Golf6,4,RRRR,36,13,3,2,2,0
Golf6,4,RRRR,36,14,3,7,2,0
Golf6,4,RRRR,36,15,4,2,1,0
Golf6,4,RRRR,36,16,4,6,2,0
Golf6,4,RRRR,36,17,1,2,2,0
Golf6,4,RRRR,36,18,1,7,5,0
Golf6,4,RRRR,36,19,2,2,2,0
Golf6,4,RRRR,36,20,2,7,7,0
Golf6,4,RRRR,36,21,3,2,1,0
Golf6,4,RRRR,36,22,3,6,2,0
Golf6,4,RRRR,36,23,4,2,2,0
Golf6,4,RRRR,36,24,4,7,4,0
Golf6,4,RRRR,36,25,1,2,1,0
Golf6,4,RRRR,36,26,1,6,4,0
Golf6,4,RRRR,36,27,2,2,2,0
Golf6,4,RRRR,36,28,2,7,5,0
Golf6,4,RRRR,36,29,3,2,1,0
Golf6,4,RRRR,36,30,3,6,5,0
Golf6,4,RRRR,36,31,4,2,1,0
Golf6,4,RRRR,36,32,4,6,5,0
Golf6,4,RRRR,36,33,1,2,1,0
Golf6,4,RRRR,36,34,1,6,3,0
Golf6,4,RRRR,36,35,2,2,2,0
Golf6,4,RRRR,36,36,2,7,1,0
Golf6,4,RRRR,36,37,3,2,1,0
Golf6,4,RRRR,36,38,3,6,1,0
Golf6,4,RRRR,36,39,4,2,1,0
Golf6,4,RRRR,36,40,4,6,2,0
Golf6,4,RRRR,36,41,1,2,1,0
Golf6,4,RRRR,36,42,1,6,1,0
Golf6,4,RRRR,36,43,2,2,2,0
Golf6,4,RRRR,36,44,2,7,5,0
Golf6,4,RRRR,36,45,3,2,2,0
Golf6,4,RRRR,36,46,3,7,3,0
Golf6,4,RRRR,36,47,4,2,2,0
Golf6,4,RRRR,36,48,4,7,5,0
Golf6,4,RRRR,36,49,1,2,2,0
Golf6,4,RRRR,36,50,1,7,6,0
Golf6,4,RRRR,36,51,2,2,2,0
Golf6,4,RRRR,36,52,2,7,3,0
Golf6,4,RRRR,36,53,3,2,2,0
Golf6,4,RRRR,36,54,3,7,3,0
Golf6,4,RRRR,36,55,4,2,1,0
Golf6,4,RRRR,36,56,4,6,5,0
Golf6,4,RRRR,36,57,1,2,1,0
Golf6,4,RRRR,36,58,1,6,3,0
Golf6,4,RRRR,36,59,2,2,1,0
Golf6,4,RRRR,36,60,2,6,5,0
Golf6,4,RRRR,36,61,3,2,2,0
Golf6,4,RRRR,36,62,3,7,7,0
Golf6,4,RRRR,36,63,4,2,2,0
Golf6,4,RRRR,36,64,4,7,7,0
Golf6,4,RRRR,36,65,1,2,1,0
Golf6,4,RRRR,36,66,1,6,3,0
Golf6,4,RRRR,36,67,2,2,2,0
Golf6,4,RRRR,36,68,2,7,3,0
Golf6,4,RRRR,36,69,3,2,2,0
Golf6,4,RRRR,36,70,3,7,3,0
Golf6,4,RRRR,36,71,4,2,2,0
Golf6,4,RRRR,36,72,4,7,5,0
Golf6,4,RRRR,36,73,1,2,2,0
Golf6,4,RRRR,36,74,1,7,7,0
Golf6,4,RRRR,36,75,2,2,2,0
Golf6,4,RRRR,36,76,2,7,1,0
Golf6,4,RRRR,36,77,3,2,2,0
Golf6,4,RRRR,36,78,3,7,7,0
Golf6,4,RRRR,36,79,4,2,1,0
Golf6,4,RRRR,36,80,4,6,1,0
Golf6,4,RRRR,37,1,1,6,1,0
Golf6,4,RRRR,37,2,1,5,4,0
Golf6,4,RRRR,37,3,2,6,6,0
Golf6,4,RRRR,37,4,2,5,4,0
Golf6,4,RRRR,37,5,3,6,4,0
Golf6,4,RRRR,37,6,3,5,3,0
Golf6,4,RRRR,37,7,4,6,3,0
Golf6,4,RRRR,37,8,4,5,1,0
Golf6,4,RRRR,37,9,1,2,1,0
Golf6,4,RRRR,37,10,1,6,5,0
Golf6,4,RRRR,37,11,2,2,2,0
Golf6,4,RRRR,37,12,2,7,1,0
Golf6,4,RRRR,37,13,3,2,2,0
Golf6,4,RRRR,37,14,3,7,7,0
Golf6,4,RRRR,37,15,4,2,1,0
Golf6,4,RRRR,37,16,4,6,6,0
Golf6,4,RRRR,37,17,1,2,1,0
Golf6,4,RRRR,37,18,1,6,5,0
Golf6,4,RRRR,37,19,2,2,1,0
Golf6,4,RRRR,37,20,2,6,5,0
Golf6,4,RRRR,37,21,3,2,1,0
Golf6,4,RRRR,37,22,3,6,3,0
Golf6,4,RRRR,37,23,4,2,2,0
Golf6,4,RRRR,37,24,4,7,7,0
Golf6,4,RRRR,37,25,1,2,1,0
Golf6,4,RRRR,37,26,1,6,6,0
Golf6,4,RRRR,37,27,2,2,1,0
Golf6,4,RRRR,37,28,2,6,3,0
Golf6,4,RRRR,37,29,3,2,1,0
Golf6,4,RRRR,37,30,3,6,3,0
Golf6,4,RRRR,37,31,4,2,1,0
Golf6,4,RRRR,37,32,4,6,6,0
Golf6,4,RRRR,37,33,1,2,1,0
Golf6,4,RRRR,37,34,1,6,6,0
Golf6,4,RRRR,37,35,2,2,1,0
Golf6,4,RRRR,37,36,2,6,2,0
Golf6,4,RRRR,37,37,3,2,2,0
Golf6,4,RRRR,37,38,3,7,3,0
Golf6,4,RRRR,37,39,4,2,2,0
Golf6,4,RRRR,37,40,4,7,4,0
Golf6,4,RRRR,37,41,1,2,2,0
Golf6,4,RRRR,37,42,1,7,2,0
Golf6,4,RRRR,37,43,2,2,1,0
Golf6,4,RRRR,37,44,2,6,3,0
Golf6,4,RRRR,37,45,3,2,1,0
Golf6,4,RRRR,37,46,3,6,2,0
Golf6,4,RRRR,37,47,4,2,1,0
Golf6,4,RRRR,37,48,4,6,5,0
Golf6,4,RRRR,37,49,1,2,1,0
Golf6,4,RRRR,37,50,1,6,2,0
Golf6,4,RRRR,37,51,2,2,1,0
Golf6,4,RRRR,37,52,2,6,5,0
Golf6,4,RRRR,37,53,3,2,2,0
Golf6,4,RRRR,37,54,3,7,6,0
Golf6,4,RRRR,37,55,4,2,2,0
Golf6,4,RRRR,37,56,4,7,4,0
Golf6,4,RRRR,37,57,1,2,2,0
Golf6,4,RRRR,37,58,1,7,3,0
Golf6,4,RRRR,37,59,2,2,2,0
Golf6,4,RRRR,37,60,2,7,6,0
Golf6,4,RRRR,37,61,3,2,1,0
Golf6,4,RRRR,37,62,3,6,1,0
Golf6,4,RRRR,38,1,1,6,5,0
Golf6,4,RRRR,38,2,1,5,3,0
Golf6,4,RRRR,38,3,2,6,6,0
Golf6,4,RRRR,38,4,2,5,5,0
Golf6,4,RRRR,38,5,3,6,4,0
Golf6,4,RRRR,38,6,3,5,3,0
Golf6,4,RRRR,38,7,4,6,5,0
Golf6,4,RRRR,38,8,4,5,2,0
Golf6,4,RRRR,38,9,1,2,2,0
Golf6,4,RRRR,38,10,1,7,2,0
Golf6,4,RRRR,38,11,2,2,1,0
Golf6,4,RRRR,38,12,2,6,6,0
Golf6,4,RRRR,38,13,3,2,2,0
Golf6,4,RRRR,38,14,3,7,5,0
Golf6,4,RRRR,38,15,4,2,2,0
Golf6,4,RRRR,38,16,4,7,1,0
Golf6,4,RRRR,38,17,1,2,1,0
Golf6,4,RRRR,38,18,1,6,5,0
Golf6,4,RRRR,38,19,2,2,2,0
Golf6,4,RRRR,38,20,2,7,7,0
Golf6,4,RRRR,38,21,3,2,2,0
Golf6,4,RRRR,38,22,3,7,7,0
Golf6,4,RRRR,38,23,4,2,2,0
Golf6,4,RRRR,38,24,4,7,7,0
Golf6,4,RRRR,38,25,1,2,2,0
Golf6,4,RRRR,38,26,1,7,1,0
Golf6,4,RRRR,38,27,2,2,1,0
Golf6,4,RRRR,38,28,2,6,4,0
Golf6,4,RRRR,38,29,3,2,1,0
Golf6,4,RRRR,38,30,3,6,2,0
Golf6,4,RRRR,38,31,4,2,1,0
Golf6,4,RRRR,38,32,4,6,5,0
Golf6,4,RRRR,38,33,1,2,2,0
Golf6,4,RRRR,38,34,1,7,6,0
Golf6,4,RRRR,38,35,2,2,2,0
Golf6,4,RRRR,38,36,2,7,1,0
Golf6,4,RRRR,38,37,3,2,2,0
Golf6,4,RRRR,38,38,3,7,4,0
Golf6,4,RRRR,38,39,4,2,2,0
Golf6,4,RRRR,38,40,4,7,2,0
Golf6,4,RRRR,38,41,1,2,1,0
Golf6,4,RRRR,38,42,1,6,2,0
Golf6,4,RRRR,38,43,2,2,2,0
Golf6,4,RRRR,38,44,2,7,2,0
Golf6,4,RRRR,38,45,3,2,2,0
Golf6,4,RRRR,38,46,3,7,6,0
Golf6,4,RRRR,38,47,4,2,2,0
Golf6,4,RRRR,38,48,4,7,3,0
Golf6,4,RRRR,38,49,1,2,1,0
Golf6,4,RRRR,38,50,1,6,5,0
Golf6,4,RRRR,38,51,2,2,1,0
Golf6,4,RRRR,38,52,2,6,2,0
Golf6,4,RRRR,38,53,3,2,1,0
Golf6,4,RRRR,38,54,3,6,4,0
Golf6,4,RRRR,38,55,4,2,1,0
Golf6,4,RRRR,38,56,4,6,4,0
Golf6,4,RRRR,38,57,1,2,2,0
Golf6,4,RRRR,38,58,1,7,4,0
Golf6,4,RRRR,38,59,2,2,2,0
Golf6,4,RRRR,38,60,2,7,6,0
Golf6,4,RRRR,38,61,3,2,2,0
Golf6,4,RRRR,38,62,3,7,1,0
Golf6,4,RRRR,38,63,4,2,1,0
Golf6,4,RRRR,38,64,4,6,2,0
Golf6,4,RRRR,38,65,1,2,2,0
Golf6,4,RRRR,38,66,1,7,5,0
Golf6,4,RRRR,38,67,2,2,2,0
Golf6,4,RRRR,38,68,2,7,4,0
Golf6,4,RRRR,39,1,1,6,3,0
Golf6,4,RRRR,39,2,1,5,2,0
Golf6,4,RRRR,39,3,2,6,6,0
Golf6,4,RRRR,39,4,2,5,1,0
Golf6,4,RRRR,39,5,3,6,5,0
Golf6,4,RRRR,39,6,3,5,1,0
Golf6,4,RRRR,39,7,4,6,2,0
Golf6,4,RRRR,39,8,4,5,5,0
Golf6,4,RRRR,39,9,1,2,2,0
Golf6,4,RRRR,39,10,1,7,6,0
Golf6,4,RRRR,39,11,2,2,2,0
Golf6,4,RRRR,39,12,2,7,5,0
Golf6,4,RRRR,39,13,3,2,2,0
Golf6,4,RRRR,39,14,3,7,7,0
Golf6,4,RRRR,39,15,4,2,2,0
Golf6,4,RRRR,39,16,4,7,6,0
Golf6,4,RRRR,39,17,1,2,1,0
Golf6,4,RRRR,39,18,1,6,5,0
Golf6,4,RRRR,39,19,2,2,1,0
Golf6,4,RRRR,39,20,2,6,4,0
Golf6,4,RRRR,39,21,3,2,2,0
Golf6,4,RRRR,39,22,3,7,3,0
Golf6,4,RRRR,39,23,4,2,2,0
Golf6,4,RRRR,39,24,4,7,1,0
Golf6,4,RRRR,39,25,1,2,1,0
Golf6,4,RRRR,39,26,1,6,4,0
Golf6,4,RRRR,39,27,2,2,2,0
Golf6,4,RRRR,39,28,2,7,1,0
Golf6,4,RRRR,39,29,3,2,1,0
Golf6,4,RRRR,39,30,3,6,6,0
Golf6,4,RRRR,39,31,4,2,1,0
Golf6,4,RRRR,39,32,4,6,5,0
Golf6,4,RRRR,39,33,1,2,1,0
Golf6,4,RRRR,39,34,1,6,5,0
Golf6,4,RRRR,39,35,2,2,1,0
Golf6,4,RRRR,39,36,2,6,3,0
Golf6,4,RRRR,39,37,3,2,1,0
Golf6,4,RRRR,39,38,3,6,5,0
Golf6,4,RRRR,39,39,4,2,2,0
Golf6,4,RRRR,39,40,4,7,2,0
Golf6,4,RRRR,39,41,1,2,2,0
Golf6,4,RRRR,39,42,1,7,4,0
Golf6,4,RRRR,39,43,2,2,2,0
Golf6,4,RRRR,39,44,2,7,1,0
Golf6,4,RRRR,39,45,3,2,1,0
Golf6,4,RRRR,39,46,3,6,3,0
Golf6,4,RRRR,39,47,4,2,1,0
Golf6,4,RRRR,39,48,4,6,3,0
Golf6,4,RRRR,39,49,1,2,1,0
Golf6,4,RRRR,39,50,1,6,5,0
Golf6,4,RRRR,39,51,2,2,2,0
Golf6,4,RRRR,39,52,2,7,7,0
Golf6,4,RRRR,39,53,3,2,2,0
Golf6,4,RRRR,39,54,3,7,7,0
Golf6,4,RRRR,39,55,4,2,2,0
Golf6,4,RRRR,39,56,4,7,4,0
Golf6,4,RRRR,39,57,1,2,1,0
Golf6,4,RRRR,39,58,1,6,4,0
Golf6,4,RRRR,39,59,2,2,1,0
Golf6,4,RRRR,39,60,2,6,1,0
Golf6,4,RRRR,39,61,3,2,1,0
Golf6,4,RRRR,39,62,3,6,5,0
Golf6,4,RRRR,39,63,4,2,1,0
Golf6,4,RRRR,39,64,4,6,5,0
Golf6,4,RRRR,39,65,1,2,1,0
Golf6,4,RRRR,39,66,1,6,3,0
Golf6,4,RRRR,39,67,2,2,2,0
Golf6,4,RRRR,39,68,2,7,6,0
Golf6,4,RRRR,39,69,3,2,1,0
Golf6,4,RRRR,39,70,3,6,3,0
Golf6,4,RRRR,39,71,4,2,1,0
Golf6,4,RRRR,39,72,4,6,6,0
Golf6,4,RRRR,39,73,1,2,1,0
Golf6,4,RRRR,39,74,1,6,5,0
Golf6,4,RRRR,39,75,2,2,1,0
Golf6,4,RRRR,39,76,2,6,4,0
Golf6,4,RRRR,39,77,3,2,1,0
Golf6,4,RRRR,39,78,3,6,1,0
Golf6,4,RRRR,39,79,4,2,1,0
Golf6,4,RRRR,39,80,4,6,2,0
Golf6,4,RRRR,39,81,1,2,2,0
Golf6,4,RRRR,39,82,1,7,4,0
Golf6,4,RRRR,39,83,2,2,1,0
Golf6,4,RRRR,39,84,2,6,1,0
Golf6,4,RRRR,39,85,3,2,2,0
Golf6,4,RRRR,39,86,3,7,3,0
Golf6,4,RRRR,39,87,4,2,1,0
Golf6,4,RRRR,39,88,4,6,1,0
Golf6,4,RRRR,39,89,1,2,1,0
Golf6,4,RRRR,39,90,1,6,1,0
Golf6,4,RRRR,39,91,2,2,2,0
Golf6,4,RRRR,39,92,2,7,5,0
Golf6,4,RRRR,39,93,3,2,2,0
Golf6,4,RRRR,39,94,3,7,6,0
Golf6,4,RRRR,39,95,4,2,2,0
Golf6,4,RRRR,39,96,4,7,6,0
Golf6,4,RRRR,39,97,1,2,2,0
Golf6,4,RRRR,39,98,1,7,5,0
Golf6,4,RRRR,39,99,2,2,2,0
Golf6,4,RRRR,39,100,2,7,5,0
Golf6,4,RRRR,39,101,3,2,1,0
Golf6,4,RRRR,39,102,3,6,2,0
Golf6,4,RRRR,39,103,4,2,1,0
Golf6,4,RRRR,39,104,4,6,2,0
Golf6,4,RRRR,39,105,1,2,2,0
Golf6,4,RRRR,39,106,1,7,5,0
Golf6,4,RRRR,39,107,2,2,2,0
Golf6,4,RRRR,39,108,2,7,5,0
Golf6,4,RRRR,39,109,3,2,1,0
Golf6,4,RRRR,39,110,3,6,4,0
Golf6,4,RRRR,40,1,1,6,4,0
Golf6,4,RRRR,40,2,1,5,5,0
Golf6,4,RRRR,40,3,2,6,2,0
Golf6,4,RRRR,40,4,2,5,1,0
Golf6,4,RRRR,40,5,3,6,4,0
Golf6,4,RRRR,40,6,3,5,4,0
Golf6,4,RRRR,40,7,4,6,1,0
Golf6,4,RRRR,40,8,4,5,1,0
Golf6,4,RRRR,40,9,1,2,2,0
Golf6,4,RRRR,40,10,1,7,7,0
Golf6,4,RRRR,40,11,2,2,1,0
Golf6,4,RRRR,40,12,2,6,4,0
Golf6,4,RRRR,40,13,3,2,1,0
Golf6,4,RRRR,40,14,3,6,3,0
Golf6,4,RRRR,40,15,4,2,2,0
Golf6,4,RRRR,40,16,4,7,5,0
Golf6,4,RRRR,40,17,1,2,1,0
Golf6,4,RRRR,40,18,1,6,4,0
Golf6,4,RRRR,40,19,2,2,1,0
Golf6,4,RRRR,40,20,2,6,5,0
Golf6,4,RRRR,40,21,3,2,1,0
Golf6,4,RRRR,40,22,3,6,6,0
Golf6,4,RRRR,40,23,4,2,2,0
Golf6,4,RRRR,40,24,4,7,5,0
Golf6,4,RRRR,40,25,1,2,1,0
Golf6,4,RRRR,40,26,1,6,3,0
Golf6,4,RRRR,40,27,2,2,2,0
Golf6,4,RRRR,40,28,2,7,4,0
Golf6,4,RRRR,40,29,3,2,2,0
Golf6,4,RRRR,40,30,3,7,6,0
Golf6,4,RRRR,40,31,4,2,2,0
Golf6,4,RRRR,40,32,4,7,3,0
Golf6,4,RRRR,40,33,1,2,2,0
Golf6,4,RRRR,40,34,1,7,7,0
Golf6,4,RRRR,40,35,2,2,1,0
Golf6,4,RRRR,40,36,2,6,3,0
Golf6,4,RRRR,40,37,3,2,2,0
Golf6,4,RRRR,40,38,3,7,4,0
Golf6,4,RRRR,40,39,4,2,2,0
Golf6,4,RRRR,40,40,4,7,2,0
Golf6,4,RRRR,40,41,1,2,2,0
Golf6,4,RRRR,40,42,1,7,3,0
Golf6,4,RRRR,40,43,2,2,1,0
Golf6,4,RRRR,40,44,2,6,6,0
Golf6,4,RRRR,41,1,1,6,4,0
Golf6,4,RRRR,41,2,1,5,2,0
Golf6,4,RRRR,41,3,2,6,1,0
Golf6,4,RRRR,41,4,2,5,1,0
Golf6,4,RRRR,41,5,3,6,3,0
Golf6,4,RRRR,41,6,3,5,1,0
Golf6,4,RRRR,41,7,4,6,4,0
Golf6,4,RRRR,41,8,4,5,2,0
Golf6,4,RRRR,41,9,1,2,1,0
Golf6,4,RRRR,41,10,1,6,4,0
Golf6,4,RRRR,41,11,2,2,2,0
Golf6,4,RRRR,41,12,2,7,1,0
Golf6,4,RRRR,41,13,3,2,2,0
Golf6,4,RRRR,41,14,3,7,7,0
Golf6,4,RRRR,41,15,4,2,1,0
Golf6,4,RRRR,41,16,4,6,6,0
Golf6,4,RRRR,41,17,1,2,2,0
Golf6,4,RRRR,41,18,1,7,2,0
Golf6,4,RRRR,41,19,2,2,2,0
Golf6,4,RRRR,41,20,2,7,2,0
Golf6,4,RRRR,41,21,3,2,2,0
Golf6,4,RRRR,41,22,3,7,5,0
Golf6,4,RRRR,41,23,4,2,2,0
Golf6,4,RRRR,41,24,4,7,5,0
Golf6,4,RRRR,41,25,1,2,1,0
Golf6,4,RRRR,41,26,1,6,4,0
Golf6,4,RRRR,41,27,2,2,1,0
Golf6,4,RRRR,41,28,2,6,1,0
Golf6,4,RRRR,41,29,3,2,1,0
Golf6,4,RRRR,41,30,3,6,5,0
Golf6,4,RRRR,41,31,4,2,1,0
Golf6,4,RRRR,41,32,4,6,3,0
Golf6,4,RRRR,41,33,1,2,1,0
Golf6,4,RRRR,41,34,1,6,2,0
Golf6,4,RRRR,41,35,2,2,2,0
Golf6,4,RRRR,41,36,2,7,7,0
Golf6,4,RRRR,41,37,3,2,1,0
Golf6,4,RRRR,41,38,3,6,6,0
Golf6,4,RRRR,41,39,4,2,1,0
Golf6,4,RRRR,41,40,4,6,5,0
Golf6,4,RRRR,41,41,1,2,2,0
Golf6,4,RRRR,41,42,1,7,5,0
Golf6,4,RRRR,41,43,2,2,1,0
Golf6,4,RRRR,41,44,2,6,3,0
Golf6,4,RRRR,41,45,3,2,2,0
Golf6,4,RRRR,41,46,3,7,6,0
Golf6,4,RRRR,41,47,4,2,1,0
Golf6,4,RRRR,41,48,4,6,5,0
Golf6,4,RRRR,41,49,1,2,2,0
Golf6,4,RRRR,41,50,1,7,6,0
Golf6,4,RRRR,41,51,2,2,1,0
Golf6,4,RRRR,41,52,2,6,3,0
Golf6,4,RRRR,41,53,3,2,2,0
Golf6,4,RRRR,41,54,3,7,1,0
Golf6,4,RRRR,41,55,4,2,2,0
Golf6,4,RRRR,41,56,4,7,4,0
Golf6,4,RRRR,41,57,1,2,1,0
Golf6,4,RRRR,41,58,1,6,3,0
Golf6,4,RRRR,41,59,2,2,1,0
Golf6,4,RRRR,41,60,2,6,3,0
Golf6,4,RRRR,41,61,3,2,1,0
Golf6,4,RRRR,41,62,3,6,3,0
Golf6,4,RRRR,41,63,4,2,1,0
Golf6,4,RRRR,41,64,4,6,1,0
Golf6,4,RRRR,42,1,1,6,4,0
Golf6,4,RRRR,42,2,1,5,4,0
Golf6,4,RRRR,42,3,2,6,1,0
Golf6,4,RRRR,42,4,2,5,4,0
Golf6,4,RRRR,42,5,3,6,4,0
Golf6,4,RRRR,42,6,3,5,5,0
Golf6,4,RRRR,42,7,4,6,2,0
Golf6,4,RRRR,42,8,4,5,5,0
Golf6,4,RRRR,42,9,1,2,2,0
Golf6,4,RRRR,42,10,1,7,5,0
Golf6,4,RRRR,42,11,2,2,2,0
Golf6,4,RRRR,42,12,2,7,7,0
Golf6,4,RRRR,42,13,3,2,2,0
Golf6,4,RRRR,42,14,3,7,5,0
Golf6,4,RRRR,42,15,4,2,1,0
Golf6,4,RRRR,42,16,4,6,6,0
Golf6,4,RRRR,42,17,1,2,1,0
Golf6,4,RRRR,42,18,1,6,5,0
Golf6,4,RRRR,42,19,2,2,1,0
Golf6,4,RRRR,42,20,2,6,6,0
Golf6,4,RRRR,42,21,3,2,1,0
Golf6,4,RRRR,42,22,3,6,1,0
Golf6,4,RRRR,42,23,4,2,2,0
Golf6,4,RRRR,42,24,4,7,4,0
Golf6,4,RRRR,42,25,1,2,2,0
Golf6,4,RRRR,42,26,1,7,6,0
Golf6,4,RRRR,42,27,2,2,2,0
Golf6,4,RRRR,42,28,2,7,2,0
Golf6,4,RRRR,42,29,3,2,2,0
Golf6,4,RRRR,42,30,3,7,6,0
Golf6,4,RRRR,42,31,4,2,2,0
Golf6,4,RRRR,42,32,4,7,5,0
Golf6,4,RRRR,42,33,1,2,1,0
Golf6,4,RRRR,42,34,1,6,5,0
Golf6,4,RRRR,42,35,2,2,2,0
Golf6,4,RRRR,42,36,2,7,6,0
Golf6,4,RRRR,42,37,3,2,1,0
Golf6,4,RRRR,42,38,3,6,1,0
Golf6,4,RRRR,42,39,4,2,1,0
Golf6,4,RRRR,42,40,4,6,4,0
Golf6,4,RRRR,42,41,1,2,1,0
Golf6,4,RRRR,42,42,1,6,5,0
Golf6,4,RRRR,42,43,2,2,1,0
Golf6,4,RRRR,42,44,2,6,3,0
Golf6,4,RRRR,42,45,3,2,1,0
Golf6,4,RRRR,42,46,3,6,2,0
Golf6,4,RRRR,42,47,4,2,2,0
Golf6,4,RRRR,42,48,4,7,5,0
Golf6,4,RRRR,42,49,1,2,1,0
Golf6,4,RRRR,42,50,1,6,2,0
Golf6,4,RRRR,42,51,2,2,2,0
Golf6,4,RRRR,42,52,2,7,5,0
Golf6,4,RRRR,42,53,3,2,1,0
Golf6,4,RRRR,42,54,3,6,3,0
Golf6,4,RRRR,43,1,1,6,1,0
Golf6,4,RRRR,43,2,1,5,5,0
Golf6,4,RRRR,43,3,2,6,2,0
Golf6,4,RRRR,43,4,2,5,3,0
Golf6,4,RRRR,43,5,3,6,3,0
Golf6,4,RRRR,43,6,3,5,2,0
Golf6,4,RRRR,43,7,4,6,1,0
Golf6,4,RRRR,43,8,4,5,4,0
Golf6,4,RRRR,43,9,1,2,2,0
Golf6,4,RRRR,43,10,1,7,7,0
Golf6,4,RRRR,43,11,2,2,1,0
Golf6,4,RRRR,43,12,2,6,5,0
Golf6,4,RRRR,43,13,3,2,2,0
Golf6,4,RRRR,43,14,3,7,3,0
Golf6,4,RRRR,43,15,4,2,2,0
Golf6,4,RRRR,43,16,4,7,1,0
Golf6,4,RRRR,43,17,1,2,1,0
Golf6,4,RRRR,43,18,1,6,1,0
Golf6,4,RRRR,43,19,2,2,2,0
Golf6,4,RRRR,43,20,2,7,4,0
Golf6,4,RRRR,43,21,3,2,2,0
Golf6,4,RRRR,43,22,3,7,3,0
Golf6,4,RRRR,43,23,4,2,2,0
Golf6,4,RRRR,43,24,4,7,1,0
Golf6,4,RRRR,43,25,1,2,1,0
Golf6,4,RRRR,43,26,1,6,4,0
Golf6,4,RRRR,43,27,2,2,1,0
Golf6,4,RRRR,43,28,2,6,3,0
Golf6,4,RRRR,43,29,3,2,2,0
Golf6,4,RRRR,43,30,3,7,7,0
Golf6,4,RRRR,43,31,4,2,2,0
Golf6,4,RRRR,43,32,4,7,3,0
Golf6,4,RRRR,43,33,1,2,1,0
Golf6,4,RRRR,43,34,1,6,1,0
Golf6,4,RRRR,43,35,2,2,1,0
Golf6,4,RRRR,43,36,2,6,1,0
Golf6,4,RRRR,43,37,3,2,2,0
Golf6,4,RRRR,43,38,3,7,5,0
Golf6,4,RRRR,43,39,4,2,2,0
Golf6,4,RRRR,43,40,4,7,6,0
Golf6,4,RRRR,43,41,1,2,1,0
Golf6,4,RRRR,43,42,1,6,5,0
Golf6,4,RRRR,43,43,2,2,1,0
Golf6,4,RRRR,43,44,2,6,2,0
Golf6,4,RRRR,43,45,3,2,2,0
Golf6,4,RRRR,43,46,3,7,5,0
Golf6,4,RRRR,43,47,4,2,1,0
Golf6,4,RRRR,43,48,4,6,6,0
Golf6,4,RRRR,43,49,1,2,2,0
Golf6,4,RRRR,43,50,1,7,7,0
Golf6,4,RRRR,43,51,2,2,1,0
Golf6,4,RRRR,43,52,2,6,4,0
Golf6,4,RRRR,43,53,3,2,1,0
Golf6,4,RRRR,43,54,3,6,5,0
Golf6,4,RRRR,43,55,4,2,2,0
Golf6,4,RRRR,43,56,4,7,5,0
Golf6,4,RRRR,43,57,1,2,2,0
Golf6,4,RRRR,43,58,1,7,3,0
Golf6,4,RRRR,43,59,2,2,2,0
Golf6,4,RRRR,43,60,2,7,7,0
Golf6,4,RRRR,44,1,1,6,1,0
Golf6,4,RRRR,44,2,1,5,4,0
Golf6,4,RRRR,44,3,2,6,4,0
Golf6,4,RRRR,44,4,2,5,5,0
Golf6,4,RRRR,44,5,3,6,3,0
Golf6,4,RRRR,44,6,3,5,2,0
Golf6,4,RRRR,44,7,4,6,2,0
Golf6,4,RRRR,44,8,4,5,1,0
Golf6,4,RRRR,44,9,1,2,2,0
Golf6,4,RRRR,44,10,1,7,2,0
Golf6,4,RRRR,44,11,2,2,2,0
Golf6,4,RRRR,44,12,2,7,6,0
Golf6,4,RRRR,44,13,3,2,2,0
Golf6,4,RRRR,44,14,3,7,1,0
Golf6,4,RRRR,44,15,4,2,1,0
Golf6,4,RRRR,44,16,4,6,1,0
Golf6,4,RRRR,44,17,1,2,2,0
Golf6,4,RRRR,44,18,1,7,1,0
Golf6,4,RRRR,44,19,2,2,1,0
Golf6,4,RRRR,44,20,2,6,6,0
Golf6,4,RRRR,44,21,3,2,2,0
Golf6,4,RRRR,44,22,3,7,3,0
Golf6,4,RRRR,44,23,4,2,2,0
Golf6,4,RRRR,44,24,4,7,4,0
Golf6,4,RRRR,44,25,1,2,2,0
Golf6,4,RRRR,44,26,1,7,7,0
Golf6,4,RRRR,44,27,2,2,1,0
Golf6,4,RRRR,44,28,2,6,3,0
Golf6,4,RRRR,44,29,3,2,1,0
Golf6,4,RRRR,44,30,3,6,6,0
Golf6,4,RRRR,44,31,4,2,1,0
Golf6,4,RRRR,44,32,4,6,4,0
Golf6,4,RRRR,44,33,1,2,2,0
Golf6,4,RRRR,44,34,1,7,2,0
Golf6,4,RRRR,44,35,2,2,2,0
Golf6,4,RRRR,44,36,2,7,4,0
Golf6,4,RRRR,44,37,3,2,1,0
Golf6,4,RRRR,44,38,3,6,1,0
Golf6,4,RRRR,44,39,4,2,2,0
Golf6,4,RRRR,44,40,4,7,6,0
Golf6,4,RRRR,44,41,1,2,2,0
Golf6,4,RRRR,44,42,1,7,6,0
Golf6,4,RRRR,44,43,2,2,1,0
Golf6,4,RRRR,44,44,2,6,3,0
Golf6,4,RRRR,44,45,3,2,1,0
Golf6,4,RRRR,44,46,3,6,2,0
Golf6,4,RRRR,44,47,4,2,2,0
Golf6,4,RRRR,44,48,4,7,6,0
Golf6,4,RRRR,44,49,1,2,1,0
Golf6,4,RRRR,44,50,1,6,6,0
Golf6,4,RRRR,44,51,2,2,1,0
Golf6,4,RRRR,44,52,2,6,4,0
Golf6,4,RRRR,44,53,3,2,1,0
Golf6,4,RRRR,44,54,3,6,2,0
Golf6,4,RRRR,44,55,4,2,1,0
Golf6,4,RRRR,44,56,4,6,1,0
Golf6,4,RRRR,44,57,1,2,1,0
Golf6,4,RRRR,44,58,1,6,5,0
Golf6,4,RRRR,44,59,2,2,2,0
Golf6,4,RRRR,44,60,2,7,1,0
Golf6,4,RRRR,44,61,3,2,1,0
Golf6,4,RRRR,44,62,3,6,1,0
Golf6,4,RRRR,44,63,4,2,1,0
Golf6,4,RRRR,44,64,4,6,6,0
Golf6,4,RRRR,45,1,1,6,5,0
Golf6,4,RRRR,45,2,1,5,3,0
Golf6,4,RRRR,45,3,2,6,2,0
Golf6,4,RRRR,45,4,2,5,4,0
Golf6,4,RRRR,45,5,3,6,4,0
Golf6,4,RRRR,45,6,3,5,5,0
Golf6,4,RRRR,45,7,4,6,1,0
Golf6,4,RRRR,45,8,4,5,5,0
Golf6,4,RRRR,45,9,1,2,1,0
Golf6,4,RRRR,45,10,1,6,6,0
Golf6,4,RRRR,45,11,2,2,1,0
Golf6,4,RRRR,45,12,2,6,2,0
Golf6,4,RRRR,45,13,3,2,1,0
Golf6,4,RRRR,45,14,3,6,6,0
Golf6,4,RRRR,45,15,4,2,1,0
Golf6,4,RRRR,45,16,4,6,4,0
Golf6,4,RRRR,45,17,1,2,1,0
Golf6,4,RRRR,45,18,1,6,3,0
Golf6,4,RRRR,45,19,2,2,1,0
Golf6,4,RRRR,45,20,2,6,2,0
Golf6,4,RRRR,45,21,3,2,2,0
Golf6,4,RRRR,45,22,3,7,3,0
Golf6,4,RRRR,45,23,4,2,2,0
Golf6,4,RRRR,45,24,4,7,5,0
Golf6,4,RRRR,45,25,1,2,2,0
Golf6,4,RRRR,45,26,1,7,4,0
Golf6,4,RRRR,45,27,2,2,2,0
Golf6,4,RRRR,45,28,2,7,1,0
Golf6,4,RRRR,45,29,3,2,2,0
Golf6,4,RRRR,45,30,3,7,6,0
Golf6,4,RRRR,45,31,4,2,2,0
Golf6,4,RRRR,45,32,4,7,3,0
Golf6,4,RRRR,45,33,1,2,1,0
Golf6,4,RRRR,45,34,1,6,5,0
Golf6,4,RRRR,45,35,2,2,2,0
Golf6,4,RRRR,45,36,2,7,5,0
Golf6,4,RRRR,45,37,3,2,1,0
Golf6,4,RRRR,45,38,3,6,3,0
Golf6,4,RRRR,45,39,4,2,1,0
Golf6,4,RRRR,45,40,4,6,3,0
Golf6,4,RRRR,45,41,1,2,2,0
Golf6,4,RRRR,45,42,1,7,6,0
Golf6,4,RRRR,45,43,2,2,2,0
Golf6,4,RRRR,45,44,2,7,5,0
Golf6,4,RRRR,45,45,3,2,2,0
Golf6,4,RRRR,45,46,3,7,6,0
Golf6,4,RRRR,45,47,4,2,2,0
Golf6,4,RRRR,45,48,4,7,1,0
Golf6,4,RRRR,45,49,1,2,1,0
Golf6,4,RRRR,45,50,1,6,2,0
Golf6,4,RRRR,45,51,2,2,1,0
Golf6,4,RRRR,45,52,2,6,4,0
Golf6,4,RRRR,45,53,3,2,2,0
Golf6,4,RRRR,45,54,3,7,7,0
Golf6,4,RRRR,45,55,4,2,2,0
Golf6,4,RRRR,45,56,4,7,3,0
Golf6,4,RRRR,45,57,1,2,2,0
Golf6,4,RRRR,45,58,1,7,7,0
Golf6,4,RRRR,45,59,2,2,1,0
Golf6,4,RRRR,45,60,2,6,4,0
Golf6,4,RRRR,45,61,3,2,2,0
Golf6,4,RRRR,45,62,3,7,5,0
Golf6,4,RRRR,45,63,4,2,1,0
Golf6,4,RRRR,45,64,4,6,4,0
Golf6,4,RRRR,45,65,1,2,2,0
Golf6,4,RRRR,45,66,1,7,2,0
Golf6,4,RRRR,45,67,2,2,1,0
Golf6,4,RRRR,45,68,2,6,4,0
Golf6,4,RRRR,45,69,3,2,2,0
Golf6,4,RRRR,45,70,3,7,3,0
Golf6,4,RRRR,45,71,4,2,1,0
Golf6,4,RRRR,45,72,4,6,5,0
Golf6,4,RRRR,46,1,1,6,2,0
Golf6,4,RRRR,46,2,1,5,3,0
Golf6,4,RRRR,46,3,2,6,1,0
Golf6,4,RRRR,46,4,2,5,3,0
Golf6,4,RRRR,46,5,3,6,6,0
Golf6,4,RRRR,46,6,3,5,5,0
Golf6,4,RRRR,46,7,4,6,2,0
Golf6,4,RRRR,46,8,4,5,2,0
Golf6,4,RRRR,46,9,1,2,2,0
Golf6,4,RRRR,46,10,1,7,1,0
Golf6,4,RRRR,46,11,2,2,2,0
Golf6,4,RRRR,46,12,2,7,5,0
Golf6,4,RRRR,46,13,3,2,2,0
Golf6,4,RRRR,46,14,3,7,2,0
Golf6,4,RRRR,46,15,4,2,2,0
Golf6,4,RRRR,46,16,4,7,7,0
Golf6,4,RRRR,46,17,1,2,1,0
Golf6,4,RRRR,46,18,1,6,6,0
Golf6,4,RRRR,46,19,2,2,1,0
Golf6,4,RRRR,46,20,2,6,5,0
Golf6,4,RRRR,46,21,3,2,2,0
Golf6,4,RRRR,46,22,3,7,7,0
Golf6,4,RRRR,46,23,4,2,2,0
Golf6,4,RRRR,46,24,4,7,2,0
Golf6,4,RRRR,46,25,1,2,1,0
Golf6,4,RRRR,46,26,1,6,1,0
Golf6,4,RRRR,46,27,2,2,2,0
Golf6,4,RRRR,46,28,2,7,4,0
Golf6,4,RRRR,46,29,3,2,1,0
Golf6,4,RRRR,46,30,3,6,1,0
Golf6,4,RRRR,46,31,4,2,1,0
Golf6,4,RRRR,46,32,4,6,2,0
Golf6,4,RRRR,46,33,1,2,1,0
Golf6,4,RRRR,46,34,1,6,4,0
Golf6,4,RRRR,46,35,2,2,1,0
Golf6,4,RRRR,46,36,2,6,5,0
Golf6,4,RRRR,46,37,3,2,1,0
Golf6,4,RRRR,46,38,3,6,1,0
Golf6,4,RRRR,46,39,4,2,2,0
Golf6,4,RRRR,46,40,4,7,3,0
Golf6,4,RRRR,46,41,1,2,2,0
Golf6,4,RRRR,46,42,1,7,4,0
Golf6,4,RRRR,46,43,2,2,1,0
Golf6,4,RRRR,46,44,2,6,1,0
Golf6,4,RRRR,46,45,3,2,2,0
Golf6,4,RRRR,46,46,3,7,1,0
Golf6,4,RRRR,46,47,4,2,1,0
Golf6,4,RRRR,46,48,4,6,3,0
Golf6,4,RRRR,46,49,1,2,2,0
Golf6,4,RRRR,46,50,1,7,2,0
Golf6,4,RRRR,46,51,2,2,2,0
Golf6,4,RRRR,46,52,2,7,1,0
Golf6,4,RRRR,46,53,3,2,1,0
Golf6,4,RRRR,46,54,3,6,2,0
Golf6,4,RRRR,46,55,4,2,2,0
Golf6,4,RRRR,46,56,4,7,1,0
Golf6,4,RRRR,46,57,1,2,1,0
Golf6,4,RRRR,46,58,1,6,6,0
Golf6,4,RRRR,46,59,2,2,2,0
Golf6,4,RRRR,46,60,2,7,2,0
Golf6,4,RRRR,46,61,3,2,1,0
Golf6,4,RRRR,46,62,3,6,6,0
Golf6,4,RRRR,46,63,4,2,2,0
Golf6,4,RRRR,46,64,4,7,3,0
Golf6,4,RRRR,46,65,1,2,1,0
Golf6,4,RRRR,46,66,1,6,6,0
Golf6,4,RRRR,46,67,2,2,1,0
Golf6,4,RRRR,46,68,2,6,2,0
Golf6,4,RRRR,46,69,3,2,1,0
Golf6,4,RRRR,46,70,3,6,6,0
Golf6,4,RRRR,46,71,4,2,1,0
Golf6,4,RRRR,46,72,4,6,2,0
Golf6,4,RRRR,46,73,1,2,2,0
Golf6,4,RRRR,46,74,1,7,7,0
Golf6,4,RRRR,46,75,2,2,1,0
Golf6,4,RRRR,46,76,2,6,3,0
Golf6,4,RRRR,46,77,3,2,2,0
Golf6,4,RRRR,46,78,3,7,7,0
Golf6,4,RRRR,46,79,4,2,1,0
Golf6,4,RRRR,46,80,4,6,6,0
Golf6,4,RRRR,46,81,1,2,1,0
Golf6,4,RRRR,46,82,1,6,5,0
Golf6,4,RRRR,47,1,1,6,4,0
Golf6,4,RRRR,47,2,1,5,3,0
Golf6,4,RRRR,47,3,2,6,3,0
Golf6,4,RRRR,47,4,2,5,3,0
Golf6,4,RRRR,47,5,3,6,4,0
Golf6,4,RRRR,47,6,3,5,1,0
Golf6,4,RRRR,47,7,4,6,4,0
Golf6,4,RRRR,47,8,4,5,1,0
Golf6,4,RRRR,47,9,1,2,2,0
Golf6,4,RRRR,47,10,1,7,4,0
Golf6,4,RRRR,47,11,2,2,1,0
Golf6,4,RRRR,47,12,2,6,1,0
Golf6,4,RRRR,47,13,3,2,1,0
Golf6,4,RRRR,47,14,3,6,3,0
Golf6,4,RRRR,47,15,4,2,1,0
Golf6,4,RRRR,47,16,4,6,2,0
Golf6,4,RRRR,47,17,1,2,2,0
Golf6,4,RRRR,47,18,1,7,2,0
Golf6,4,RRRR,47,19,2,2,2,0
Golf6,4,RRRR,47,20,2,7,7,0
Golf6,4,RRRR,47,21,3,2,1,0
Golf6,4,RRRR,47,22,3,6,6,0
Golf6,4,RRRR,47,23,4,2,1,0
Golf6,4,RRRR,47,24,4,6,2,0
Golf6,4,RRRR,47,25,1,2,2,0
Golf6,4,RRRR,47,26,1,7,3,0
Golf6,4,RRRR,47,27,2,2,2,0
Golf6,4,RRRR,47,28,2,7,1,0
Golf6,4,RRRR,47,29,3,2,2,0
Golf6,4,RRRR,47,30,3,7,4,0
Golf6,4,RRRR,47,31,4,2,1,0
Golf6,4,RRRR,47,32,4,6,4,0
Golf6,4,RRRR,47,33,1,2,1,0
Golf6,4,RRRR,47,34,1,6,5,0
Golf6,4,RRRR,47,35,2,2,1,0
Golf6,4,RRRR,47,36,2,6,5,0
Golf6,4,RRRR,47,37,3,2,1,0
Golf6,4,RRRR,47,38,3,6,2,0
Golf6,4,RRRR,47,39,4,2,2,0
Golf6,4,RRRR,47,40,4,7,6,0
Golf6,4,RRRR,47,41,1,2,2,0
Golf6,4,RRRR,47,42,1,7,6,0
Golf6,4,RRRR,47,43,2,2,1,0
Golf6,4,RRRR,47,44,2,6,6,0
Golf6,4,RRRR,47,45,3,2,1,0
Golf6,4,RRRR,47,46,3,6,6,0
Golf6,4,RRRR,47,47,4,2,2,0
Golf6,4,RRRR,47,48,4,7,1,0
Golf6,4,RRRR,47,49,1,2,1,0
Golf6,4,RRRR,47,50,1,6,5,0
Golf6,4,RRRR,47,51,2,2,1,0
Golf6,4,RRRR,47,52,2,6,5,0
Golf6,4,RRRR,47,53,3,2,1,0
Golf6,4,RRRR,47,54,3,6,3,0
Golf6,4,RRRR,47,55,4,2,1,0
Golf6,4,RRRR,47,56,4,6,3,0
Golf6,4,RRRR,47,57,1,2,2,0
Golf6,4,RRRR,47,58,1,7,2,0
Golf6,4,RRRR,47,59,2,2,1,0
Golf6,4,RRRR,47,60,2,6,1,0
Golf6,4,RRRR,47,61,3,2,1,0
Golf6,4,RRRR,47,62,3,6,1,0
Golf6,4,RRRR,47,63,4,2,1,0
Golf6,4,RRRR,47,64,4,6,5,0
Golf6,4,RRRR,47,65,1,2,2,0
Golf6,4,RRRR,47,66,1,7,7,0
Golf6,4,RRRR,48,1,1,6,2,0
Golf6,4,RRRR,48,2,1,5,1,0
Golf6,4,RRRR,48,3,2,6,5,0
Golf6,4,RRRR,48,4,2,5,4,0
Golf6,4,RRRR,48,5,3,6,4,0
Golf6,4,RRRR,48,6,3,5,1,0
Golf6,4,RRRR,48,7,4,6,5,0
Golf6,4,RRRR,48,8,4,5,2,0
Golf6,4,RRRR,48,9,1,2,2,0
Golf6,4,RRRR,48,10,1,7,7,0
Golf6,4,RRRR,48,11,2,2,2,0
Golf6,4,RRRR,48,12,2,7,6,0
Golf6,4,RRRR,48,13,3,2,1,0
Golf6,4,RRRR,48,14,3,6,3,0
Golf6,4,RRRR,48,15,4,2,2,0
Golf6,4,RRRR,48,16,4,7,4,0
Golf6,4,RRRR,48,17,1,2,1,0
Golf6,4,RRRR,48,18,1,6,1,0
Golf6,4,RRRR,48,19,2,2,1,0
Golf6,4,RRRR,48,20,2,6,5,0
Golf6,4,RRRR,48,21,3,2,1,0
Golf6,4,RRRR,48,22,3,6,6,0
Golf6,4,RRRR,48,23,4,2,2,0
Golf6,4,RRRR,48,24,4,7,3,0
Golf6,4,RRRR,48,25,1,2,2,0
Golf6,4,RRRR,48,26,1,7,3,0
Golf6,4,RRRR,48,27,2,2,1,0
Golf6,4,RRRR,48,28,2,6,5,0
Golf6,4,RRRR,48,29,3,2,2,0
Golf6,4,RRRR,48,30,3,7,5,0
Golf6,4,RRRR,48,31,4,2,1,0
Golf6,4,RRRR,48,32,4,6,1,0
Golf6,4,RRRR,48,33,1,2,2,0
Golf6,4,RRRR,48,34,1,7,3,0
Golf6,4,RRRR,48,35,2,2,1,0
Golf6,4,RRRR,48,36,2,6,6,0
Golf6,4,RRRR,48,37,3,2,1,0
Golf6,4,RRRR,48,38,3,6,1,0
Golf6,4,RRRR,48,39,4,2,2,0
Golf6,4,RRRR,48,40,4,7,5,0
Golf6,4,RRRR,48,41,1,2,1,0
Golf6,4,RRRR,48,42,1,6,3,0
Golf6,4,RRRR,48,43,2,2,2,0
Golf6,4,RRRR,48,44,2,7,4,0
Golf6,4,RRRR,48,45,3,2,1,0
Golf6,4,RRRR,48,46,3,6,1,0
Golf6,4,RRRR,48,47,4,2,1,0
Golf6,4,RRRR,48,48,4,6,1,0
Golf6,4,RRRR,48,49,1,2,2,0
Golf6,4,RRRR,48,50,1,7,5,0
Golf6,4,RRRR,48,51,2,2,2,0
Golf6,4,RRRR,48,52,2,7,4,0
Golf6,4,RRRR,48,53,3,2,2,0
Golf6,4,RRRR,48,54,3,7,4,0
Golf6,4,RRRR,48,55,4,2,1,0
Golf6,4,RRRR,48,56,4,6,5,0
Golf6,4,RRRR,48,57,1,2,2,0
Golf6,4,RRRR,48,58,1,7,3,0
Golf6,4,RRRR,48,59,2,2,2,0
Golf6,4,RRRR,48,60,2,7,1,0
Golf6,4,RRRR,48,61,3,2,1,0
Golf6,4,RRRR,48,62,3,6,6,0
Golf6,4,RRRR,48,63,4,2,2,0
Golf6,4,RRRR,48,64,4,7,2,0
Golf6,4,RRRR,48,65,1,2,2,0
Golf6,4,RRRR,48,66,1,7,1,0
Golf6,4,RRRR,48,67,2,2,1,0
Golf6,4,RRRR,48,68,2,6,4,0
Golf6,4,RRRR,48,69,3,2,2,0
Golf6,4,RRRR,48,70,3,7,5,0
Golf6,4,RRRR,48,71,4,2,1,0
Golf6,4,RRRR,48,72,4,6,6,0
Golf6,4,RRRR,49,1,1,6,4,0
Golf6,4,RRRR,49,2,1,5,1,0
Golf6,4,RRRR,49,3,2,6,1,0
Golf6,4,RRRR,49,4,2,5,1,0
Golf6,4,RRRR,49,5,3,6,3,0
Golf6,4,RRRR,49,6,3,5,2,0
Golf6,4,RRRR,49,7,4,6,3,0
Golf6,4,RRRR,49,8,4,5,5,0
Golf6,4,RRRR,49,9,1,2,1,0
Golf6,4,RRRR,49,10,1,6,5,0
Golf6,4,RRRR,49,11,2,2,2,0
Golf6,4,RRRR,49,12,2,7,4,0
Golf6,4,RRRR,49,13,3,2,1,0
Golf6,4,RRRR,49,14,3,6,1,0
Golf6,4,RRRR,49,15,4,2,1,0
Golf6,4,RRRR,49,16,4,6,3,0
Golf6,4,RRRR,49,17,1,2,1,0
Golf6,4,RRRR,49,18,1,6,1,0
Golf6,4,RRRR,49,19,2,2,2,0
Golf6,4,RRRR,49,20,2,7,6,0
Golf6,4,RRRR,49,21,3,2,1,0
Golf6,4,RRRR,49,22,3,6,1,0
Golf6,4,RRRR,49,23,4,2,2,0
Golf6,4,RRRR,49,24,4,7,3,0
Golf6,4,RRRR,49,25,1,2,2,0
Golf6,4,RRRR,49,26,1,7,2,0
Golf6,4,RRRR,49,27,2,2,2,0
Golf6,4,RRRR,49,28,2,7,2,0
Golf6,4,RRRR,49,29,3,2,1,0
Golf6,4,RRRR,49,30,3,6,3,0
Golf6,4,RRRR,49,31,4,2,1,0
Golf6,4,RRRR,49,32,4,6,6,0
Golf6,4,RRRR,49,33,1,2,2,0
Golf6,4,RRRR,49,34,1,7,4,0
Golf6,4,RRRR,49,35,2,2,1,0
Golf6,4,RRRR,49,36,2,6,4,0
Golf6,4,RRRR,49,37,3,2,1,0
Golf6,4,RRRR,49,38,3,6,6,0
Golf6,4,RRRR,49,39,4,2,1,0
Golf6,4,RRRR,49,40,4,6,4,0
Golf6,4,RRRR,49,41,1,2,1,0
Golf6,4,RRRR,49,42,1,6,2,0
Golf6,4,RRRR,49,43,2,2,1,0
Golf6,4,RRRR,49,44,2,6,5,0
Golf6,4,RRRR,49,45,3,2,1,0
Golf6,4,RRRR,49,46,3,6,1,0
Golf6,4,RRRR,49,47,4,2,1,0
Golf6,4,RRRR,49,48,4,6,6,0
Golf6,4,RRRR,49,49,1,2,2,0
Golf6,4,RRRR,49,50,1,7,5,0
Golf6,4,RRRR,49,51,2,2,2,0
Golf6,4,RRRR,49,52,2,7,4,0
Golf6,4,RRRR,49,53,3,2,1,0
Golf6,4,RRRR,49,54,3,6,4,0
Golf6,4,RRRR,49,55,4,2,2,0
Golf6,4,RRRR,49,56,4,7,7,0
Golf6,4,RRRR,49,57,1,2,2,0
Golf6,4,RRRR,49,58,1,7,1,0
Golf6,4,RRRR,49,59,2,2,1,0
Golf6,4,RRRR,49,60,2,6,1,0
Golf6,4,RRRR,49,61,3,2,1,0
Golf6,4,RRRR,49,62,3,6,3,0
Golf6,4,RRRR,49,63,4,2,2,0
Golf6,4,RRRR,49,64,4,7,7,0
Golf6,4,RRRR,49,65,1,2,2,0
Golf6,4,RRRR,49,66,1,7,7,0
Golf6,4,RRRR,50,1,1,6,6,0
Golf6,4,RRRR,50,2,1,5,4,0
Golf6,4,RRRR,50,3,2,6,2,0
Golf6,4,RRRR,50,4,2,5,3,0
Golf6,4,RRRR,50,5,3,6,3,0
Golf6,4,RRRR,50,6,3,5,3,0
Golf6,4,RRRR,50,7,4,6,4,0
Golf6,4,RRRR,50,8,4,5,1,0
Golf6,4,RRRR,50,9,1,2,1,0
Golf6,4,RRRR,50,10,1,6,2,0
Golf6,4,RRRR,50,11,2,2,1,0
Golf6,4,RRRR,50,12,2,6,5,0
Golf6,4,RRRR,50,13,3,2,2,0
Golf6,4,RRRR,50,14,3,7,4,0
Golf6,4,RRRR,50,15,4,2,2,0
Golf6,4,RRRR,50,16,4,7,1,0
Golf6,4,RRRR,50,17,1,2,1,0
Golf6,4,RRRR,50,18,1,6,2,0
Golf6,4,RRRR,50,19,2,2,1,0
Golf6,4,RRRR,50,20,2,6,4,0
Golf6,4,RRRR,50,21,3,2,2,0
Golf6,4,RRRR,50,22,3,7,7,0
Golf6,4,RRRR,50,23,4,2,2,0
Golf6,4,RRRR,50,24,4,7,4,0
Golf6,4,RRRR,50,25,1,2,1,0
Golf6,4,RRRR,50,26,1,6,1,0
Golf6,4,RRRR,50,27,2,2,1,0
Golf6,4,RRRR,50,28,2,6,5,0
Golf6,4,RRRR,50,29,3,2,2,0
Golf6,4,RRRR,50,30,3,7,1,0
Golf6,4,RRRR,50,31,4,2,2,0
Golf6,4,RRRR,50,32,4,7,1,0
Golf6,4,RRRR,50,33,1,2,1,0
Golf6,4,RRRR,50,34,1,6,6,0
Golf6,4,RRRR,50,35,2,2,1,0
Golf6,4,RRRR,50,36,2,6,6,0
Golf6,4,RRRR,50,37,3,2,2,0
Golf6,4,RRRR,50,38,3,7,5,0
Golf6,4,RRRR,50,39,4,2,2,0
Golf6,4,RRRR,50,40,4,7,3,0
Golf6,4,RRRR,50,41,1,2,1,0
Golf6,4,RRRR,50,42,1,6,4,0
Golf6,4,RRRR,50,43,2,2,2,0
Golf6,4,RRRR,50,44,2,7,6,0
Golf6,4,RRRR,50,45,3,2,2,0
Golf6,4,RRRR,50,46,3,7,2,0
Golf6,4,RRRR,50,47,4,2,1,0
Golf6,4,RRRR,50,48,4,6,1,0
Golf6,4,RRRR,50,49,1,2,1,0
Golf6,4,RRRR,50,50,1,6,5,0
Golf6,4,RRRR,50,51,2,2,1,0
Golf6,4,RRRR,50,52,2,6,2,0
Golf6,4,RRRR,50,53,3,2,2,0
Golf6,4,RRRR,50,54,3,7,6,0
Golf6,4,RRRR,50,55,4,2,2,0
Golf6,4,RRRR,50,56,4,7,6,0
Golf6,4,RRRR,50,57,1,2,1,0
Golf6,4,RRRR,50,58,1,6,4,0
Golf6,4,RRRR,50,59,2,2,1,0
Golf6,4,RRRR,50,60,2,6,3,0
Golf6,4,RRRR,50,61,3,2,2,0
Golf6,4,RRRR,50,62,3,7,5,0
Golf6,4,RRRR,50,63,4,2,1,0
Golf6,4,RRRR,50,64,4,6,1,0
Golf6,4,RRRR,50,65,1,2,2,0
Golf6,4,RRRR,50,66,1,7,6,0
Golf6,4,RRRR,50,67,2,2,1,0
Golf6,4,RRRR,50,68,2,6,6,0
Golf6,4,RRRR,50,69,3,2,1,0
Golf6,4,RRRR,50,70,3,6,6,0
Golf6,4,RRRR,50,71,4,2,2,0
Golf6,4,RRRR,50,72,4,7,1,0
Golf6,4,RRRR,50,73,1,2,2,0
Golf6,4,RRRR,50,74,1,7,2,0
Golf6,4,RRRR,50,75,2,2,1,0
Golf6,4,RRRR,50,76,2,6,3,0
Golf6,4,RRRR,50,77,3,2,2,0
Golf6,4,RRRR,50,78,3,7,5,0
Golf6,4,RRRR,50,79,4,2,1,0
Golf6,4,RRRR,50,80,4,6,1,0
Golf6,4,RRRR,50,81,1,2,1,0
Golf6,4,RRRR,50,82,1,6,6,0
Golf6,4,RRRR,50,83,2,2,2,0
Golf6,4,RRRR,50,84,2,7,6,0
Golf6,4,RRRR,50,85,3,2,2,0
Golf6,4,RRRR,50,86,3,7,5,0
Golf6,4,RRRR,50,87,4,2,1,0
Golf6,4,RRRR,50,88,4,6,1,0
Golf6,4,RRRR,50,89,1,2,2,0
Golf6,4,RRRR,50,90,1,7,5,0
Golf6,4,RRRR,50,91,2,2,1,0
Golf6,4,RRRR,50,92,2,6,1,0
Golf6,4,RRRR,51,1,1,6,4,0
Golf6,4,RRRR,51,2,1,5,5,0
Golf6,4,RRRR,51,3,2,6,6,0
Golf6,4,RRRR,51,4,2,5,4,0
Golf6,4,RRRR,51,5,3,6,6,0
Golf6,4,RRRR,51,6,3,5,5,0
Golf6,4,RRRR,51,7,4,6,3,0
Golf6,4,RRRR,51,8,4,5,5,0
Golf6,4,RRRR,51,9,1,2,1,0
Golf6,4,RRRR,51,10,1,6,2,0
Golf6,4,RRRR,51,11,2,2,1,0
Golf6,4,RRRR,51,12,2,6,4,0
Golf6,4,RRRR,51,13,3,2,2,0
Golf6,4,RRRR,51,14,3,7,1,0
Golf6,4,RRRR,51,15,4,2,2,0
Golf6,4,RRRR,51,16,4,7,5,0
Golf6,4,RRRR,51,17,1,2,2,0
Golf6,4,RRRR,51,18,1,7,5,0
Golf6,4,RRRR,51,19,2,2,1,0
Golf6,4,RRRR,51,20,2,6,4,0
Golf6,4,RRRR,51,21,3,2,1,0
Golf6,4,RRRR,51,22,3,6,5,0
Golf6,4,RRRR,51,23,4,2,1,0
Golf6,4,RRRR,51,24,4,6,3,0
Golf6,4,RRRR,51,25,1,2,1,0
Golf6,4,RRRR,51,26,1,6,4,0
Golf6,4,RRRR,51,27,2,2,1,0
Golf6,4,RRRR,51,28,2,6,4,0
Golf6,4,RRRR,51,29,3,2,1,0
Golf6,4,RRRR,51,30,3,6,1,0
Golf6,4,RRRR,51,31,4,2,1,0
Golf6,4,RRRR,51,32,4,6,4,0
Golf6,4,RRRR,51,33,1,2,2,0
Golf6,4,RRRR,51,34,1,7,2,0
Golf6,4,RRRR,51,35,2,2,2,0
Golf6,4,RRRR,51,36,2,7,2,0
Golf6,4,RRRR,51,37,3,2,1,0
Golf6,4,RRRR,51,38,3,6,6,0
Golf6,4,RRRR,51,39,4,2,2,0
Golf6,4,RRRR,51,40,4,7,4,0
Golf6,4,RRRR,51,41,1,2,1,0
Golf6,4,RRRR,51,42,1,6,4,0
Golf6,4,RRRR,51,43,2,2,2,0
Golf6,4,RRRR,51,44,2,7,4,0
Golf6,4,RRRR,51,45,3,2,2,0
Golf6,4,RRRR,51,46,3,7,3,0
Golf6,4,RRRR,51,47,4,2,1,0
Golf6,4,RRRR,51,48,4,6,4,0
Golf6,4,RRRR,51,49,1,2,1,0
Golf6,4,RRRR,51,50,1,6,4,0
Golf6,4,RRRR,51,51,2,2,1,0
Golf6,4,RRRR,51,52,2,6,1,0
Golf6,4,RRRR,51,53,3,2,1,0
Golf6,4,RRRR,51,54,3,6,1,0
Golf6,4,RRRR,51,55,4,2,2,0
Golf6,4,RRRR,51,56,4,7,7,0
Golf6,4,RRRR,51,57,1,2,2,0
Golf6,4,RRRR,51,58,1,7,4,0
Golf6,4,RRRR,51,59,2,2,1,0
Golf6,4,RRRR,51,60,2,6,3,0
Golf6,4,RRRR,51,61,3,2,2,0
Golf6,4,RRRR,51,62,3,7,5,0
Golf6,4,RRRR,51,63,4,2,2,0
Golf6,4,RRRR,51,64,4,7,4,0
Golf6,4,RRRR,51,65,1,2,2,0
Golf6,4,RRRR,51,66,1,7,4,0
Golf6,4,RRRR,51,67,2,2,2,0
Golf6,4,RRRR,51,68,2,7,4,0
Golf6,4,RRRR,51,69,3,2,1,0
Golf6,4,RRRR,51,70,3,6,3,0
Golf6,4,RRRR,52,1,1,6,4,0
Golf6,4,RRRR,52,2,1,5,1,0
Golf6,4,RRRR,52,3,2,6,3,0
Golf6,4,RRRR,52,4,2,5,4,0
Golf6,4,RRRR,52,5,3,6,1,0
Golf6,4,RRRR,52,6,3,5,4,0
Golf6,4,RRRR,52,7,4,6,1,0
Golf6,4,RRRR,52,8,4,5,4,0
Golf6,4,RRRR,52,9,1,2,1,0
Golf6,4,RRRR,52,10,1,6,4,0
Golf6,4,RRRR,52,11,2,2,1,0
Golf6,4,RRRR,52,12,2,6,2,0
Golf6,4,RRRR,52,13,3,2,2,0
Golf6,4,RRRR,52,14,3,7,7,0
Golf6,4,RRRR,52,15,4,2,1,0
Golf6,4,RRRR,52,16,4,6,6,0
Golf6,4,RRRR,52,17,1,2,2,0
Golf6,4,RRRR,52,18,1,7,3,0
Golf6,4,RRRR,52,19,2,2,1,0
Golf6,4,RRRR,52,20,2,6,6,0
Golf6,4,RRRR,52,21,3,2,2,0
Golf6,4,RRRR,52,22,3,7,7,0
Golf6,4,RRRR,52,23,4,2,2,0
Golf6,4,RRRR,52,24,4,7,1,0
Golf6,4,RRRR,52,25,1,2,1,0
Golf6,4,RRRR,52,26,1,6,3,0
Golf6,4,RRRR,52,27,2,2,2,0
Golf6,4,RRRR,52,28,2,7,5,0
Golf6,4,RRRR,52,29,3,2,2,0
Golf6,4,RRRR,52,30,3,7,3,0
Golf6,4,RRRR,52,31,4,2,2,0
Golf6,4,RRRR,52,32,4,7,5,0
Golf6,4,RRRR,52,33,1,2,1,0
Golf6,4,RRRR,52,34,1,6,4,0
Golf6,4,RRRR,52,35,2,2,2,0
Golf6,4,RRRR,52,36,2,7,1,0
Golf6,4,RRRR,52,37,3,2,2,0
Golf6,4,RRRR,52,38,3,7,5,0
Golf6,4,RRRR,52,39,4,2,1,0
Golf6,4,RRRR,52,40,4,6,6,0
Golf6,4,RRRR,52,41,1,2,2,0
Golf6,4,RRRR,52,42,1,7,7,0
Golf6,4,RRRR,52,43,2,2,2,0
Golf6,4,RRRR,52,44,2,7,7,0
Golf6,4,RRRR,52,45,3,2,1,0
Golf6,4,RRRR,52,46,3,6,4,0
Golf6,4,RRRR,52,47,4,2,2,0
Golf6,4,RRRR,52,48,4,7,6,0
Golf6,4,RRRR,52,49,1,2,1,0
Golf6,4,RRRR,52,50,1,6,5,0
Golf6,4,RRRR,53,1,1,6,5,0
Golf6,4,RRRR,53,2,1,5,2,0
Golf6,4,RRRR,53,3,2,6,1,0
Golf6,4,RRRR,53,4,2,5,5,0
Golf6,4,RRRR,53,5,3,6,5,0
Golf6,4,RRRR,53,6,3,5,1,0
Golf6,4,RRRR,53,7,4,6,4,0
Golf6,4,RRRR,53,8,4,5,3,0
Golf6,4,RRRR,53,9,1,2,2,0
Golf6,4,RRRR,53,10,1,7,3,0
Golf6,4,RRRR,53,11,2,2,2,0
Golf6,4,RRRR,53,12,2,7,3,0
Golf6,4,RRRR,53,13,3,2,2,0
Golf6,4,RRRR,53,14,3,7,2,0
Golf6,4,RRRR,53,15,4,2,1,0
Golf6,4,RRRR,53,16,4,6,6,0
Golf6,4,RRRR,53,17,1,2,2,0
Golf6,4,RRRR,53,18,1,7,2,0
Golf6,4,RRRR,53,19,2,2,2,0
Golf6,4,RRRR,53,20,2,7,7,0
Golf6,4,RRRR,53,21,3,2,1,0
Golf6,4,RRRR,53,22,3,6,6,0
Golf6,4,RRRR,53,23,4,2,1,0
Golf6,4,RRRR,53,24,4,6,2,0
Golf6,4,RRRR,53,25,1,2,1,0
Golf6,4,RRRR,53,26,1,6,6,0
Golf6,4,RRRR,53,27,2,2,1,0
Golf6,4,RRRR,53,28,2,6,4,0
Golf6,4,RRRR,53,29,3,2,1,0
Golf6,4,RRRR,53,30,3,6,2,0
Golf6,4,RRRR,53,31,4,2,1,0
Golf6,4,RRRR,53,32,4,6,4,0
Golf6,4,RRRR,53,33,1,2,1,0
Golf6,4,RRRR,53,34,1,6,3,0
Golf6,4,RRRR,53,35,2,2,1,0
Golf6,4,RRRR,53,36,2,6,3,0
Golf6,4,RRRR,53,37,3,2,1,0
Golf6,4,RRRR,53,38,3,6,3,0
Golf6,4,RRRR,53,39,4,2,2,0
Golf6,4,RRRR,53,40,4,7,1,0
Golf6,4,RRRR,53,41,1,2,1,0
Golf6,4,RRRR,53,42,1,6,3,0
Golf6,4,RRRR,53,43,2,2,1,0
Golf6,4,RRRR,53,44,2,6,6,0
Golf6,4,RRRR,53,45,3,2,2,0
Golf6,4,RRRR,53,46,3,7,2,0
Golf6,4,RRRR,53,47,4,2,1,0
Golf6,4,RRRR,53,48,4,6,1,0
Golf6,4,RRRR,53,49,1,2,1,0
Golf6,4,RRRR,53,50,1,6,2,0
Golf6,4,RRRR,53,51,2,2,1,0
Golf6,4,RRRR,53,52,2,6,5,0
Golf6,4,RRRR,54,1,1,6,5,0
Golf6,4,RRRR,54,2,1,5,5,0
Golf6,4,RRRR,54,3,2,6,3,0
Golf6,4,RRRR,54,4,2,5,2,0
Golf6,4,RRRR,54,5,3,6,2,0
Golf6,4,RRRR,54,6,3,5,3,0
Golf6,4,RRRR,54,7,4,6,1,0
Golf6,4,RRRR,54,8,4,5,1,0
Golf6,4,RRRR,54,9,1,2,1,0
Golf6,4,RRRR,54,10,1,6,4,0
Golf6,4,RRRR,54,11,2,2,1,0
Golf6,4,RRRR,54,12,2,6,4,0
Golf6,4,RRRR,54,13,3,2,1,0
Golf6,4,RRRR,54,14,3,6,6,0
Golf6,4,RRRR,54,15,4,2,2,0
Golf6,4,RRRR,54,16,4,7,3,0
Golf6,4,RRRR,54,17,1,2,2,0
Golf6,4,RRRR,54,18,1,7,6,0
Golf6,4,RRRR,54,19,2,2,2,0
Golf6,4,RRRR,54,20,2,7,6,0
Golf6,4,RRRR,54,21,3,2,2,0
Golf6,4,RRRR,54,22,3,7,3,0
Golf6,4,RRRR,54,23,4,2,1,0
Golf6,4,RRRR,54,24,4,6,5,0
Golf6,4,RRRR,54,25,1,2,2,0
Golf6,4,RRRR,54,26,1,7,4,0
Golf6,4,RRRR,54,27,2,2,1,0
Golf6,4,RRRR,54,28,2,6,5,0
Golf6,4,RRRR,54,29,3,2,1,0
Golf6,4,RRRR,54,30,3,6,2,0
Golf6,4,RRRR,54,31,4,2,1,0
Golf6,4,RRRR,54,32,4,6,4,0
Golf6,4,RRRR,54,33,1,2,2,0
Golf6,4,RRRR,54,34,1,7,4,0
Golf6,4,RRRR,54,35,2,2,1,0
Golf6,4,RRRR,54,36,2,6,5,0
Golf6,4,RRRR,54,37,3,2,2,0
Golf6,4,RRRR,54,38,3,7,3,0
Golf6,4,RRRR,54,39,4,2,1,0
Golf6,4,RRRR,54,40,4,6,6,0
Golf6,4,RRRR,54,41,1,2,1,0
Golf6,4,RRRR,54,42,1,6,6,0
Golf6,4,RRRR,54,43,2,2,1,0
Golf6,4,RRRR,54,44,2,6,4,0
Golf6,4,RRRR,54,45,3,2,1,0
Golf6,4,RRRR,54,46,3,6,3,0
Golf6,4,RRRR,54,47,4,2,2,0
Golf6,4,RRRR,54,48,4,7,4,0
Golf6,4,RRRR,55,1,1,6,3,0
Golf6,4,RRRR,55,2,1,5,4,0
Golf6,4,RRRR,55,3,2,6,6,0
Golf6,4,RRRR,55,4,2,5,5,0
Golf6,4,RRRR,55,5,3,6,1,0
Golf6,4,RRRR,55,6,3,5,5,0
Golf6,4,RRRR,55,7,4,6,1,0
Golf6,4,RRRR,55,8,4,5,3,0
Golf6,4,RRRR,55,9,1,2,2,0
Golf6,4,RRRR,55,10,1,7,7,0
Golf6,4,RRRR,55,11,2,2,2,0
Golf6,4,RRRR,55,12,2,7,3,0
Golf6,4,RRRR,55,13,3,2,2,0
Golf6,4,RRRR,55,14,3,7,2,0
Golf6,4,RRRR,55,15,4,2,2,0
Golf6,4,RRRR,55,16,4,7,2,0
Golf6,4,RRRR,55,17,1,2,2,0
Golf6,4,RRRR,55,18,1,7,3,0
Golf6,4,RRRR,55,19,2,2,2,0
Golf6,4,RRRR,55,20,2,7,7,0
Golf6,4,RRRR,55,21,3,2,2,0
Golf6,4,RRRR,55,22,3,7,2,0
Golf6,4,RRRR,55,23,4,2,2,0
Golf6,4,RRRR,55,24,4,7,1,0
Golf6,4,RRRR,55,25,1,2,1,0
Golf6,4,RRRR,55,26,1,6,1,0
Golf6,4,RRRR,55,27,2,2,1,0
Golf6,4,RRRR,55,28,2,6,5,0
Golf6,4,RRRR,55,29,3,2,2,0
Golf6,4,RRRR,55,30,3,7,3,0
Golf6,4,RRRR,55,31,4,2,1,0
Golf6,4,RRRR,55,32,4,6,1,0
Golf6,4,RRRR,55,33,1,2,1,0
Golf6,4,RRRR,55,34,1,6,1,0
Golf6,4,RRRR,55,35,2,2,2,0
Golf6,4,RRRR,55,36,2,7,3,0
Golf6,4,RRRR,55,37,3,2,1,0
Golf6,4,RRRR,55,38,3,6,3,0
Golf6,4,RRRR,55,39,4,2,2,0
Golf6,4,RRRR,55,40,4,7,3,0
Golf6,4,RRRR,55,41,1,2,2,0
Golf6,4,RRRR,55,42,1,7,5,0
Golf6,4,RRRR,56,1,1,6,6,0
Golf6,4,RRRR,56,2,1,5,2,0
Golf6,4,RRRR,56,3,2,6,2,0
Golf6,4,RRRR,56,4,2,5,2,0
Golf6,4,RRRR,56,5,3,6,5,0
Golf6,4,RRRR,56,6,3,5,1,0
Golf6,4,RRRR,56,7,4,6,5,0
Golf6,4,RRRR,56,8,4,5,2,0
Golf6,4,RRRR,56,9,1,2,1,0
Golf6,4,RRRR,56,10,1,6,2,0
Golf6,4,RRRR,56,11,2,2,1,0
Golf6,4,RRRR,56,12,2,6,2,0
Golf6,4,RRRR,56,13,3,2,1,0
Golf6,4,RRRR,56,14,3,6,4,0
Golf6,4,RRRR,56,15,4,2,1,0
Golf6,4,RRRR,56,16,4,6,3,0
Golf6,4,RRRR,56,17,1,2,2,0
Golf6,4,RRRR,56,18,1,7,3,0
Golf6,4,RRRR,56,19,2,2,1,0
Golf6,4,RRRR,56,20,2,6,6,0
Golf6,4,RRRR,56,21,3,2,2,0
Golf6,4,RRRR,56,22,3,7,1,0
Golf6,4,RRRR,56,23,4,2,1,0
Golf6,4,RRRR,56,24,4,6,1,0
Golf6,4,RRRR,56,25,1,2,2,0
Golf6,4,RRRR,56,26,1,7,4,0
Golf6,4,RRRR,56,27,2,2,1,0
Golf6,4,RRRR,56,28,2,6,4,0
Golf6,4,RRRR,56,29,3,2,1,0
Golf6,4,RRRR,56,30,3,6,6,0
Golf6,4,RRRR,56,31,4,2,2,0
Golf6,4,RRRR,56,32,4,7,3,0
Golf6,4,RRRR,56,33,1,2,2,0
Golf6,4,RRRR,56,34,1,7,7,0
Golf6,4,RRRR,56,35,2,2,1,0
Golf6,4,RRRR,56,36,2,6,5,0
Golf6,4,RRRR,56,37,3,2,2,0
Golf6,4,RRRR,56,38,3,7,7,0
Golf6,4,RRRR,56,39,4,2,1,0
Golf6,4,RRRR,56,40,4,6,3,0
Golf6,4,RRRR,56,41,1,2,1,0
Golf6,4,RRRR,56,42,1,6,1,0
Golf6,4,RRRR,56,43,2,2,2,0
Golf6,4,RRRR,56,44,2,7,2,0
Golf6,4,RRRR,57,1,1,6,4,0
Golf6,4,RRRR,57,2,1,5,5,0
Golf6,4,RRRR,57,3,2,6,6,0
Golf6,4,RRRR,57,4,2,5,1,0
Golf6,4,RRRR,57,5,3,6,2,0
Golf6,4,RRRR,57,6,3,5,5,0
Golf6,4,RRRR,57,7,4,6,6,0
Golf6,4,RRRR,57,8,4,5,2,0
Golf6,4,RRRR,57,9,1,2,2,0
Golf6,4,RRRR,57,10,1,7,7,0
Golf6,4,RRRR,57,11,2,2,2,0
Golf6,4,RRRR,57,12,2,7,4,0
Golf6,4,RRRR,57,13,3,2,2,0
Golf6,4,RRRR,57,14,3,7,6,0
Golf6,4,RRRR,57,15,4,2,1,0
Golf6,4,RRRR,57,16,4,6,1,0
Golf6,4,RRRR,57,17,1,2,2,0
Golf6,4,RRRR,57,18,1,7,1,0
Golf6,4,RRRR,57,19,2,2,2,0
Golf6,4,RRRR,57,20,2,7,3,0
Golf6,4,RRRR,57,21,3,2,1,0
Golf6,4,RRRR,57,22,3,6,4,0
Golf6,4,RRRR,57,23,4,2,2,0
Golf6,4,RRRR,57,24,4,7,7,0
Golf6,4,RRRR,57,25,1,2,2,0
Golf6,4,RRRR,57,26,1,7,2,0
Golf6,4,RRRR,57,27,2,2,1,0
Golf6,4,RRRR,57,28,2,6,1,0
Golf6,4,RRRR,57,29,3,2,2,0
Golf6,4,RRRR,57,30,3,7,3,0
Golf6,4,RRRR,57,31,4,2,1,0
Golf6,4,RRRR,57,32,4,6,1,0
Golf6,4,RRRR,57,33,1,2,2,0
Golf6,4,RRRR,57,34,1,7,3,0
Golf6,4,RRRR,57,35,2,2,1,0
Golf6,4,RRRR,57,36,2,6,1,0
Golf6,4,RRRR,57,37,3,2,2,0
Golf6,4,RRRR,57,38,3,7,7,0
Golf6,4,RRRR,57,39,4,2,1,0
Golf6,4,RRRR,57,40,4,6,1,0
Golf6,4,RRRR,57,41,1,2,2,0
Golf6,4,RRRR,57,42,1,7,4,0
Golf6,4,RRRR,57,43,2,2,1,0
Golf6,4,RRRR,57,44,2,6,2,0
Golf6,4,RRRR,57,45,3,2,1,0
Golf6,4,RRRR,57,46,3,6,2,0
Golf6,4,RRRR,57,47,4,2,2,0
Golf6,4,RRRR,57,48,4,7,3,0
Golf6,4,RRRR,57,49,1,2,1,0
Golf6,4,RRRR,57,50,1,6,3,0
Golf6,4,RRRR,57,51,2,2,1,0
Golf6,4,RRRR,57,52,2,6,2,0
Golf6,4,RRRR,57,53,3,2,2,0
Golf6,4,RRRR,57,54,3,7,3,0
Golf6,4,RRRR,57,55,4,2,1,0
Golf6,4,RRRR,57,56,4,6,6,0
Golf6,4,RRRR,57,57,1,2,2,0
Golf6,4,RRRR,57,58,1,7,6,0
Golf6,4,RRRR,58,1,1,6,3,0
Golf6,4,RRRR,58,2,1,5,4,0
Golf6,4,RRRR,58,3,2,6,5,0
Golf6,4,RRRR,58,4,2,5,5,0
Golf6,4,RRRR,58,5,3,6,1,0
Golf6,4,RRRR,58,6,3,5,1,0
Golf6,4,RRRR,58,7,4,6,2,0
Golf6,4,RRRR,58,8,4,5,5,0
Golf6,4,RRRR,58,9,1,2,2,0
Golf6,4,RRRR,58,10,1,7,5,0
Golf6,4,RRRR,58,11,2,2,2,0
Golf6,4,RRRR,58,12,2,7,7,0
Golf6,4,RRRR,58,13,3,2,1,0
Golf6,4,RRRR,58,14,3,6,1,0
Golf6,4,RRRR,58,15,4,2,2,0
Golf6,4,RRRR,58,16,4,7,7,0
Golf6,4,RRRR,58,17,1,2,1,0
Golf6,4,RRRR,58,18,1,6,5,0
Golf6,4,RRRR,58,19,2,2,2,0
Golf6,4,RRRR,58,20,2,7,5,0
Golf6,4,RRRR,58,21,3,2,1,0
Golf6,4,RRRR,58,22,3,6,6,0
Golf6,4,RRRR,58,23,4,2,1,0
Golf6,4,RRRR,58,24,4,6,2,0
Golf6,4,RRRR,58,25,1,2,2,0
Golf6,4,RRRR,58,26,1,7,4,0
Golf6,4,RRRR,58,27,2,2,1,0
Golf6,4,RRRR,58,28,2,6,2,0
Golf6,4,RRRR,58,29,3,2,2,0
Golf6,4,RRRR,58,30,3,7,1,0
Golf6,4,RRRR,58,31,4,2,2,0
Golf6,4,RRRR,58,32,4,7,3,0
Golf6,4,RRRR,58,33,1,2,2,0
Golf6,4,RRRR,58,34,1,7,4,0
Golf6,4,RRRR,58,35,2,2,2,0
Golf6,4,RRRR,58,36,2,7,1,0
Golf6,4,RRRR,58,37,3,2,1,0
Golf6,4,RRRR,58,38,3,6,3,0
Golf6,4,RRRR,58,39,4,2,1,0
Golf6,4,RRRR,58,40,4,6,1,0
Golf6,4,RRRR,58,41,1,2,1,0
Golf6,4,RRRR,58,42,1,6,4,0
Golf6,4,RRRR,58,43,2,2,2,0
Golf6,4,RRRR,58,44,2,7,7,0
Golf6,4,RRRR,58,45,3,2,2,0
Golf6,4,RRRR,58,46,3,7,3,0
Golf6,4,RRRR,58,47,4,2,2,0
Golf6,4,RRRR,58,48,4,7,6,0
Golf6,4,RRRR,58,49,1,2,2,0
Golf6,4,RRRR,58,50,1,7,4,0
Golf6,4,RRRR,58,51,2,2,2,0
Golf6,4,RRRR,58,52,2,7,1,0
Golf6,4,RRRR,58,53,3,2,1,0
Golf6,4,RRRR,58,54,3,6,1,0
Golf6,4,RRRR,58,55,4,2,2,0
Golf6,4,RRRR,58,56,4,7,4,0
Golf6,4,RRRR,58,57,1,2,2,0
Golf6,4,RRRR,58,58,1,7,2,0
Golf6,4,RRRR,58,59,2,2,1,0
Golf6,4,RRRR,58,60,2,6,3,0
Golf6,4,RRRR,58,61,3,2,1,0
Golf6,4,RRRR,58,62,3,6,2,0
Golf6,4,RRRR,58,63,4,2,1,0
Golf6,4,RRRR,58,64,4,6,4,0
Golf6,4,RRRR,59,1,1,6,2,0
Golf6,4,RRRR,59,2,1,5,5,0
Golf6,4,RRRR,59,3,2,6,4,0
Golf6,4,RRRR,59,4,2,5,5,0
Golf6,4,RRRR,59,5,3,6,3,0
Golf6,4,RRRR,59,6,3,5,5,0
Golf6,4,RRRR,59,7,4,6,3,0
Golf6,4,RRRR,59,8,4,5,3,0
Golf6,4,RRRR,59,9,1,2,2,0
Golf6,4,RRRR,59,10,1,7,6,0
Golf6,4,RRRR,59,11,2,2,1,0
Golf6,4,RRRR,59,12,2,6,2,0
Golf6,4,RRRR,59,13,3,2,2,0
Golf6,4,RRRR,59,14,3,7,5,0
Golf6,4,RRRR,59,15,4,2,1,0
Golf6,4,RRRR,59,16,4,6,6,0
Golf6,4,RRRR,59,17,1,2,1,0
Golf6,4,RRRR,59,18,1,6,3,0
Golf6,4,RRRR,59,19,2,2,2,0
Golf6,4,RRRR,59,20,2,7,7,0
Golf6,4,RRRR,59,21,3,2,1,0
Golf6,4,RRRR,59,22,3,6,2,0
Golf6,4,RRRR,59,23,4,2,2,0
Golf6,4,RRRR,59,24,4,7,2,0
Golf6,4,RRRR,59,25,1,2,2,0
Golf6,4,RRRR,59,26,1,7,2,0
Golf6,4,RRRR,59,27,2,2,2,0
Golf6,4,RRRR,59,28,2,7,7,0
Golf6,4,RRRR,59,29,3,2,1,0
Golf6,4,RRRR,59,30,3,6,5,0
Golf6,4,RRRR,59,31,4,2,1,0
Golf6,4,RRRR,59,32,4,6,1,0
Golf6,4,RRRR,59,33,1,2,1,0
Golf6,4,RRRR,59,34,1,6,4,0
Golf6,4,RRRR,60,1,1,6,2,0
Golf6,4,RRRR,60,2,1,5,2,0
Golf6,4,RRRR,60,3,2,6,6,0
Golf6,4,RRRR,60,4,2,5,1,0
Golf6,4,RRRR,60,5,3,6,6,0
Golf6,4,RRRR,60,6,3,5,2,0
Golf6,4,RRRR,60,7,4,6,6,0
Golf6,4,RRRR,60,8,4,5,2,0
Golf6,4,RRRR,60,9,1,2,1,0
Golf6,4,RRRR,60,10,1,6,1,0
Golf6,4,RRRR,60,11,2,2,2,0
Golf6,4,RRRR,60,12,2,7,5,0
Golf6,4,RRRR,60,13,3,2,1,0
Golf6,4,RRRR,60,14,3,6,3,0
Golf6,4,RRRR,60,15,4,2,2,0
Golf6,4,RRRR,60,16,4,7,5,0
Golf6,4,RRRR,60,17,1,2,1,0
Golf6,4,RRRR,60,18,1,6,6,0
Golf6,4,RRRR,60,19,2,2,1,0
Golf6,4,RRRR,60,20,2,6,6,0
Golf6,4,RRRR,60,21,3,2,2,0
Golf6,4,RRRR,60,22,3,7,5,0
Golf6,4,RRRR,60,23,4,2,1,0
Golf6,4,RRRR,60,24,4,6,4,0
Golf6,4,RRRR,60,25,1,2,1,0
Golf6,4,RRRR,60,26,1,6,2,0
Golf6,4,RRRR,60,27,2,2,1,0
Golf6,4,RRRR,60,28,2,6,4,0
Golf6,4,RRRR,60,29,3,2,1,0
Golf6,4,RRRR,60,30,3,6,6,0
Golf6,4,RRRR,60,31,4,2,1,0
Golf6,4,RRRR,60,32,4,6,1,0
Golf6,4,RRRR,60,33,1,2,1,0
Golf6,4,RRRR,60,34,1,6,1,0
Golf6,4,RRRR,60,35,2,2,2,0
Golf6,4,RRRR,60,36,2,7,7,0
Golf6,4,RRRR,60,37,3,2,2,0
Golf6,4,RRRR,60,38,3,7,2,0
Golf6,4,RRRR,60,39,4,2,1,0
Golf6,4,RRRR,60,40,4,6,4,0
Golf6,4,RRRR,60,41,1,2,1,0
Golf6,4,RRRR,60,42,1,6,4,0
Golf6,4,RRRR,60,43,2,2,1,0
Golf6,4,RRRR,60,44,2,6,1,0
Golf6,4,RRRR,60,45,3,2,2,0
Golf6,4,RRRR,60,46,3,7,1,0
Golf6,4,RRRR,60,47,4,2,1,0
Golf6,4,RRRR,60,48,4,6,4,0
Golf6,4,RRRR,60,49,1,2,1,0
Golf6,4,RRRR,60,50,1,6,4,0
Golf6,4,RRRR,60,51,2,2,2,0
Golf6,4,RRRR,60,52,2,7,7,0
Golf6,4,RRRR,60,53,3,2,1,0
Golf6,4,RRRR,60,54,3,6,6,0
Golf6,4,RRRR,60,55,4,2,1,0
Golf6,4,RRRR,60,56,4,6,5,0
Golf6,4,RRRR,60,57,1,2,2,0
Golf6,4,RRRR,60,58,1,7,2,0
Golf6,4,RRRR,60,59,2,2,1,0
Golf6,4,RRRR,60,60,2,6,5,0
Golf6,4,RRRR,60,61,3,2,2,0
Golf6,4,RRRR,60,62,3,7,4,0
Golf6,4,RRRR,60,63,4,2,1,0
Golf6,4,RRRR,60,64,4,6,2,0
Golf6,4,RRRR,60,65,1,2,2,0
Golf6,4,RRRR,60,66,1,7,4,0
Golf6,4,RRRR,60,67,2,2,2,0
Golf6,4,RRRR,60,68,2,7,1,0
Golf6,4,RRRR,60,69,3,2,2,0
Golf6,4,RRRR,60,70,3,7,7,0
Golf6,4,RRRR,60,71,4,2,1,0
Golf6,4,RRRR,60,72,4,6,5,0
Golf6,4,RRRR,60,73,1,2,1,0
Golf6,4,RRRR,60,74,1,6,5,0
Golf6,4,RRRR,61,1,1,6,6,0
Golf6,4,RRRR,61,2,1,5,2,0
Golf6,4,RRRR,61,3,2,6,5,0
Golf6,4,RRRR,61,4,2,5,2,0
Golf6,4,RRRR,61,5,3,6,3,0
Golf6,4,RRRR,61,6,3,5,3,0
Golf6,4,RRRR,61,7,4,6,3,0
Golf6,4,RRRR,61,8,4,5,1,0
Golf6,4,RRRR,61,9,1,2,2,0
Golf6,4,RRRR,61,10,1,7,5,0
Golf6,4,RRRR,61,11,2,2,1,0
Golf6,4,RRRR,61,12,2,6,6,0
Golf6,4,RRRR,61,13,3,2,2,0
Golf6,4,RRRR,61,14,3,7,7,0
Golf6,4,RRRR,61,15,4,2,1,0
Golf6,4,RRRR,61,16,4,6,1,0
Golf6,4,RRRR,61,17,1,2,2,0
Golf6,4,RRRR,61,18,1,7,6,0
Golf6,4,RRRR,61,19,2,2,1,0
Golf6,4,RRRR,61,20,2,6,6,0
Golf6,4,RRRR,61,21,3,2,1,0
Golf6,4,RRRR,61,22,3,6,4,0
Golf6,4,RRRR,61,23,4,2,1,0
Golf6,4,RRRR,61,24,4,6,1,0
Golf6,4,RRRR,61,25,1,2,2,0
Golf6,4,RRRR,61,26,1,7,4,0
Golf6,4,RRRR,61,27,2,2,2,0
Golf6,4,RRRR,61,28,2,7,6,0
Golf6,4,RRRR,61,29,3,2,2,0
Golf6,4,RRRR,61,30,3,7,5,0
Golf6,4,RRRR,61,31,4,2,1,0
Golf6,4,RRRR,61,32,4,6,2,0
Golf6,4,RRRR,61,33,1,2,1,0
Golf6,4,RRRR,61,34,1,6,5,0
Golf6,4,RRRR,61,35,2,2,1,0
Golf6,4,RRRR,61,36,2,6,6,0
Golf6,4,RRRR,61,37,3,2,1,0
Golf6,4,RRRR,61,38,3,6,4,0
Golf6,4,RRRR,61,39,4,2,1,0
Golf6,4,RRRR,61,40,4,6,3,0
Golf6,4,RRRR,61,41,1,2,1,0
Golf6,4,RRRR,61,42,1,6,3,0
Golf6,4,RRRR,61,43,2,2,2,0
Golf6,4,RRRR,61,44,2,7,7,0
Golf6,4,RRRR,61,45,3,2,2,0
Golf6,4,RRRR,61,46,3,7,3,0
Golf6,4,RRRR,61,47,4,2,1,0
Golf6,4,RRRR,61,48,4,6,3,0
Golf6,4,RRRR,61,49,1,2,2,0
Golf6,4,RRRR,61,50,1,7,1,0
Golf6,4,RRRR,61,51,2,2,2,0
Golf6,4,RRRR,61,52,2,7,4,0
Golf6,4,RRRR,61,53,3,2,2,0
Golf6,4,RRRR,61,54,3,7,4,0
Golf6,4,RRRR,61,55,4,2,2,0
Golf6,4,RRRR,61,56,4,7,1,0
Golf6,4,RRRR,61,57,1,2,2,0
Golf6,4,RRRR,61,58,1,7,7,0
Golf6,4,RRRR,61,59,2,2,1,0
Golf6,4,RRRR,61,60,2,6,1,0
Golf6,4,RRRR,61,61,3,2,2,0
Golf6,4,RRRR,61,62,3,7,1,0
Golf6,4,RRRR,61,63,4,2,1,0
Golf6,4,RRRR,61,64,4,6,3,0
Golf6,4,RRRR,61,65,1,2,1,0
Golf6,4,RRRR,61,66,1,6,4,0
Golf6,4,RRRR,61,67,2,2,1,0
Golf6,4,RRRR,61,68,2,6,2,0
Golf6,4,RRRR,61,69,3,2,1,0
Golf6,4,RRRR,61,70,3,6,5,0
Golf6,4,RRRR,61,71,4,2,2,0
Golf6,4,RRRR,61,72,4,7,5,0
Golf6,4,RRRR,61,73,1,2,1,0
Golf6,4,RRRR,61,74,1,6,3,0
Golf6,4,RRRR,61,75,2,2,2,0
Golf6,4,RRRR,61,76,2,7,4,0
Golf6,4,RRRR,61,77,3,2,2,0
Golf6,4,RRRR,61,78,3,7,7,0
Golf6,4,RRRR,61,79,4,2,1,0
Golf6,4,RRRR,61,80,4,6,4,0
Golf6,4,RRRR,61,81,1,2,1,0
Golf6,4,RRRR,61,82,1,6,4,0
Golf6,4,RRRR,61,83,2,2,2,0
Golf6,4,RRRR,61,84,2,7,5,0
Golf6,4,RRRR,62,1,1,6,1,0
Golf6,4,RRRR,62,2,1,5,4,0
Golf6,4,RRRR,62,3,2,6,1,0
Golf6,4,RRRR,62,4,2,5,3,0
Golf6,4,RRRR,62,5,3,6,5,0
Golf6,4,RRRR,62,6,3,5,5,0
Golf6,4,RRRR,62,7,4,6,5,0
Golf6,4,RRRR,62,8,4,5,3,0
Golf6,4,RRRR,62,9,1,2,2,0
Golf6,4,RRRR,62,10,1,7,6,0
Golf6,4,RRRR,62,11,2,2,2,0
Golf6,4,RRRR,62,12,2,7,6,0
Golf6,4,RRRR,62,13,3,2,1,0
Golf6,4,RRRR,62,14,3,6,3,0
Golf6,4,RRRR,62,15,4,2,1,0
Golf6,4,RRRR,62,16,4,6,6,0
Golf6,4,RRRR,62,17,1,2,2,0
Golf6,4,RRRR,62,18,1,7,4,0
Golf6,4,RRRR,62,19,2,2,2,0
Golf6,4,RRRR,62,20,2,7,6,0
Golf6,4,RRRR,62,21,3,2,2,0
Golf6,4,RRRR,62,22,3,7,4,0
Golf6,4,RRRR,62,23,4,2,1,0
Golf6,4,RRRR,62,24,4,6,2,0
Golf6,4,RRRR,62,25,1,2,2,0
Golf6,4,RRRR,62,26,1,7,3,0
Golf6,4,RRRR,62,27,2,2,1,0
Golf6,4,RRRR,62,28,2,6,4,0
Golf6,4,RRRR,62,29,3,2,1,0
Golf6,4,RRRR,62,30,3,6,2,0
Golf6,4,RRRR,62,31,4,2,1,0
Golf6,4,RRRR,62,32,4,6,3,0
Golf6,4,RRRR,62,33,1,2,1,0
Golf6,4,RRRR,62,34,1,6,2,0
Golf6,4,RRRR,62,35,2,2,2,0
Golf6,4,RRRR,62,36,2,7,4,0
Golf6,4,RRRR,62,37,3,2,2,0
Golf6,4,RRRR,62,38,3,7,1,0
Golf6,4,RRRR,62,39,4,2,2,0
Golf6,4,RRRR,62,40,4,7,3,0
Golf6,4,RRRR,62,41,1,2,1,0
Golf6,4,RRRR,62,42,1,6,2,0
Golf6,4,RRRR,62,43,2,2,2,0
Golf6,4,RRRR,62,44,2,7,3,0
Golf6,4,RRRR,62,45,3,2,1,0
Golf6,4,RRRR,62,46,3,6,5,0
Golf6,4,RRRR,62,47,4,2,1,0
Golf6,4,RRRR,62,48,4,6,6,0
Golf6,4,RRRR,62,49,1,2,2,0
Golf6,4,RRRR,62,50,1,7,7,0
Golf6,4,RRRR,62,51,2,2,1,0
Golf6,4,RRRR,62,52,2,6,1,0
Golf6,4,RRRR,62,53,3,2,2,0
Golf6,4,RRRR,62,54,3,7,6,0
Golf6,4,RRRR,62,55,4,2,2,0
Golf6,4,RRRR,62,56,4,7,4,0
Golf6,4,RRRR,62,57,1,2,1,0
Golf6,4,RRRR,62,58,1,6,3,0
Golf6,4,RRRR,62,59,2,2,2,0
Golf6,4,RRRR,62,60,2,7,6,0
Golf6,4,RRRR,62,61,3,2,2,0
Golf6,4,RRRR,62,62,3,7,2,0
Golf6,4,RRRR,62,63,4,2,1,0
Golf6,4,RRRR,62,64,4,6,5,0
Golf6,4,RRRR,62,65,1,2,1,0
Golf6,4,RRRR,62,66,1,6,1,0
Golf6,4,RRRR,62,67,2,2,1,0
Golf6,4,RRRR,62,68,2,6,2,0
Golf6,4,RRRR,62,69,3,2,2,0
Golf6,4,RRRR,62,70,3,7,4,0
Golf6,4,RRRR,62,71,4,2,1,0
Golf6,4,RRRR,62,72,4,6,3,0
Golf6,4,RRRR,62,73,1,2,1,0
Golf6,4,RRRR,62,74,1,6,2,0
Golf6,4,RRRR,62,75,2,2,1,0
Golf6,4,RRRR,62,76,2,6,1,0
Golf6,4,RRRR,62,77,3,2,1,0
Golf6,4,RRRR,62,78,3,6,6,0
Golf6,4,RRRR,62,79,4,2,1,0
Golf6,4,RRRR,62,80,4,6,3,0
Golf6,4,RRRR,62,81,1,2,2,0
Golf6,4,RRRR,62,82,1,7,5,0
Golf6,4,RRRR,63,1,1,6,3,0
Golf6,4,RRRR,63,2,1,5,1,0
Golf6,4,RRRR,63,3,2,6,6,0
Golf6,4,RRRR,63,4,2,5,3,0
Golf6,4,RRRR,63,5,3,6,1,0
Golf6,4,RRRR,63,6,3,5,4,0
Golf6,4,RRRR,63,7,4,6,6,0
Golf6,4,RRRR,63,8,4,5,4,0
Golf6,4,RRRR,63,9,1,2,1,0
Golf6,4,RRRR,63,10,1,6,3,0
Golf6,4,RRRR,63,11,2,2,2,0
Golf6,4,RRRR,63,12,2,7,4,0
Golf6,4,RRRR,63,13,3,2,1,0
Golf6,4,RRRR,63,14,3,6,4,0
Golf6,4,RRRR,63,15,4,2,2,0
Golf6,4,RRRR,63,16,4,7,7,0
Golf6,4,RRRR,63,17,1,2,1,0
Golf6,4,RRRR,63,18,1,6,6,0
Golf6,4,RRRR,63,19,2,2,1,0
Golf6,4,RRRR,63,20,2,6,5,0
Golf6,4,RRRR,63,21,3,2,1,0
Golf6,4,RRRR,63,22,3,6,6,0
Golf6,4,RRRR,63,23,4,2,1,0
Golf6,4,RRRR,63,24,4,6,1,0
Golf6,4,RRRR,63,25,1,2,2,0
Golf6,4,RRRR,63,26,1,7,1,0
Golf6,4,RRRR,63,27,2,2,2,0
Golf6,4,RRRR,63,28,2,7,7,0
Golf6,4,RRRR,63,29,3,2,1,0
Golf6,4,RRRR,63,30,3,6,2,0
Golf6,4,RRRR,63,31,4,2,2,0
Golf6,4,RRRR,63,32,4,7,1,0
Golf6,4,RRRR,63,33,1,2,2,0
Golf6,4,RRRR,63,34,1,7,6,0
Golf6,4,RRRR,63,35,2,2,2,0
Golf6,4,RRRR,63,36,2,7,6,0
Golf6,4,RRRR,63,37,3,2,2,0
Golf6,4,RRRR,63,38,3,7,1,0
Golf6,4,RRRR,63,39,4,2,2,0
Golf6,4,RRRR,63,40,4,7,2,0
Golf6,4,RRRR,63,41,1,2,1,0
Golf6,4,RRRR,63,42,1,6,3,0
Golf6,4,RRRR,63,43,2,2,2,0
Golf6,4,RRRR,63,44,2,7,1,0
Golf6,4,RRRR,63,45,3,2,2,0
Golf6,4,RRRR,63,46,3,7,5,0
Golf6,4,RRRR,63,47,4,2,1,0
Golf6,4,RRRR,63,48,4,6,1,0
Golf6,4,RRRR,63,49,1,2,2,0
Golf6,4,RRRR,63,50,1,7,1,0
Golf6,4,RRRR,63,51,2,2,1,0
Golf6,4,RRRR,63,52,2,6,6,0
Golf6,4,RRRR,63,53,3,2,2,0
Golf6,4,RRRR,63,54,3,7,1,0
Golf6,4,RRRR,63,55,4,2,1,0
Golf6,4,RRRR,63,56,4,6,4,0
Golf6,4,RRRR,63,57,1,2,2,0
Golf6,4,RRRR,63,58,1,7,7,0
Golf6,4,RRRR,63,59,2,2,2,0
Golf6,4,RRRR,63,60,2,7,1,0
Golf6,4,RRRR,63,61,3,2,1,0
Golf6,4,RRRR,63,62,3,6,3,0
Golf6,4,RRRR,64,1,1,6,1,0
Golf6,4,RRRR,64,2,1,5,3,0
Golf6,4,RRRR,64,3,2,6,4,0
Golf6,4,RRRR,64,4,2,5,5,0
Golf6,4,RRRR,64,5,3,6,2,0
Golf6,4,RRRR,64,6,3,5,2,0
Golf6,4,RRRR,64,7,4,6,2,0
Golf6,4,RRRR,64,8,4,5,2,0
Golf6,4,RRRR,64,9,1,2,1,0
Golf6,4,RRRR,64,10,1,6,3,0
Golf6,4,RRRR,64,11,2,2,2,0
Golf6,4,RRRR,64,12,2,7,6,0
Golf6,4,RRRR,64,13,3,2,2,0
Golf6,4,RRRR,64,14,3,7,3,0
Golf6,4,RRRR,64,15,4,2,1,0
Golf6,4,RRRR,64,16,4,6,5,0
Golf6,4,RRRR,64,17,1,2,2,0
Golf6,4,RRRR,64,18,1,7,3,0
Golf6,4,RRRR,64,19,2,2,2,0
Golf6,4,RRRR,64,20,2,7,1,0
Golf6,4,RRRR,64,21,3,2,2,0
Golf6,4,RRRR,64,22,3,7,2,0
Golf6,4,RRRR,64,23,4,2,2,0
Golf6,4,RRRR,64,24,4,7,3,0
Golf6,4,RRRR,64,25,1,2,1,0
Golf6,4,RRRR,64,26,1,6,3,0
Golf6,4,RRRR,64,27,2,2,1,0
Golf6,4,RRRR,64,28,2,6,4,0
Golf6,4,RRRR,64,29,3,2,1,0
Golf6,4,RRRR,64,30,3,6,4,0
Golf6,4,RRRR,64,31,4,2,1,0
Golf6,4,RRRR,64,32,4,6,1,0
Golf6,4,RRRR,64,33,1,2,1,0
Golf6,4,RRRR,64,34,1,6,1,0
Golf6,4,RRRR,64,35,2,2,1,0
Golf6,4,RRRR,64,36,2,6,3,0
Golf6,4,RRRR,64,37,3,2,2,0
Golf6,4,RRRR,64,38,3,7,6,0
Golf6,4,RRRR,64,39,4,2,2,0
Golf6,4,RRRR,64,40,4,7,3,0
Golf6,4,RRRR,64,41,1,2,2,0
Golf6,4,RRRR,64,42,1,7,2,0
Golf6,4,RRRR,64,43,2,2,1,0
Golf6,4,RRRR,64,44,2,6,1,0
Golf6,4,RRRR,64,45,3,2,1,0
Golf6,4,RRRR,64,46,3,6,1,0
Golf6,4,RRRR,64,47,4,2,1,0
Golf6,4,RRRR,64,48,4,6,3,0
Golf6,4,RRRR,64,49,1,2,2,0
Golf6,4,RRRR,64,50,1,7,5,0
Golf6,4,RRRR,64,51,2,2,2,0
Golf6,4,RRRR,64,52,2,7,2,0
Golf6,4,RRRR,64,53,3,2,1,0
Golf6,4,RRRR,64,54,3,6,6,0
Golf6,4,RRRR,65,1,1,6,1,0
Golf6,4,RRRR,65,2,1,5,4,0
Golf6,4,RRRR,65,3,2,6,1,0
Golf6,4,RRRR,65,4,2,5,4,0
Golf6,4,RRRR,65,5,3,6,4,0
Golf6,4,RRRR,65,6,3,5,5,0
Golf6,4,RRRR,65,7,4,6,1,0
Golf6,4,RRRR,65,8,4,5,1,0
Golf6,4,RRRR,65,9,1,2,1,0
Golf6,4,RRRR,65,10,1,6,5,0
Golf6,4,RRRR,65,11,2,2,1,0
Golf6,4,RRRR,65,12,2,6,2,0
Golf6,4,RRRR,65,13,3,2,2,0
Golf6,4,RRRR,65,14,3,7,7,0
Golf6,4,RRRR,65,15,4,2,1,0
Golf6,4,RRRR,65,16,4,6,3,0
Golf6,4,RRRR,65,17,1,2,1,0
Golf6,4,RRRR,65,18,1,6,5,0
Golf6,4,RRRR,65,19,2,2,2,0
Golf6,4,RRRR,65,20,2,7,7,0
Golf6,4,RRRR,65,21,3,2,1,0
Golf6,4,RRRR,65,22,3,6,6,0
Golf6,4,RRRR,65,23,4,2,2,0
Golf6,4,RRRR,65,24,4,7,3,0
Golf6,4,RRRR,65,25,1,2,1,0
Golf6,4,RRRR,65,26,1,6,3,0
Golf6,4,RRRR,65,27,2,2,1,0
Golf6,4,RRRR,65,28,2,6,2,0
Golf6,4,RRRR,65,29,3,2,2,0
Golf6,4,RRRR,65,30,3,7,2,0
Golf6,4,RRRR,65,31,4,2,2,0
Golf6,4,RRRR,65,32,4,7,6,0
Golf6,4,RRRR,65,33,1,2,2,0
Golf6,4,RRRR,65,34,1,7,7,0
Golf6,4,RRRR,65,35,2,2,2,0
Golf6,4,RRRR,65,36,2,7,1,0
Golf6,4,RRRR,65,37,3,2,2,0
Golf6,4,RRRR,65,38,3,7,7,0
Golf6,4,RRRR,65,39,4,2,2,0
Golf6,4,RRRR,65,40,4,7,6,0
Golf6,4,RRRR,65,41,1,2,1,0
Golf6,4,RRRR,65,42,1,6,4,0
Golf6,4,RRRR,65,43,2,2,2,0
Golf6,4,RRRR,65,44,2,7,3,0
Golf6,4,RRRR,65,45,3,2,2,0
Golf6,4,RRRR,65,46,3,7,5,0
Golf6,4,RRRR,65,47,4,2,2,0
Golf6,4,RRRR,65,48,4,7,4,0
Golf6,4,RRRR,65,49,1,2,2,0
Golf6,4,RRRR,65,50,1,7,5,0
Golf6,4,RRRR,65,51,2,2,1,0
Golf6,4,RRRR,65,52,2,6,5,0
Golf6,4,RRRR,65,53,3,2,2,0
Golf6,4,RRRR,65,54,3,7,7,0
Golf6,4,RRRR,65,55,4,2,2,0
Golf6,4,RRRR,65,56,4,7,1,0
Golf6,4,RRRR,65,57,1,2,1,0
Golf6,4,RRRR,65,58,1,6,2,0
Golf6,4,RRRR,66,1,1,6,3,0
Golf6,4,RRRR,66,2,1,5,4,0
Golf6,4,RRRR,66,3,2,6,5,0
Golf6,4,RRRR,66,4,2,5,2,0
Golf6,4,RRRR,66,5,3,6,6,0
Golf6,4,RRRR,66,6,3,5,3,0
Golf6,4,RRRR,66,7,4,6,5,0
Golf6,4,RRRR,66,8,4,5,5,0
Golf6,4,RRRR,66,9,1,2,2,0
Golf6,4,RRRR,66,10,1,7,2,0
Golf6,4,RRRR,66,11,2,2,1,0
Golf6,4,RRRR,66,12,2,6,4,0
Golf6,4,RRRR,66,13,3,2,2,0
Golf6,4,RRRR,66,14,3,7,4,0
Golf6,4,RRRR,66,15,4,2,1,0
Golf6,4,RRRR,66,16,4,6,4,0
Golf6,4,RRRR,66,17,1,2,1,0
Golf6,4,RRRR,66,18,1,6,5,0
Golf6,4,RRRR,66,19,2,2,1,0
Golf6,4,RRRR,66,20,2,6,2,0
Golf6,4,RRRR,66,21,3,2,2,0
Golf6,4,RRRR,66,22,3,7,1,0
Golf6,4,RRRR,66,23,4,2,1,0
Golf6,4,RRRR,66,24,4,6,4,0
Golf6,4,RRRR,66,25,1,2,1,0
Golf6,4,RRRR,66,26,1,6,5,0
Golf6,4,RRRR,66,27,2,2,2,0
Golf6,4,RRRR,66,28,2,7,4,0
Golf6,4,RRRR,66,29,3,2,1,0
Golf6,4,RRRR,66,30,3,6,1,0
Golf6,4,RRRR,66,31,4,2,2,0
Golf6,4,RRRR,66,32,4,7,2,0
Golf6,4,RRRR,66,33,1,2,1,0
Golf6,4,RRRR,66,34,1,6,6,0
Golf6,4,RRRR,66,35,2,2,1,0
Golf6,4,RRRR,66,36,2,6,4,0
Golf6,4,RRRR,66,37,3,2,1,0
Golf6,4,RRRR,66,38,3,6,4,0
Golf6,4,RRRR,66,39,4,2,2,0
Golf6,4,RRRR,66,40,4,7,1,0
Golf6,4,RRRR,66,41,1,2,1,0
Golf6,4,RRRR,66,42,1,6,5,0
Golf6,4,RRRR,66,43,2,2,2,0
Golf6,4,RRRR,66,44,2,7,6,0
Golf6,4,RRRR,66,45,3,2,2,0
Golf6,4,RRRR,66,46,3,7,2,0
Golf6,4,RRRR,66,47,4,2,2,0
Golf6,4,RRRR,66,48,4,7,6,0
Golf6,4,RRRR,66,49,1,2,1,0
Golf6,4,RRRR,66,50,1,6,4,0
Golf6,4,RRRR,66,51,2,2,1,0
Golf6,4,RRRR,66,52,2,6,2,0
Golf6,4,RRRR,66,53,3,2,1,0
Golf6,4,RRRR,66,54,3,6,4,0
Golf6,4,RRRR,66,55,4,2,1,0
Golf6,4,RRRR,66,56,4,6,6,0
Golf6,4,RRRR,66,57,1,2,2,0
Golf6,4,RRRR,66,58,1,7,7,0
Golf6,4,RRRR,66,59,2,2,2,0
Golf6,4,RRRR,66,60,2,7,5,0
Golf6,4,RRRR,66,61,3,2,1,0
Golf6,4,RRRR,66,62,3,6,1,0
Golf6,4,RRRR,66,63,4,2,2,0
Golf6,4,RRRR,66,64,4,7,5,0
Golf6,4,RRRR,66,65,1,2,1,0
Golf6,4,RRRR,66,66,1,6,2,0
Golf6,4,RRRR,67,1,1,6,6,0
Golf6,4,RRRR,67,2,1,5,4,0
Golf6,4,RRRR,67,3,2,6,3,0
Golf6,4,RRRR,67,4,2,5,2,0
Golf6,4,RRRR,67,5,3,6,6,0
Golf6,4,RRRR,67,6,3,5,3,0
Golf6,4,RRRR,67,7,4,6,4,0
Golf6,4,RRRR,67,8,4,5,2,0
Golf6,4,RRRR,67,9,1,2,2,0
Golf6,4,RRRR,67,10,1,7,4,0
Golf6,4,RRRR,67,11,2,2,2,0
Golf6,4,RRRR,67,12,2,7,7,0
Golf6,4,RRRR,67,13,3,2,1,0
Golf6,4,RRRR,67,14,3,6,6,0
Golf6,4,RRRR,67,15,4,2,2,0
Golf6,4,RRRR,67,16,4,7,2,0
Golf6,4,RRRR,67,17,1,2,1,0
Golf6,4,RRRR,67,18,1,6,3,0
Golf6,4,RRRR,67,19,2,2,2,0
Golf6,4,RRRR,67,20,2,7,4,0
Golf6,4,RRRR,67,21,3,2,2,0
Golf6,4,RRRR,67,22,3,7,3,0
Golf6,4,RRRR,67,23,4,2,2,0
Golf6,4,RRRR,67,24,4,7,1,0
Golf6,4,RRRR,67,25,1,2,1,0
Golf6,4,RRRR,67,26,1,6,5,0
Golf6,4,RRRR,67,27,2,2,2,0
Golf6,4,RRRR,67,28,2,7,1,0
Golf6,4,RRRR,67,29,3,2,2,0
Golf6,4,RRRR,67,30,3,7,6,0
Golf6,4,RRRR,67,31,4,2,1,0
Golf6,4,RRRR,67,32,4,6,3,0
Golf6,4,RRRR,67,33,1,2,2,0
Golf6,4,RRRR,67,34,1,7,7,0
Golf6,4,RRRR,67,35,2,2,1,0
Golf6,4,RRRR,67,36,2,6,1,0
Golf6,4,RRRR,67,37,3,2,1,0
Golf6,4,RRRR,67,38,3,6,2,0
Golf6,4,RRRR,67,39,4,2,2,0
Golf6,4,RRRR,67,40,4,7,1,0
Golf6,4,RRRR,67,41,1,2,1,0
Golf6,4,RRRR,67,42,1,6,1,0
Golf6,4,RRRR,67,43,2,2,1,0
Golf6,4,RRRR,67,44,2,6,5,0
Golf6,4,RRRR,67,45,3,2,1,0
Golf6,4,RRRR,67,46,3,6,6,0
Golf6,4,RRRR,67,47,4,2,2,0
Golf6,4,RRRR,67,48,4,7,4,0
Golf6,4,RRRR,67,49,1,2,1,0
Golf6,4,RRRR,67,50,1,6,1,0
Golf6,4,RRRR,67,51,2,2,2,0
Golf6,4,RRRR,67,52,2,7,2,0
Golf6,4,RRRR,67,53,3,2,1,0
Golf6,4,RRRR,67,54,3,6,6,0
Golf6,4,RRRR,67,55,4,2,1,0
Golf6,4,RRRR,67,56,4,6,3,0
Golf6,4,RRRR,67,57,1,2,2,0
Golf6,4,RRRR,67,58,1,7,4,0
Golf6,4,RRRR,67,59,2,2,1,0
Golf6,4,RRRR,67,60,2,6,5,0
Golf6,4,RRRR,67,61,3,2,1,0
Golf6,4,RRRR,67,62,3,6,1,0
Golf6,4,RRRR,67,63,4,2,2,0
Golf6,4,RRRR,67,64,4,7,2,0
Golf6,4,RRRR,67,65,1,2,1,0
Golf6,4,RRRR,67,66,1,6,1,0
Golf6,4,RRRR,67,67,2,2,1,0
Golf6,4,RRRR,67,68,2,6,6,0
Golf6,4,RRRR,67,69,3,2,1,0
Golf6,4,RRRR,67,70,3,6,4,0
Golf6,4,RRRR,68,1,1,6,3,0
Golf6,4,RRRR,68,2,1,5,2,0
Golf6,4,RRRR,68,3,2,6,1,0
Golf6,4,RRRR,68,4,2,5,2,0
Golf6,4,RRRR,68,5,3,6,2,0
Golf6,4,RRRR,68,6,3,5,4,0
Golf6,4,RRRR,68,7,4,6,6,0
Golf6,4,RRRR,68,8,4,5,5,0
Golf6,4,RRRR,68,9,1,2,1,0
Golf6,4,RRRR,68,10,1,6,1,0
Golf6,4,RRRR,68,11,2,2,2,0
Golf6,4,RRRR,68,12,2,7,1,0
Golf6,4,RRRR,68,13,3,2,2,0
Golf6,4,RRRR,68,14,3,7,2,0
Golf6,4,RRRR,68,15,4,2,1,0
Golf6,4,RRRR,68,16,4,6,3,0
Golf6,4,RRRR,68,17,1,2,1,0
Golf6,4,RRRR,68,18,1,6,4,0
Golf6,4,RRRR,68,19,2,2,2,0
Golf6,4,RRRR,68,20,2,7,2,0
Golf6,4,RRRR,68,21,3,2,2,0
Golf6,4,RRRR,68,22,3,7,5,0
Golf6,4,RRRR,68,23,4,2,2,0
Golf6,4,RRRR,68,24,4,7,4,0
Golf6,4,RRRR,68,25,1,2,2,0
Golf6,4,RRRR,68,26,1,7,1,0
Golf6,4,RRRR,68,27,2,2,2,0
Golf6,4,RRRR,68,28,2,7,1,0
Golf6,4,RRRR,68,29,3,2,1,0
Golf6,4,RRRR,68,30,3,6,3,0
Golf6,4,RRRR,68,31,4,2,1,0
Golf6,4,RRRR,68,32,4,6,6,0
Golf6,4,RRRR,68,33,1,2,1,0
Golf6,4,RRRR,68,34,1,6,5,0
Golf6,4,RRRR,68,35,2,2,1,0
Golf6,4,RRRR,68,36,2,6,3,0
Golf6,4,RRRR,68,37,3,2,2,0
Golf6,4,RRRR,68,38,3,7,5,0
Golf6,4,RRRR,68,39,4,2,2,0
Golf6,4,RRRR,68,40,4,7,7,0
Golf6,4,RRRR,68,41,1,2,1,0
Golf6,4,RRRR,68,42,1,6,3,0
Golf6,4,RRRR,68,43,2,2,2,0
Golf6,4,RRRR,68,44,2,7,7,0
Golf6,4,RRRR,68,45,3,2,2,0
Golf6,4,RRRR,68,46,3,7,7,0
Golf6,4,RRRR,69,1,1,6,6,0
Golf6,4,RRRR,69,2,1,5,2,0
Golf6,4,RRRR,69,3,2,6,5,0
Golf6,4,RRRR,69,4,2,5,5,0
Golf6,4,RRRR,69,5,3,6,2,0
Golf6,4,RRRR,69,6,3,5,3,0
Golf6,4,RRRR,69,7,4,6,1,0
Golf6,4,RRRR,69,8,4,5,2,0
Golf6,4,RRRR,69,9,1,2,1,0
Golf6,4,RRRR,69,10,1,6,6,0
Golf6,4,RRRR,69,11,2,2,2,0
Golf6,4,RRRR,69,12,2,7,3,0
Golf6,4,RRRR,69,13,3,2,1,0
Golf6,4,RRRR,69,14,3,6,5,0
Golf6,4,RRRR,69,15,4,2,1,0
Golf6,4,RRRR,69,16,4,6,6,0
Golf6,4,RRRR,69,17,1,2,1,0
Golf6,4,RRRR,69,18,1,6,3,0
Golf6,4,RRRR,69,19,2,2,2,0
Golf6,4,RRRR,69,20,2,7,5,0
Golf6,4,RRRR,69,21,3,2,1,0
Golf6,4,RRRR,69,22,3,6,1,0
Golf6,4,RRRR,69,23,4,2,2,0
Golf6,4,RRRR,69,24,4,7,5,0
Golf6,4,RRRR,69,25,1,2,2,0
Golf6,4,RRRR,69,26,1,7,1,0
Golf6,4,RRRR,69,27,2,2,1,0
Golf6,4,RRRR,69,28,2,6,5,0
Golf6,4,RRRR,69,29,3,2,2,0
Golf6,4,RRRR,69,30,3,7,6,0
Golf6,4,RRRR,69,31,4,2,2,0
Golf6,4,RRRR,69,32,4,7,4,0
Golf6,4,RRRR,69,33,1,2,1,0
Golf6,4,RRRR,69,34,1,6,1,0
Golf6,4,RRRR,69,35,2,2,1,0
Golf6,4,RRRR,69,36,2,6,4,0
Golf6,4,RRRR,69,37,3,2,1,0
Golf6,4,RRRR,69,38,3,6,3,0
Golf6,4,RRRR,69,39,4,2,2,0
Golf6,4,RRRR,69,40,4,7,7,0
Golf6,4,RRRR,69,41,1,2,1,0
Golf6,4,RRRR,69,42,1,6,6,0
Golf6,4,RRRR,69,43,2,2,1,0
Golf6,4,RRRR,69,44,2,6,1,0
Golf6,4,RRRR,69,45,3,2,2,0
Golf6,4,RRRR,69,46,3,7,2,0
Golf6,4,RRRR,69,47,4,2,2,0
Golf6,4,RRRR,69,48,4,7,4,0
Golf6,4,RRRR,69,49,1,2,2,0
Golf6,4,RRRR,69,50,1,7,4,0
Golf6,4,RRRR,69,51,2,2,1,0
Golf6,4,RRRR,69,52,2,6,6,0
Golf6,4,RRRR,69,53,3,2,1,0
Golf6,4,RRRR,69,54,3,6,3,0
Golf6,4,RRRR,69,55,4,2,1,0
Golf6,4,RRRR,69,56,4,6,5,0
Golf6,4,RRRR,69,57,1,2,1,0
Golf6,4,RRRR,69,58,1,6,6,0
Golf6,4,RRRR,69,59,2,2,2,0
Golf6,4,RRRR,69,60,2,7,3,0
Golf6,4,RRRR,69,61,3,2,2,0
Golf6,4,RRRR,69,62,3,7,6,0
Golf6,4,RRRR,69,63,4,2,1,0
Golf6,4,RRRR,69,64,4,6,6,0
Golf6,4,RRRR,69,65,1,2,2,0
Golf6,4,RRRR,69,66,1,7,4,0
Golf6,4,RRRR,69,67,2,2,1,0
Golf6,4,RRRR,69,68,2,6,6,0
Golf6,4,RRRR,69,69,3,2,2,0
Golf6,4,RRRR,69,70,3,7,6,0
Golf6,4,RRRR,69,71,4,2,2,0
Golf6,4,RRRR,69,72,4,7,5,0
Golf6,4,RRRR,69,73,1,2,2,0
Golf6,4,RRRR,69,74,1,7,7,0
Golf6,4,RRRR,69,75,2,2,1,0
Golf6,4,RRRR,69,76,2,6,1,0
Golf6,4,RRRR,69,77,3,2,1,0
Golf6,4,RRRR,69,78,3,6,2,0
Golf6,4,RRRR,69,79,4,2,1,0
Golf6,4,RRRR,69,80,4,6,1,0
Golf6,4,RRRR,69,81,1,2,2,0
Golf6,4,RRRR,69,82,1,7,4,0
Golf6,4,RRRR,69,83,2,2,1,0
Golf6,4,RRRR,69,84,2,6,4,0
Golf6,4,RRRR,69,85,3,2,1,0
Golf6,4,RRRR,69,86,3,6,4,0
Golf6,4,RRRR,69,87,4,2,1,0
Golf6,4,RRRR,69,88,4,6,3,0
Golf6,4,RRRR,69,89,1,2,1,0
Golf6,4,RRRR,69,90,1,6,2,0
Golf6,4,RRRR,69,91,2,2,2,0
Golf6,4,RRRR,69,92,2,7,1,0
Golf6,4,RRRR,69,93,3,2,2,0
Golf6,4,RRRR,69,94,3,7,1,0
Golf6,4,RRRR,69,95,4,2,1,0
Golf6,4,RRRR,69,96,4,6,5,0
Golf6,4,RRRR,69,97,1,2,1,0
Golf6,4,RRRR,69,98,1,6,4,0
Golf6,4,RRRR,69,99,2,2,2,0
Golf6,4,RRRR,69,100,2,7,6,0
Golf6,4,RRRR,69,101,3,2,1,0
Golf6,4,RRRR,69,102,3,6,2,0
Golf6,4,RRRR,69,103,4,2,2,0
Golf6,4,RRRR,69,104,4,7,4,0
Golf6,4,RRRR,69,105,1,2,1,0
Golf6,4,RRRR,69,106,1,6,3,0
Golf6,4,RRRR,69,107,2,2,1,0
Golf6,4,RRRR,69,108,2,6,6,0
Golf6,4,RRRR,69,109,3,2,2,0
Golf6,4,RRRR,69,110,3,7,6,0
Golf6,4,RRRR,69,111,4,2,2,0
Golf6,4,RRRR,69,112,4,7,7,0
Golf6,4,RRRR,69,113,1,2,2,0
Golf6,4,RRRR,69,114,1,7,1,0
Golf6,4,RRRR,69,115,2,2,1,0
Golf6,4,RRRR,69,116,2,6,2,0
Golf6,4,RRRR,69,117,3,2,2,0
Golf6,4,RRRR,69,118,3,7,5,0
Golf6,4,RRRR,69,119,4,2,2,0
Golf6,4,RRRR,69,120,4,7,6,0
Golf6,4,RRRR,69,121,1,2,2,0
Golf6,4,RRRR,69,122,1,7,6,0
Golf6,4,RRRR,70,1,1,6,2,0
Golf6,4,RRRR,70,2,1,5,4,0
Golf6,4,RRRR,70,3,2,6,5,0
Golf6,4,RRRR,70,4,2,5,2,0
Golf6,4,RRRR,70,5,3,6,4,0
Golf6,4,RRRR,70,6,3,5,5,0
Golf6,4,RRRR,70,7,4,6,3,0
Golf6,4,RRRR,70,8,4,5,1,0
Golf6,4,RRRR,70,9,1,2,1,0
Golf6,4,RRRR,70,10,1,6,2,0
Golf6,4,RRRR,70,11,2,2,2,0
Golf6,4,RRRR,70,12,2,7,1,0
Golf6,4,RRRR,70,13,3,2,2,0
Golf6,4,RRRR,70,14,3,7,3,0
Golf6,4,RRRR,70,15,4,2,1,0
Golf6,4,RRRR,70,16,4,6,5,0
Golf6,4,RRRR,70,17,1,2,1,0
Golf6,4,RRRR,70,18,1,6,1,0
Golf6,4,RRRR,70,19,2,2,1,0
Golf6,4,RRRR,70,20,2,6,6,0
Golf6,4,RRRR,70,21,3,2,2,0
Golf6,4,RRRR,70,22,3,7,1,0
Golf6,4,RRRR,70,23,4,2,1,0
Golf6,4,RRRR,70,24,4,6,1,0
Golf6,4,RRRR,70,25,1,2,2,0
Golf6,4,RRRR,70,26,1,7,2,0
Golf6,4,RRRR,70,27,2,2,1,0
Golf6,4,RRRR,70,28,2,6,5,0
Golf6,4,RRRR,70,29,3,2,1,0
Golf6,4,RRRR,70,30,3,6,4,0
Golf6,4,RRRR,70,31,4,2,2,0
Golf6,4,RRRR,70,32,4,7,2,0
Golf6,4,RRRR,70,33,1,2,2,0
Golf6,4,RRRR,70,34,1,7,4,0
Golf6,4,RRRR,70,35,2,2,1,0
Golf6,4,RRRR,70,36,2,6,4,0
Golf6,4,RRRR,70,37,3,2,1,0
Golf6,4,RRRR,70,38,3,6,4,0
Golf6,4,RRRR,70,39,4,2,1,0
Golf6,4,RRRR,70,40,4,6,6,0
Golf6,4,RRRR,70,41,1,2,1,0
Golf6,4,RRRR,70,42,1,6,2,0
Golf6,4,RRRR,70,43,2,2,2,0
Golf6,4,RRRR,70,44,2,7,5,0
Golf6,4,RRRR,70,45,3,2,2,0
Golf6,4,RRRR,70,46,3,7,3,0
Golf6,4,RRRR,70,47,4,2,2,0
Golf6,4,RRRR,70,48,4,7,7,0
Golf6,4,RRRR,70,49,1,2,2,0
Golf6,4,RRRR,70,50,1,7,5,0
Golf6,4,RRRR,70,51,2,2,1,0
Golf6,4,RRRR,70,52,2,6,1,0
Golf6,4,RRRR,70,53,3,2,1,0
Golf6,4,RRRR,70,54,3,6,1,0
Golf6,4,RRRR,70,55,4,2,2,0
Golf6,4,RRRR,70,56,4,7,7,0
Golf6,4,RRRR,70,57,1,2,1,0
Golf6,4,RRRR,70,58,1,6,4,0
Golf6,4,RRRR,70,59,2,2,2,0
Golf6,4,RRRR,70,60,2,7,2,0
Golf6,4,RRRR,70,61,3,2,2,0
Golf6,4,RRRR,70,62,3,7,5,0
Golf6,4,RRRR,70,63,4,2,2,0
Golf6,4,RRRR,70,64,4,7,7,0
Golf6,4,RRRR,70,65,1,2,1,0
Golf6,4,RRRR,70,66,1,6,6,0
Golf6,4,RRRR,71,1,1,6,2,0
Golf6,4,RRRR,71,2,1,5,1,0
Golf6,4,RRRR,71,3,2,6,3,0
Golf6,4,RRRR,71,4,2,5,5,0
Golf6,4,RRRR,71,5,3,6,2,0
Golf6,4,RRRR,71,6,3,5,1,0
Golf6,4,RRRR,71,7,4,6,1,0
Golf6,4,RRRR,71,8,4,5,5,0
Golf6,4,RRRR,71,9,1,2,2,0
Golf6,4,RRRR,71,10,1,7,3,0
Golf6,4,RRRR,71,11,2,2,2,0
Golf6,4,RRRR,71,12,2,7,1,0
Golf6,4,RRRR,71,13,3,2,2,0
Golf6,4,RRRR,71,14,3,7,7,0
Golf6,4,RRRR,71,15,4,2,2,0
Golf6,4,RRRR,71,16,4,7,4,0
Golf6,4,RRRR,71,17,1,2,2,0
Golf6,4,RRRR,71,18,1,7,2,0
Golf6,4,RRRR,71,19,2,2,2,0
Golf6,4,RRRR,71,20,2,7,5,0
Golf6,4,RRRR,71,21,3,2,1,0
Golf6,4,RRRR,71,22,3,6,5,0
Golf6,4,RRRR,71,23,4,2,2,0
Golf6,4,RRRR,71,24,4,7,5,0
Golf6,4,RRRR,71,25,1,2,2,0
Golf6,4,RRRR,71,26,1,7,4,0
Golf6,4,RRRR,71,27,2,2,1,0
Golf6,4,RRRR,71,28,2,6,2,0
Golf6,4,RRRR,71,29,3,2,2,0
Golf6,4,RRRR,71,30,3,7,7,0
Golf6,4,RRRR,71,31,4,2,1,0
Golf6,4,RRRR,71,32,4,6,2,0
Golf6,4,RRRR,71,33,1,2,2,0
Golf6,4,RRRR,71,34,1,7,2,0
Golf6,4,RRRR,71,35,2,2,1,0
Golf6,4,RRRR,71,36,2,6,1,0
Golf6,4,RRRR,71,37,3,2,1,0
Golf6,4,RRRR,71,38,3,6,4,0
Golf6,4,RRRR,71,39,4,2,1,0
Golf6,4,RRRR,71,40,4,6,6,0
Golf6,4,RRRR,71,41,1,2,1,0
Golf6,4,RRRR,71,42,1,6,4,0
Golf6,4,RRRR,71,43,2,2,1,0
Golf6,4,RRRR,71,44,2,6,4,0
Golf6,4,RRRR,71,45,3,2,2,0
Golf6,4,RRRR,71,46,3,7,7,0
Golf6,4,RRRR,71,47,4,2,2,0
Golf6,4,RRRR,71,48,4,7,4,0
Golf6,4,RRRR,71,49,1,2,1,0
Golf6,4,RRRR,71,50,1,6,6,0
Golf6,4,RRRR,71,51,2,2,1,0
Golf6,4,RRRR,71,52,2,6,1,0
Golf6,4,RRRR,71,53,3,2,1,0
Golf6,4,RRRR,71,54,3,6,2,0
Golf6,4,RRRR,71,55,4,2,2,0
Golf6,4,RRRR,71,56,4,7,1,0
Golf6,4,RRRR,71,57,1,2,2,0
Golf6,4,RRRR,71,58,1,7,2,0
Golf6,4,RRRR,71,59,2,2,2,0
Golf6,4,RRRR,71,60,2,7,5,0
Golf6,4,RRRR,71,61,3,2,1,0
Golf6,4,RRRR,71,62,3,6,6,0
Golf6,4,RRRR,71,63,4,2,1,0
Golf6,4,RRRR,71,64,4,6,4,0
Golf6,4,RRRR,71,65,1,2,2,0
Golf6,4,RRRR,71,66,1,7,3,0
Golf6,4,RRRR,71,67,2,2,2,0
Golf6,4,RRRR,71,68,2,7,7,0
Golf6,4,RRRR,71,69,3,2,1,0
Golf6,4,RRRR,71,70,3,6,6,0
Golf6,4,RRRR,71,71,4,2,1,0
Golf6,4,RRRR,71,72,4,6,3,0
Golf6,4,RRRR,71,73,1,2,2,0
Golf6,4,RRRR,71,74,1,7,3,0
Golf6,4,RRRR,71,75,2,2,2,0
Golf6,4,RRRR,71,76,2,7,3,0
Golf6,4,RRRR,71,77,3,2,1,0
Golf6,4,RRRR,71,78,3,6,6,0
Golf6,4,RRRR,71,79,4,2,2,0
Golf6,4,RRRR,71,80,4,7,6,0
Golf6,4,RRRR,72,1,1,6,6,0
Golf6,4,RRRR,72,2,1,5,2,0
Golf6,4,RRRR,72,3,2,6,4,0
Golf6,4,RRRR,72,4,2,5,3,0
Golf6,4,RRRR,72,5,3,6,3,0
Golf6,4,RRRR,72,6,3,5,2,0
Golf6,4,RRRR,72,7,4,6,1,0
Golf6,4,RRRR,72,8,4,5,5,0
Golf6,4,RRRR,72,9,1,2,1,0
Golf6,4,RRRR,72,10,1,6,5,0
Golf6,4,RRRR,72,11,2,2,2,0
Golf6,4,RRRR,72,12,2,7,2,0
Golf6,4,RRRR,72,13,3,2,1,0
Golf6,4,RRRR,72,14,3,6,6,0
Golf6,4,RRRR,72,15,4,2,1,0
Golf6,4,RRRR,72,16,4,6,3,0
Golf6,4,RRRR,72,17,1,2,2,0
Golf6,4,RRRR,72,18,1,7,3,0
Golf6,4,RRRR,72,19,2,2,1,0
Golf6,4,RRRR,72,20,2,6,3,0
Golf6,4,RRRR,72,21,3,2,1,0
Golf6,4,RRRR,72,22,3,6,4,0
Golf6,4,RRRR,72,23,4,2,2,0
Golf6,4,RRRR,72,24,4,7,2,0
Golf6,4,RRRR,72,25,1,2,2,0
Golf6,4,RRRR,72,26,1,7,5,0
Golf6,4,RRRR,72,27,2,2,1,0
Golf6,4,RRRR,72,28,2,6,2,0
Golf6,4,RRRR,72,29,3,2,2,0
Golf6,4,RRRR,72,30,3,7,3,0
Golf6,4,RRRR,72,31,4,2,2,0
Golf6,4,RRRR,72,32,4,7,2,0
Golf6,4,RRRR,72,33,1,2,1,0
Golf6,4,RRRR,72,34,1,6,3,0
Golf6,4,RRRR,72,35,2,2,1,0
Golf6,4,RRRR,72,36,2,6,1,0
Golf6,4,RRRR,72,37,3,2,2,0
Golf6,4,RRRR,72,38,3,7,3,0
Golf6,4,RRRR,72,39,4,2,2,0
Golf6,4,RRRR,72,40,4,7,4,0
Golf6,4,RRRR,72,41,1,2,2,0
Golf6,4,RRRR,72,42,1,7,5,0
Golf6,4,RRRR,72,43,2,2,1,0
Golf6,4,RRRR,72,44,2,6,1,0
Golf6,4,RRRR,72,45,3,2,2,0
Golf6,4,RRRR,72,46,3,7,4,0
Golf6,4,RRRR,72,47,4,2,1,0
Golf6,4,RRRR,72,48,4,6,5,0
Golf6,4,RRRR,72,49,1,2,2,0
Golf6,4,RRRR,72,50,1,7,4,0
Golf6,4,RRRR,72,51,2,2,2,0
Golf6,4,RRRR,72,52,2,7,2,0
Golf6,4,RRRR,72,53,3,2,2,0
Golf6,4,RRRR,72,54,3,7,2,0
Golf6,4,RRRR,72,55,4,2,2,0
Golf6,4,RRRR,72,56,4,7,5,0
Golf6,4,RRRR,72,57,1,2,1,0
Golf6,4,RRRR,72,58,1,6,5,0
Golf6,4,RRRR,72,59,2,2,2,0
Golf6,4,RRRR,72,60,2,7,6,0
Golf6,4,RRRR,72,61,3,2,2,0
Golf6,4,RRRR,72,62,3,7,4,0
Golf6,4,RRRR,72,63,4,2,1,0
Golf6,4,RRRR,72,64,4,6,6,0
Golf6,4,RRRR,72,65,1,2,1,0
Golf6,4,RRRR,72,66,1,6,3,0
Golf6,4,RRRR,72,67,2,2,1,0
Golf6,4,RRRR,72,68,2,6,5,0
Golf6,4,RRRR,72,69,3,2,2,0
Golf6,4,RRRR,72,70,3,7,2,0
Golf6,4,RRRR,72,71,4,2,2,0
Golf6,4,RRRR,72,72,4,7,6,0
Golf6,4,RRRR,72,73,1,2,1,0
Golf6,4,RRRR,72,74,1,6,4,0
Golf6,4,RRRR,72,75,2,2,2,0
Golf6,4,RRRR,72,76,2,7,3,0
Golf6,4,RRRR,72,77,3,2,1,0
Golf6,4,RRRR,72,78,3,6,6,0
Golf6,4,RRRR,72,79,4,2,1,0
Golf6,4,RRRR,72,80,4,6,6,0
Golf6,4,RRRR,72,81,1,2,2,0
Golf6,4,RRRR,72,82,1,7,2,0
Golf6,4,RRRR,73,1,1,6,1,0
Golf6,4,RRRR,73,2,1,5,4,0
Golf6,4,RRRR,73,3,2,6,3,0
Golf6,4,RRRR,73,4,2,5,1,0
Golf6,4,RRRR,73,5,3,6,5,0
Golf6,4,RRRR,73,6,3,5,5,0
Golf6,4,RRRR,73,7,4,6,6,0
Golf6,4,RRRR,73,8,4,5,5,0
Golf6,4,RRRR,73,9,1,2,1,0
Golf6,4,RRRR,73,10,1,6,5,0
Golf6,4,RRRR,73,11,2,2,2,0
Golf6,4,RRRR,73,12,2,7,4,0
Golf6,4,RRRR,73,13,3,2,1,0
Golf6,4,RRRR,73,14,3,6,5,0
Golf6,4,RRRR,73,15,4,2,2,0
Golf6,4,RRRR,73,16,4,7,2,0
Golf6,4,RRRR,73,17,1,2,2,0
Golf6,4,RRRR,73,18,1,7,3,0
Golf6,4,RRRR,73,19,2,2,2,0
Golf6,4,RRRR,73,20,2,7,2,0
Golf6,4,RRRR,73,21,3,2,2,0
Golf6,4,RRRR,73,22,3,7,1,0
Golf6,4,RRRR,73,23,4,2,2,0
Golf6,4,RRRR,73,24,4,7,1,0
Golf6,4,RRRR,73,25,1,2,1,0
Golf6,4,RRRR,73,26,1,6,3,0
Golf6,4,RRRR,73,27,2,2,1,0
Golf6,4,RRRR,73,28,2,6,6,0
Golf6,4,RRRR,73,29,3,2,1,0
Golf6,4,RRRR,73,30,3,6,5,0
Golf6,4,RRRR,73,31,4,2,1,0
Golf6,4,RRRR,73,32,4,6,1,0
Golf6,4,RRRR,73,33,1,2,1,0
Golf6,4,RRRR,73,34,1,6,2,0
Golf6,4,RRRR,73,35,2,2,2,0
Golf6,4,RRRR,73,36,2,7,2,0
Golf6,4,RRRR,73,37,3,2,1,0
Golf6,4,RRRR,73,38,3,6,4,0
Golf6,4,RRRR,73,39,4,2,2,0
Golf6,4,RRRR,73,40,4,7,7,0
Golf6,4,RRRR,73,41,1,2,1,0
Golf6,4,RRRR,73,42,1,6,2,0
Golf6,4,RRRR,73,43,2,2,1,0
Golf6,4,RRRR,73,44,2,6,5,0
Golf6,4,RRRR,73,45,3,2,2,0
Golf6,4,RRRR,73,46,3,7,6,0
Golf6,4,RRRR,73,47,4,2,1,0
Golf6,4,RRRR,73,48,4,6,1,0
Golf6,4,RRRR,73,49,1,2,2,0
Golf6,4,RRRR,73,50,1,7,1,0
Golf6,4,RRRR,73,51,2,2,2,0
Golf6,4,RRRR,73,52,2,7,7,0
Golf6,4,RRRR,73,53,3,2,2,0
Golf6,4,RRRR,73,54,3,7,4,0
Golf6,4,RRRR,73,55,4,2,2,0
Golf6,4,RRRR,73,56,4,7,7,0
Golf6,4,RRRR,73,57,1,2,2,0
Golf6,4,RRRR,73,58,1,7,3,0
Golf6,4,RRRR,73,59,2,2,1,0
Golf6,4,RRRR,73,60,2,6,3,0
Golf6,4,RRRR,73,61,3,2,1,0
Golf6,4,RRRR,73,62,3,6,1,0
Golf6,4,RRRR,73,63,4,2,2,0
Golf6,4,RRRR,73,64,4,7,4,0
Golf6,4,RRRR,73,65,1,2,1,0
Golf6,4,RRRR,73,66,1,6,3,0
Golf6,4,RRRR,73,67,2,2,2,0
Golf6,4,RRRR,73,68,2,7,2,0
Golf6,4,RRRR,73,69,3,2,2,0
Golf6,4,RRRR,73,70,3,7,7,0
Golf6,4,RRRR,73,71,4,2,2,0
Golf6,4,RRRR,73,72,4,7,4,0
Golf6,4,RRRR,73,73,1,2,1,0
Golf6,4,RRRR,73,74,1,6,3,0
Golf6,4,RRRR,73,75,2,2,2,0
Golf6,4,RRRR,73,76,2,7,1,0
Golf6,4,RRRR,73,77,3,2,2,0
Golf6,4,RRRR,73,78,3,7,5,0
Golf6,4,RRRR,73,79,4,2,1,0
Golf6,4,RRRR,73,80,4,6,2,0
Golf6,4,RRRR,73,81,1,2,1,0
Golf6,4,RRRR,73,82,1,6,4,0
Golf6,4,RRRR,73,83,2,2,2,0
Golf6,4,RRRR,73,84,2,7,6,0
Golf6,4,RRRR,73,85,3,2,2,0
Golf6,4,RRRR,73,86,3,7,7,0
Golf6,4,RRRR,73,87,4,2,2,0
Golf6,4,RRRR,73,88,4,7,5,0
Golf6,4,RRRR,74,1,1,6,2,0
Golf6,4,RRRR,74,2,1,5,5,0
Golf6,4,RRRR,74,3,2,6,3,0
Golf6,4,RRRR,74,4,2,5,2,0
Golf6,4,RRRR,74,5,3,6,4,0
Golf6,4,RRRR,74,6,3,5,4,0
Golf6,4,RRRR,74,7,4,6,5,0
Golf6,4,RRRR,74,8,4,5,5,0
Golf6,4,RRRR,74,9,1,2,2,0
Golf6,4,RRRR,74,10,1,7,3,0
Golf6,4,RRRR,74,11,2,2,1,0
Golf6,4,RRRR,74,12,2,6,1,0
Golf6,4,RRRR,74,13,3,2,2,0
Golf6,4,RRRR,74,14,3,7,6,0
Golf6,4,RRRR,74,15,4,2,1,0
Golf6,4,RRRR,74,16,4,6,2,0
Golf6,4,RRRR,74,17,1,2,1,0
Golf6,4,RRRR,74,18,1,6,3,0
Golf6,4,RRRR,74,19,2,2,1,0
Golf6,4,RRRR,74,20,2,6,4,0
Golf6,4,RRRR,74,21,3,2,2,0
Golf6,4,RRRR,74,22,3,7,5,0
Golf6,4,RRRR,74,23,4,2,2,0
Golf6,4,RRRR,74,24,4,7,4,0
Golf6,4,RRRR,74,25,1,2,2,0
Golf6,4,RRRR,74,26,1,7,6,0
Golf6,4,RRRR,74,27,2,2,2,0
Golf6,4,RRRR,74,28,2,7,2,0
Golf6,4,RRRR,74,29,3,2,1,0
Golf6,4,RRRR,74,30,3,6,2,0
Golf6,4,RRRR,74,31,4,2,1,0
Golf6,4,RRRR,74,32,4,6,4,0
Golf6,4,RRRR,74,33,1,2,1,0
Golf6,4,RRRR,74,34,1,6,2,0
Golf6,4,RRRR,74,35,2,2,1,0
Golf6,4,RRRR,74,36,2,6,6,0
Golf6,4,RRRR,74,37,3,2,2,0
Golf6,4,RRRR,74,38,3,7,2,0
Golf6,4,RRRR,74,39,4,2,1,0
Golf6,4,RRRR,74,40,4,6,3,0
Golf6,4,RRRR,74,41,1,2,1,0
Golf6,4,RRRR,74,42,1,6,6,0
Golf6,4,RRRR,74,43,2,2,2,0
Golf6,4,RRRR,74,44,2,7,7,0
Golf6,4,RRRR,74,45,3,2,1,0
Golf6,4,RRRR,74,46,3,6,4,0
Golf6,4,RRRR,74,47,4,2,1,0
Golf6,4,RRRR,74,48,4,6,4,0
Golf6,4,RRRR,74,49,1,2,1,0
Golf6,4,RRRR,74,50,1,6,2,0
Golf6,4,RRRR,74,51,2,2,2,0
Golf6,4,RRRR,74,52,2,7,6,0
Golf6,4,RRRR,75,1,1,6,3,0
Golf6,4,RRRR,75,2,1,5,2,0
Golf6,4,RRRR,75,3,2,6,6,0
Golf6,4,RRRR,75,4,2,5,5,0
Golf6,4,RRRR,75,5,3,6,4,0
Golf6,4,RRRR,75,6,3,5,2,0
Golf6,4,RRRR,75,7,4,6,6,0
Golf6,4,RRRR,75,8,4,5,3,0
Golf6,4,RRRR,75,9,1,2,2,0
Golf6,4,RRRR,75,10,1,7,4,0
Golf6,4,RRRR,75,11,2,2,1,0
Golf6,4,RRRR,75,12,2,6,1,0
Golf6,4,RRRR,75,13,3,2,2,0
Golf6,4,RRRR,75,14,3,7,5,0
Golf6,4,RRRR,75,15,4,2,1,0
Golf6,4,RRRR,75,16,4,6,1,0
Golf6,4,RRRR,75,17,1,2,1,0
Golf6,4,RRRR,75,18,1,6,4,0
Golf6,4,RRRR,75,19,2,2,2,0
Golf6,4,RRRR,75,20,2,7,1,0
Golf6,4,RRRR,75,21,3,2,2,0
Golf6,4,RRRR,75,22,3,7,2,0
Golf6,4,RRRR,75,23,4,2,2,0
Golf6,4,RRRR,75,24,4,7,5,0
Golf6,4,RRRR,75,25,1,2,1,0
Golf6,4,RRRR,75,26,1,6,5,0
Golf6,4,RRRR,75,27,2,2,2,0
Golf6,4,RRRR,75,28,2,7,7,0
Golf6,4,RRRR,75,29,3,2,1,0
Golf6,4,RRRR,75,30,3,6,2,0
Golf6,4,RRRR,75,31,4,2,1,0
Golf6,4,RRRR,75,32,4,6,6,0
Golf6,4,RRRR,75,33,1,2,2,0
Golf6,4,RRRR,75,34,1,7,1,0
Golf6,4,RRRR,75,35,2,2,1,0
Golf6,4,RRRR,75,36,2,6,3,0
Golf6,4,RRRR,75,37,3,2,1,0
Golf6,4,RRRR,75,38,3,6,4,0
Golf6,4,RRRR,75,39,4,2,2,0
Golf6,4,RRRR,75,40,4,7,2,0
Golf6,4,RRRR,75,41,1,2,2,0
Golf6,4,RRRR,75,42,1,7,5,0
Golf6,4,RRRR,75,43,2,2,2,0
Golf6,4,RRRR,75,44,2,7,5,0
Golf6,4,RRRR,75,45,3,2,1,0
Golf6,4,RRRR,75,46,3,6,2,0
Golf6,4,RRRR,75,47,4,2,1,0
Golf6,4,RRRR,75,48,4,6,3,0
Golf6,4,RRRR,75,49,1,2,1,0
Golf6,4,RRRR,75,50,1,6,4,0
Golf6,4,RRRR,75,51,2,2,2,0
Golf6,4,RRRR,75,52,2,7,7,0
Golf6,4,RRRR,75,53,3,2,2,0
Golf6,4,RRRR,75,54,3,7,2,0
Golf6,4,RRRR,75,55,4,2,1,0
Golf6,4,RRRR,75,56,4,6,4,0
Golf6,4,RRRR,75,57,1,2,1,0
Golf6,4,RRRR,75,58,1,6,6,0
Golf6,4,RRRR,75,59,2,2,1,0
Golf6,4,RRRR,75,60,2,6,2,0
Golf6,4,RRRR,76,1,1,6,3,0
Golf6,4,RRRR,76,2,1,5,4,0
Golf6,4,RRRR,76,3,2,6,3,0
Golf6,4,RRRR,76,4,2,5,4,0
Golf6,4,RRRR,76,5,3,6,6,0
Golf6,4,RRRR,76,6,3,5,1,0
Golf6,4,RRRR,76,7,4,6,6,0
Golf6,4,RRRR,76,8,4,5,2,0
Golf6,4,RRRR,76,9,1,2,1,0
Golf6,4,RRRR,76,10,1,6,3,0
Golf6,4,RRRR,76,11,2,2,1,0
Golf6,4,RRRR,76,12,2,6,1,0
Golf6,4,RRRR,76,13,3,2,2,0
Golf6,4,RRRR,76,14,3,7,3,0
Golf6,4,RRRR,76,15,4,2,1,0
Golf6,4,RRRR,76,16,4,6,5,0
Golf6,4,RRRR,76,17,1,2,2,0
Golf6,4,RRRR,76,18,1,7,5,0
Golf6,4,RRRR,76,19,2,2,2,0
Golf6,4,RRRR,76,20,2,7,7,0
Golf6,4,RRRR,76,21,3,2,2,0
Golf6,4,RRRR,76,22,3,7,6,0
Golf6,4,RRRR,76,23,4,2,1,0
Golf6,4,RRRR,76,24,4,6,3,0
Golf6,4,RRRR,76,25,1,2,1,0
Golf6,4,RRRR,76,26,1,6,2,0
Golf6,4,RRRR,76,27,2,2,1,0
Golf6,4,RRRR,76,28,2,6,1,0
Golf6,4,RRRR,76,29,3,2,1,0
Golf6,4,RRRR,76,30,3,6,6,0
Golf6,4,RRRR,76,31,4,2,2,0
Golf6,4,RRRR,76,32,4,7,4,0
Golf6,4,RRRR,76,33,1,2,2,0
Golf6,4,RRRR,76,34,1,7,5,0
Golf6,4,RRRR,76,35,2,2,2,0
Golf6,4,RRRR,76,36,2,7,3,0
Golf6,4,RRRR,76,37,3,2,2,0
Golf6,4,RRRR,76,38,3,7,4,0
Golf6,4,RRRR,76,39,4,2,2,0
Golf6,4,RRRR,76,40,4,7,5,0
Golf6,4,RRRR,76,41,1,2,2,0
Golf6,4,RRRR,76,42,1,7,1,0
Golf6,4,RRRR,76,43,2,2,1,0
Golf6,4,RRRR,76,44,2,6,5,0
Golf6,4,RRRR,76,45,3,2,1,0
Golf6,4,RRRR,76,46,3,6,4,0
Golf6,4,RRRR,77,1,1,6,5,0
Golf6,4,RRRR,77,2,1,5,1,0
Golf6,4,RRRR,77,3,2,6,5,0
Golf6,4,RRRR,77,4,2,5,5,0
Golf6,4,RRRR,77,5,3,6,6,0
Golf6,4,RRRR,77,6,3,5,5,0
Golf6,4,RRRR,77,7,4,6,3,0
Golf6,4,RRRR,77,8,4,5,2,0
Golf6,4,RRRR,77,9,1,2,1,0
Golf6,4,RRRR,77,10,1,6,5,0
Golf6,4,RRRR,77,11,2,2,2,0
Golf6,4,RRRR,77,12,2,7,3,0
Golf6,4,RRRR,77,13,3,2,2,0
Golf6,4,RRRR,77,14,3,7,1,0
Golf6,4,RRRR,77,15,4,2,1,0
Golf6,4,RRRR,77,16,4,6,5,0
Golf6,4,RRRR,77,17,1,2,2,0
Golf6,4,RRRR,77,18,1,7,5,0
Golf6,4,RRRR,77,19,2,2,2,0
Golf6,4,RRRR,77,20,2,7,3,0
Golf6,4,RRRR,77,21,3,2,1,0
Golf6,4,RRRR,77,22,3,6,2,0
Golf6,4,RRRR,77,23,4,2,1,0
Golf6,4,RRRR,77,24,4,6,2,0
Golf6,4,RRRR,77,25,1,2,1,0
Golf6,4,RRRR,77,26,1,6,5,0
Golf6,4,RRRR,77,27,2,2,2,0
Golf6,4,RRRR,77,28,2,7,6,0
Golf6,4,RRRR,77,29,3,2,1,0
Golf6,4,RRRR,77,30,3,6,2,0
Golf6,4,RRRR,77,31,4,2,2,0
Golf6,4,RRRR,77,32,4,7,1,0
Golf6,4,RRRR,77,33,1,2,2,0
Golf6,4,RRRR,77,34,1,7,1,0
Golf6,4,RRRR,77,35,2,2,1,0
Golf6,4,RRRR,77,36,2,6,2,0
Golf6,4,RRRR,77,37,3,2,1,0
Golf6,4,RRRR,77,38,3,6,4,0
Golf6,4,RRRR,77,39,4,2,2,0
Golf6,4,RRRR,77,40,4,7,1,0
Golf6,4,RRRR,77,41,1,2,2,0
Golf6,4,RRRR,77,42,1,7,6,0
Golf6,4,RRRR,77,43,2,2,2,0
Golf6,4,RRRR,77,44,2,7,7,0
Golf6,4,RRRR,77,45,3,2,1,0
Golf6,4,RRRR,77,46,3,6,3,0
Golf6,4,RRRR,77,47,4,2,1,0
Golf6,4,RRRR,77,48,4,6,2,0
Golf6,4,RRRR,77,49,1,2,1,0
Golf6,4,RRRR,77,50,1,6,2,0
Golf6,4,RRRR,77,51,2,2,2,0
Golf6,4,RRRR,77,52,2,7,6,0
Golf6,4,RRRR,77,53,3,2,1,0
Golf6,4,RRRR,77,54,3,6,3,0
Golf6,4,RRRR,77,55,4,2,2,0
Golf6,4,RRRR,77,56,4,7,4,0
Golf6,4,RRRR,77,57,1,2,1,0
Golf6,4,RRRR,77,58,1,6,4,0
Golf6,4,RRRR,77,59,2,2,2,0
Golf6,4,RRRR,77,60,2,7,1,0
Golf6,4,RRRR,77,61,3,2,2,0
Golf6,4,RRRR,77,62,3,7,1,0
Golf6,4,RRRR,77,63,4,2,2,0
Golf6,4,RRRR,77,64,4,7,5,0
Golf6,4,RRRR,77,65,1,2,2,0
Golf6,4,RRRR,77,66,1,7,4,0
Golf6,4,RRRR,77,67,2,2,2,0
Golf6,4,RRRR,77,68,2,7,1,0
Golf6,4,RRRR,77,69,3,2,1,0
Golf6,4,RRRR,77,70,3,6,2,0
Golf6,4,RRRR,77,71,4,2,1,0
Golf6,4,RRRR,77,72,4,6,2,0
Golf6,4,RRRR,77,73,1,2,1,0
Golf6,4,RRRR,77,74,1,6,4,0
Golf6,4,RRRR,77,75,2,2,1,0
Golf6,4,RRRR,77,76,2,6,2,0
Golf6,4,RRRR,77,77,3,2,1,0
Golf6,4,RRRR,77,78,3,6,5,0
Golf6,4,RRRR,77,79,4,2,1,0
Golf6,4,RRRR,77,80,4,6,5,0
Golf6,4,RRRR,77,81,1,2,1,0
Golf6,4,RRRR,77,82,1,6,6,0
Golf6,4,RRRR,78,1,1,6,6,0
Golf6,4,RRRR,78,2,1,5,4,0
Golf6,4,RRRR,78,3,2,6,1,0
Golf6,4,RRRR,78,4,2,5,2,0
Golf6,4,RRRR,78,5,3,6,2,0
Golf6,4,RRRR,78,6,3,5,4,0
Golf6,4,RRRR,78,7,4,6,6,0
Golf6,4,RRRR,78,8,4,5,3,0
Golf6,4,RRRR,78,9,1,2,2,0
Golf6,4,RRRR,78,10,1,7,1,0
Golf6,4,RRRR,78,11,2,2,1,0
Golf6,4,RRRR,78,12,2,6,5,0
Golf6,4,RRRR,78,13,3,2,2,0
Golf6,4,RRRR,78,14,3,7,5,0
Golf6,4,RRRR,78,15,4,2,1,0
Golf6,4,RRRR,78,16,4,6,1,0
Golf6,4,RRRR,78,17,1,2,1,0
Golf6,4,RRRR,78,18,1,6,3,0
Golf6,4,RRRR,78,19,2,2,2,0
Golf6,4,RRRR,78,20,2,7,6,0
Golf6,4,RRRR,78,21,3,2,1,0
Golf6,4,RRRR,78,22,3,6,3,0
Golf6,4,RRRR,78,23,4,2,2,0
Golf6,4,RRRR,78,24,4,7,2,0
Golf6,4,RRRR,78,25,1,2,1,0
Golf6,4,RRRR,78,26,1,6,2,0
Golf6,4,RRRR,78,27,2,2,1,0
Golf6,4,RRRR,78,28,2,6,4,0
Golf6,4,RRRR,78,29,3,2,1,0
Golf6,4,RRRR,78,30,3,6,4,0
Golf6,4,RRRR,78,31,4,2,1,0
Golf6,4,RRRR,78,32,4,6,5,0
Golf6,4,RRRR,78,33,1,2,2,0
Golf6,4,RRRR,78,34,1,7,4,0
Golf6,4,RRRR,78,35,2,2,1,0
Golf6,4,RRRR,78,36,2,6,3,0
Golf6,4,RRRR,78,37,3,2,2,0
Golf6,4,RRRR,78,38,3,7,1,0
Golf6,4,RRRR,78,39,4,2,1,0
Golf6,4,RRRR,78,40,4,6,6,0
Golf6,4,RRRR,78,41,1,2,1,0
Golf6,4,RRRR,78,42,1,6,1,0
Golf6,4,RRRR,78,43,2,2,1,0
Golf6,4,RRRR,78,44,2,6,6,0
Golf6,4,RRRR,78,45,3,2,1,0
Golf6,4,RRRR,78,46,3,6,5,0
Golf6,4,RRRR,78,47,4,2,1,0
Golf6,4,RRRR,78,48,4,6,4,0
Golf6,4,RRRR,78,49,1,2,2,0
Golf6,4,RRRR,78,50,1,7,4,0
Golf6,4,RRRR,78,51,2,2,2,0
Golf6,4,RRRR,78,52,2,7,7,0
Golf6,4,RRRR,78,53,3,2,1,0
Golf6,4,RRRR,78,54,3,6,3,0
Golf6,4,RRRR,78,55,4,2,2,0
Golf6,4,RRRR,78,56,4,7,1,0
Golf6,4,RRRR,78,57,1,2,2,0
Golf6,4,RRRR,78,58,1,7,6,0
Golf6,4,RRRR,79,1,1,6,1,0
Golf6,4,RRRR,79,2,1,5,5,0
Golf6,4,RRRR,79,3,2,6,6,0
Golf6,4,RRRR,79,4,2,5,1,0
Golf6,4,RRRR,79,5,3,6,2,0
Golf6,4,RRRR,79,6,3,5,4,0
Golf6,4,RRRR,79,7,4,6,3,0
Golf6,4,RRRR,79,8,4,5,4,0
Golf6,4,RRRR,79,9,1,2,1,0
Golf6,4,RRRR,79,10,1,6,3,0
Golf6,4,RRRR,79,11,2,2,2,0
Golf6,4,RRRR,79,12,2,7,7,0
Golf6,4,RRRR,79,13,3,2,2,0
Golf6,4,RRRR,79,14,3,7,5,0
Golf6,4,RRRR,79,15,4,2,1,0
Golf6,4,RRRR,79,16,4,6,1,0
Golf6,4,RRRR,79,17,1,2,2,0
Golf6,4,RRRR,79,18,1,7,4,0
Golf6,4,RRRR,79,19,2,2,2,0
Golf6,4,RRRR,79,20,2,7,5,0
Golf6,4,RRRR,79,21,3,2,1,0
Golf6,4,RRRR,79,22,3,6,3,0
Golf6,4,RRRR,79,23,4,2,2,0
Golf6,4,RRRR,79,24,4,7,3,0
Golf6,4,RRRR,79,25,1,2,2,0
Golf6,4,RRRR,79,26,1,7,3,0
Golf6,4,RRRR,79,27,2,2,2,0
Golf6,4,RRRR,79,28,2,7,4,0
Golf6,4,RRRR,79,29,3,2,2,0
Golf6,4,RRRR,79,30,3,7,5,0
Golf6,4,RRRR,79,31,4,2,2,0
Golf6,4,RRRR,79,32,4,7,7,0
Golf6,4,RRRR,79,33,1,2,1,0
Golf6,4,RRRR,79,34,1,6,6,0
Golf6,4,RRRR,79,35,2,2,2,0
Golf6,4,RRRR,79,36,2,7,2,0
Golf6,4,RRRR,79,37,3,2,2,0
Golf6,4,RRRR,79,38,3,7,2,0
Golf6,4,RRRR,79,39,4,2,2,0
Golf6,4,RRRR,79,40,4,7,2,0
Golf6,4,RRRR,79,41,1,2,1,0
Golf6,4,RRRR,79,42,1,6,2,0
Golf6,4,RRRR,79,43,2,2,2,0
Golf6,4,RRRR,79,44,2,7,1,0
Golf6,4,RRRR,79,45,3,2,2,0
Golf6,4,RRRR,79,46,3,7,4,0
Golf6,4,RRRR,79,47,4,2,1,0
Golf6,4,RRRR,79,48,4,6,1,0
Golf6,4,RRRR,79,49,1,2,2,0
Golf6,4,RRRR,79,50,1,7,2,0
Golf6,4,RRRR,79,51,2,2,1,0
Golf6,4,RRRR,79,52,2,6,3,0
Golf6,4,RRRR,79,53,3,2,1,0
Golf6,4,RRRR,79,54,3,6,5,0
Golf6,4,RRRR,79,55,4,2,1,0
Golf6,4,RRRR,79,56,4,6,2,0
Golf6,4,RRRR,79,57,1,2,2,0
Golf6,4,RRRR,79,58,1,7,1,0
Golf6,4,RRRR,79,59,2,2,2,0
Golf6,4,RRRR,79,60,2,7,1,0
Golf6,4,RRRR,79,61,3,2,1,0
Golf6,4,RRRR,79,62,3,6,3,0
Golf6,4,RRRR,79,63,4,2,1,0
Golf6,4,RRRR,79,64,4,6,2,0
Golf6,4,RRRR,79,65,1,2,2,0
Golf6,4,RRRR,79,66,1,7,2,0
Golf6,4,RRRR,79,67,2,2,1,0
Golf6,4,RRRR,79,68,2,6,2,0
Golf6,4,RRRR,79,69,3,2,1,0
Golf6,4,RRRR,79,70,3,6,5,0
Golf6,4,RRRR,79,71,4,2,1,0
Golf6,4,RRRR,79,72,4,6,5,0
Golf6,4,RRRR,79,73,1,2,2,0
Golf6,4,RRRR,79,74,1,7,4,0
Golf6,4,RRRR,79,75,2,2,2,0
Golf6,4,RRRR,79,76,2,7,4,0
Golf6,4,RRRR,79,77,3,2,1,0
Golf6,4,RRRR,79,78,3,6,5,0
Golf6,4,RRRR,79,79,4,2,1,0
Golf6,4,RRRR,79,80,4,6,3,0
Golf6,4,RRRR,79,81,1,2,2,0
Golf6,4,RRRR,79,82,1,7,3,0
Golf6,4,RRRR,79,83,2,2,1,0
Golf6,4,RRRR,79,84,2,6,5,0
Golf6,4,RRRR,80,1,1,6,6,0
Golf6,4,RRRR,80,2,1,5,2,0
Golf6,4,RRRR,80,3,2,6,5,0
Golf6,4,RRRR,80,4,2,5,1,0
Golf6,4,RRRR,80,5,3,6,3,0
Golf6,4,RRRR,80,6,3,5,3,0
Golf6,4,RRRR,80,7,4,6,3,0
Golf6,4,RRRR,80,8,4,5,3,0
Golf6,4,RRRR,80,9,1,2,1,0
Golf6,4,RRRR,80,10,1,6,5,0
Golf6,4,RRRR,80,11,2,2,1,0
Golf6,4,RRRR,80,12,2,6,4,0
Golf6,4,RRRR,80,13,3,2,2,0
Golf6,4,RRRR,80,14,3,7,3,0
Golf6,4,RRRR,80,15,4,2,1,0
Golf6,4,RRRR,80,16,4,6,5,0
Golf6,4,RRRR,80,17,1,2,2,0
Golf6,4,RRRR,80,18,1,7,6,0
Golf6,4,RRRR,80,19,2,2,2,0
Golf6,4,RRRR,80,20,2,7,3,0
Golf6,4,RRRR,80,21,3,2,2,0
Golf6,4,RRRR,80,22,3,7,5,0
Golf6,4,RRRR,80,23,4,2,1,0
Golf6,4,RRRR,80,24,4,6,6,0
Golf6,4,RRRR,80,25,1,2,1,0
Golf6,4,RRRR,80,26,1,6,2,0
Golf6,4,RRRR,80,27,2,2,1,0
Golf6,4,RRRR,80,28,2,6,3,0
Golf6,4,RRRR,80,29,3,2,2,0
Golf6,4,RRRR,80,30,3,7,1,0
Golf6,4,RRRR,80,31,4,2,2,0
Golf6,4,RRRR,80,32,4,7,4,0
Golf6,4,RRRR,80,33,1,2,1,0
Golf6,4,RRRR,80,34,1,6,5,0
Golf6,4,RRRR,80,35,2,2,2,0
Golf6,4,RRRR,80,36,2,7,6,0
Golf6,4,RRRR,80,37,3,2,1,0
Golf6,4,RRRR,80,38,3,6,3,0
Golf6,4,RRRR,80,39,4,2,2,0
Golf6,4,RRRR,80,40,4,7,4,0
Golf6,4,RRRR,80,41,1,2,1,0
Golf6,4,RRRR,80,42,1,6,6,0
Golf6,4,RRRR,80,43,2,2,2,0
Golf6,4,RRRR,80,44,2,7,6,0
Golf6,4,RRRR,80,45,3,2,2,0
Golf6,4,RRRR,80,46,3,7,6,0
Golf6,4,RRRR,80,47,4,2,2,0
Golf6,4,RRRR,80,48,4,7,1,0
Golf6,4,RRRR,80,49,1,2,2,0
Golf6,4,RRRR,80,50,1,7,4,0
Golf6,4,RRRR,80,51,2,2,1,0
Golf6,4,RRRR,80,52,2,6,3,0
Golf6,4,RRRR,80,53,3,2,2,0
Golf6,4,RRRR,80,54,3,7,1,0
Golf6,4,RRRR,80,55,4,2,1,0
Golf6,4,RRRR,80,56,4,6,1,0
Golf6,4,RRRR,80,57,1,2,2,0
Golf6,4,RRRR,80,58,1,7,1,0
Golf6,4,RRRR,80,59,2,2,1,0
Golf6,4,RRRR,80,60,2,6,2,0
Golf6,4,RRRR,80,61,3,2,1,0
Golf6,4,RRRR,80,62,3,6,1,0
Golf6,4,RRRR,80,63,4,2,2,0
Golf6,4,RRRR,80,64,4,7,6,0
Golf6,4,RRRR,80,65,1,2,1,0
Golf6,4,RRRR,80,66,1,6,6,0
Golf6,4,RRRR,80,67,2,2,2,0
Golf6,4,RRRR,80,68,2,7,4,0
Golf6,4,RRRR,80,69,3,2,1,0
Golf6,4,RRRR,80,70,3,6,4,0
Golf6,4,RRRR,80,71,4,2,1,0
Golf6,4,RRRR,80,72,4,6,6,0
Golf6,4,RRRR,80,73,1,2,1,0
Golf6,4,RRRR,80,74,1,6,1,0
Golf6,4,RRRR,80,75,2,2,1,0
Golf6,4,RRRR,80,76,2,6,2,0
Golf6,4,RRRR,80,77,3,2,1,0
Golf6,4,RRRR,80,78,3,6,5,0
Golf6,4,RRRR,80,79,4,2,1,0
Golf6,4,RRRR,80,80,4,6,2,0
Golf6,4,RRRR,81,1,1,6,1,0
Golf6,4,RRRR,81,2,1,5,5,0
Golf6,4,RRRR,81,3,2,6,6,0
Golf6,4,RRRR,81,4,2,5,1,0
Golf6,4,RRRR,81,5,3,6,2,0
Golf6,4,RRRR,81,6,3,5,5,0
Golf6,4,RRRR,81,7,4,6,5,0
Golf6,4,RRRR,81,8,4,5,3,0
Golf6,4,RRRR,81,9,1,2,1,0
Golf6,4,RRRR,81,10,1,6,5,0
Golf6,4,RRRR,81,11,2,2,2,0
Golf6,4,RRRR,81,12,2,7,6,0
Golf6,4,RRRR,81,13,3,2,2,0
Golf6,4,RRRR,81,14,3,7,2,0
Golf6,4,RRRR,81,15,4,2,2,0
Golf6,4,RRRR,81,16,4,7,1,0
Golf6,4,RRRR,81,17,1,2,1,0
Golf6,4,RRRR,81,18,1,6,2,0
Golf6,4,RRRR,81,19,2,2,1,0
Golf6,4,RRRR,81,20,2,6,5,0
Golf6,4,RRRR,81,21,3,2,1,0
Golf6,4,RRRR,81,22,3,6,6,0
Golf6,4,RRRR,81,23,4,2,1,0
Golf6,4,RRRR,81,24,4,6,2,0
Golf6,4,RRRR,81,25,1,2,2,0
Golf6,4,RRRR,81,26,1,7,5,0
Golf6,4,RRRR,81,27,2,2,1,0
Golf6,4,RRRR,81,28,2,6,2,0
Golf6,4,RRRR,81,29,3,2,1,0
Golf6,4,RRRR,81,30,3,6,1,0
Golf6,4,RRRR,81,31,4,2,2,0
Golf6,4,RRRR,81,32,4,7,3,0
Golf6,4,RRRR,81,33,1,2,1,0
Golf6,4,RRRR,81,34,1,6,5,0
Golf6,4,RRRR,81,35,2,2,2,0
Golf6,4,RRRR,81,36,2,7,2,0
Golf6,4,RRRR,81,37,3,2,1,0
Golf6,4,RRRR,81,38,3,6,5,0
Golf6,4,RRRR,81,39,4,2,2,0
Golf6,4,RRRR,81,40,4,7,4,0
Golf6,4,RRRR,81,41,1,2,2,0
Golf6,4,RRRR,81,42,1,7,1,0
Golf6,4,RRRR,81,43,2,2,1,0
Golf6,4,RRRR,81,44,2,6,3,0
Golf6,4,RRRR,81,45,3,2,1,0
Golf6,4,RRRR,81,46,3,6,6,0
Golf6,4,RRRR,81,47,4,2,2,0
Golf6,4,RRRR,81,48,4,7,3,0
Golf6,4,RRRR,81,49,1,2,2,0
Golf6,4,RRRR,81,50,1,7,2,0
Golf6,4,RRRR,81,51,2,2,1,0
Golf6,4,RRRR,81,52,2,6,2,0
Golf6,4,RRRR,81,53,3,2,2,0
Golf6,4,RRRR,81,54,3,7,7,0
Golf6,4,RRRR,81,55,4,2,1,0
Golf6,4,RRRR,81,56,4,6,2,0
Golf6,4,RRRR,81,57,1,2,2,0
Golf6,4,RRRR,81,58,1,7,3,0
Golf6,4,RRRR,81,59,2,2,2,0
Golf6,4,RRRR,81,60,2,7,4,0
Golf6,4,RRRR,81,61,3,2,1,0
Golf6,4,RRRR,81,62,3,6,2,0
Golf6,4,RRRR,81,63,4,2,2,0
Golf6,4,RRRR,81,64,4,7,6,0
Golf6,4,RRRR,81,65,1,2,2,0
Golf6,4,RRRR,81,66,1,7,2,0
Golf6,4,RRRR,81,67,2,2,2,0
Golf6,4,RRRR,81,68,2,7,2,0
Golf6,4,RRRR,81,69,3,2,2,0
Golf6,4,RRRR,81,70,3,7,5,0
Golf6,4,RRRR,81,71,4,2,1,0
Golf6,4,RRRR,81,72,4,6,5,0
Golf6,4,RRRR,81,73,1,2,2,0
Golf6,4,RRRR,81,74,1,7,2,0
Golf6,4,RRRR,81,75,2,2,1,0
Golf6,4,RRRR,81,76,2,6,4,0
Golf6,4,RRRR,82,1,1,6,3,0
Golf6,4,RRRR,82,2,1,5,1,0
Golf6,4,RRRR,82,3,2,6,3,0
Golf6,4,RRRR,82,4,2,5,2,0
Golf6,4,RRRR,82,5,3,6,2,0
Golf6,4,RRRR,82,6,3,5,4,0
Golf6,4,RRRR,82,7,4,6,3,0
Golf6,4,RRRR,82,8,4,5,2,0
Golf6,4,RRRR,82,9,1,2,1,0
Golf6,4,RRRR,82,10,1,6,5,0
Golf6,4,RRRR,82,11,2,2,2,0
Golf6,4,RRRR,82,12,2,7,1,0
Golf6,4,RRRR,82,13,3,2,1,0
Golf6,4,RRRR,82,14,3,6,6,0
Golf6,4,RRRR,82,15,4,2,2,0
Golf6,4,RRRR,82,16,4,7,1,0
Golf6,4,RRRR,82,17,1,2,2,0
Golf6,4,RRRR,82,18,1,7,7,0
Golf6,4,RRRR,82,19,2,2,1,0
Golf6,4,RRRR,82,20,2,6,1,0
Golf6,4,RRRR,82,21,3,2,2,0
Golf6,4,RRRR,82,22,3,7,3,0
Golf6,4,RRRR,82,23,4,2,1,0
Golf6,4,RRRR,82,24,4,6,3,0
Golf6,4,RRRR,82,25,1,2,2,0
Golf6,4,RRRR,82,26,1,7,7,0
Golf6,4,RRRR,82,27,2,2,2,0
Golf6,4,RRRR,82,28,2,7,2,0
Golf6,4,RRRR,82,29,3,2,2,0
Golf6,4,RRRR,82,30,3,7,2,0
Golf6,4,RRRR,82,31,4,2,2,0
Golf6,4,RRRR,82,32,4,7,2,0
Golf6,4,RRRR,82,33,1,2,2,0
Golf6,4,RRRR,82,34,1,7,3,0
Golf6,4,RRRR,82,35,2,2,1,0
Golf6,4,RRRR,82,36,2,6,1,0
Golf6,4,RRRR,82,37,3,2,1,0
Golf6,4,RRRR,82,38,3,6,4,0
Golf6,4,RRRR,82,39,4,2,2,0
Golf6,4,RRRR,82,40,4,7,5,0
Golf6,4,RRRR,82,41,1,2,1,0
Golf6,4,RRRR,82,42,1,6,4,0
Golf6,4,RRRR,83,1,1,6,5,0
Golf6,4,RRRR,83,2,1,5,2,0
Golf6,4,RRRR,83,3,2,6,2,0
Golf6,4,RRRR,83,4,2,5,1,0
Golf6,4,RRRR,83,5,3,6,2,0
Golf6,4,RRRR,83,6,3,5,1,0
Golf6,4,RRRR,83,7,4,6,6,0
Golf6,4,RRRR,83,8,4,5,4,0
Golf6,4,RRRR,83,9,1,2,1,0
Golf6,4,RRRR,83,10,1,6,5,0
Golf6,4,RRRR,83,11,2,2,1,0
Golf6,4,RRRR,83,12,2,6,6,0
Golf6,4,RRRR,83,13,3,2,2,0
Golf6,4,RRRR,83,14,3,7,3,0
Golf6,4,RRRR,83,15,4,2,2,0
Golf6,4,RRRR,83,16,4,7,7,0
Golf6,4,RRRR,83,17,1,2,2,0
Golf6,4,RRRR,83,18,1,7,7,0
Golf6,4,RRRR,83,19,2,2,2,0
Golf6,4,RRRR,83,20,2,7,6,0
Golf6,4,RRRR,83,21,3,2,1,0
Golf6,4,RRRR,83,22,3,6,2,0
Golf6,4,RRRR,83,23,4,2,1,0
Golf6,4,RRRR,83,24,4,6,5,0
Golf6,4,RRRR,83,25,1,2,1,0
Golf6,4,RRRR,83,26,1,6,6,0
Golf6,4,RRRR,83,27,2,2,1,0
Golf6,4,RRRR,83,28,2,6,5,0
Golf6,4,RRRR,83,29,3,2,1,0
Golf6,4,RRRR,83,30,3,6,2,0
Golf6,4,RRRR,83,31,4,2,2,0
Golf6,4,RRRR,83,32,4,7,6,0
Golf6,4,RRRR,83,33,1,2,2,0
Golf6,4,RRRR,83,34,1,7,1,0
Golf6,4,RRRR,83,35,2,2,2,0
Golf6,4,RRRR,83,36,2,7,6,0
Golf6,4,RRRR,83,37,3,2,2,0
Golf6,4,RRRR,83,38,3,7,7,0
Golf6,4,RRRR,83,39,4,2,2,0
Golf6,4,RRRR,83,40,4,7,2,0
Golf6,4,RRRR,83,41,1,2,1,0
Golf6,4,RRRR,83,42,1,6,2,0
Golf6,4,RRRR,83,43,2,2,1,0
Golf6,4,RRRR,83,44,2,6,3,0
Golf6,4,RRRR,83,45,3,2,2,0
Golf6,4,RRRR,83,46,3,7,7,0
Golf6,4,RRRR,83,47,4,2,2,0
Golf6,4,RRRR,83,48,4,7,7,0
Golf6,4,RRRR,83,49,1,2,2,0
Golf6,4,RRRR,83,50,1,7,6,0
Golf6,4,RRRR,83,51,2,2,1,0
Golf6,4,RRRR,83,52,2,6,1,0
Golf6,4,RRRR,83,53,3,2,1,0
Golf6,4,RRRR,83,54,3,6,2,0
Golf6,4,RRRR,83,55,4,2,1,0
Golf6,4,RRRR,83,56,4,6,6,0
Golf6,4,RRRR,83,57,1,2,2,0
Golf6,4,RRRR,83,58,1,7,5,0
Golf6,4,RRRR,83,59,2,2,2,0
Golf6,4,RRRR,83,60,2,7,4,0
Golf6,4,RRRR,83,61,3,2,2,0
Golf6,4,RRRR,83,62,3,7,4,0
Golf6,4,RRRR,83,63,4,2,2,0
Golf6,4,RRRR,83,64,4,7,5,0
Golf6,4,RRRR,83,65,1,2,1,0
Golf6,4,RRRR,83,66,1,6,5,0
Golf6,4,RRRR,83,67,2,2,2,0
Golf6,4,RRRR,83,68,2,7,5,0
Golf6,4,RRRR,84,1,1,6,4,0
Golf6,4,RRRR,84,2,1,5,4,0
Golf6,4,RRRR,84,3,2,6,1,0
Golf6,4,RRRR,84,4,2,5,3,0
Golf6,4,RRRR,84,5,3,6,3,0
Golf6,4,RRRR,84,6,3,5,1,0
Golf6,4,RRRR,84,7,4,6,1,0
Golf6,4,RRRR,84,8,4,5,3,0
Golf6,4,RRRR,84,9,1,2,2,0
Golf6,4,RRRR,84,10,1,7,6,0
Golf6,4,RRRR,84,11,2,2,2,0
Golf6,4,RRRR,84,12,2,7,2,0
Golf6,4,RRRR,84,13,3,2,2,0
Golf6,4,RRRR,84,14,3,7,1,0
Golf6,4,RRRR,84,15,4,2,1,0
Golf6,4,RRRR,84,16,4,6,3,0
Golf6,4,RRRR,84,17,1,2,2,0
Golf6,4,RRRR,84,18,1,7,4,0
Golf6,4,RRRR,84,19,2,2,2,0
Golf6,4,RRRR,84,20,2,7,4,0
Golf6,4,RRRR,84,21,3,2,1,0
Golf6,4,RRRR,84,22,3,6,3,0
Golf6,4,RRRR,84,23,4,2,2,0
Golf6,4,RRRR,84,24,4,7,1,0
Golf6,4,RRRR,84,25,1,2,2,0
Golf6,4,RRRR,84,26,1,7,6,0
Golf6,4,RRRR,84,27,2,2,2,0
Golf6,4,RRRR,84,28,2,7,6,0
Golf6,4,RRRR,84,29,3,2,1,0
Golf6,4,RRRR,84,30,3,6,6,0
Golf6,4,RRRR,84,31,4,2,2,0
Golf6,4,RRRR,84,32,4,7,4,0
Golf6,4,RRRR,84,33,1,2,2,0
Golf6,4,RRRR,84,34,1,7,7,0
Golf6,4,RRRR,84,35,2,2,2,0
Golf6,4,RRRR,84,36,2,7,2,0
Golf6,4,RRRR,84,37,3,2,1,0
Golf6,4,RRRR,84,38,3,6,4,0
Golf6,4,RRRR,84,39,4,2,1,0
Golf6,4,RRRR,84,40,4,6,6,0
Golf6,4,RRRR,84,41,1,2,2,0
Golf6,4,RRRR,84,42,1,7,5,0
Golf6,4,RRRR,84,43,2,2,2,0
Golf6,4,RRRR,84,44,2,7,4,0
Golf6,4,RRRR,84,45,3,2,2,0
Golf6,4,RRRR,84,46,3,7,7,0
Golf6,4,RRRR,84,47,4,2,1,0
Golf6,4,RRRR,84,48,4,6,4,0
Golf6,4,RRRR,84,49,1,2,2,0
Golf6,4,RRRR,84,50,1,7,7,0
Golf6,4,RRRR,84,51,2,2,1,0
Golf6,4,RRRR,84,52,2,6,2,0
Golf6,4,RRRR,84,53,3,2,2,0
Golf6,4,RRRR,84,54,3,7,2,0
Golf6,4,RRRR,84,55,4,2,1,0
Golf6,4,RRRR,84,56,4,6,3,0
Golf6,4,RRRR,84,57,1,2,1,0
Golf6,4,RRRR,84,58,1,6,5,0
Golf6,4,RRRR,84,59,2,2,2,0
Golf6,4,RRRR,84,60,2,7,4,0
Golf6,4,RRRR,84,61,3,2,1,0
Golf6,4,RRRR,84,62,3,6,5,0
Golf6,4,RRRR,84,63,4,2,1,0
Golf6,4,RRRR,84,64,4,6,3,0
Golf6,4,RRRR,84,65,1,2,2,0
Golf6,4,RRRR,84,66,1,7,3,0
Golf6,4,RRRR,84,67,2,2,1,0
Golf6,4,RRRR,84,68,2,6,1,0
Golf6,4,RRRR,84,69,3,2,1,0
Golf6,4,RRRR,84,70,3,6,1,0
Golf6,4,RRRR,84,71,4,2,2,0
Golf6,4,RRRR,84,72,4,7,4,0
Golf6,4,RRRR,84,73,1,2,1,0
Golf6,4,RRRR,84,74,1,6,5,0
Golf6,4,RRRR,84,75,2,2,1,0
Golf6,4,RRRR,84,76,2,6,3,0
Golf6,4,RRRR,84,77,3,2,1,0
Golf6,4,RRRR,84,78,3,6,6,0
Golf6,4,RRRR,84,79,4,2,1,0
Golf6,4,RRRR,84,80,4,6,3,0
Golf6,4,RRRR,84,81,1,2,2,0
Golf6,4,RRRR,84,82,1,7,5,0
Golf6,4,RRRR,84,83,2,2,2,0
Golf6,4,RRRR,84,84,2,7,3,0
Golf6,4,RRRR,84,85,3,2,1,0
Golf6,4,RRRR,84,86,3,6,1,0
Golf6,4,RRRR,84,87,4,2,1,0
Golf6,4,RRRR,84,88,4,6,1,0
Golf6,4,RRRR,84,89,1,2,2,0
Golf6,4,RRRR,84,90,1,7,4,0
Golf6,4,RRRR,84,91,2,2,1,0
Golf6,4,RRRR,84,92,2,6,1,0
Golf6,4,RRRR,84,93,3,2,1,0
Golf6,4,RRRR,84,94,3,6,2,0
Golf6,4,RRRR,85,1,1,6,3,0
Golf6,4,RRRR,85,2,1,5,1,0
Golf6,4,RRRR,85,3,2,6,5,0
Golf6,4,RRRR,85,4,2,5,5,0
Golf6,4,RRRR,85,5,3,6,3,0
Golf6,4,RRRR,85,6,3,5,1,0
Golf6,4,RRRR,85,7,4,6,5,0
Golf6,4,RRRR,85,8,4,5,1,0
Golf6,4,RRRR,85,9,1,2,1,0
Golf6,4,RRRR,85,10,1,6,6,0
Golf6,4,RRRR,85,11,2,2,1,0
Golf6,4,RRRR,85,12,2,6,5,0
Golf6,4,RRRR,85,13,3,2,2,0
Golf6,4,RRRR,85,14,3,7,2,0
Golf6,4,RRRR,85,15,4,2,1,0
Golf6,4,RRRR,85,16,4,6,2,0
Golf6,4,RRRR,85,17,1,2,2,0
Golf6,4,RRRR,85,18,1,7,7,0
Golf6,4,RRRR,85,19,2,2,2,0
Golf6,4,RRRR,85,20,2,7,6,0
Golf6,4,RRRR,85,21,3,2,1,0
Golf6,4,RRRR,85,22,3,6,5,0
Golf6,4,RRRR,85,23,4,2,1,0
Golf6,4,RRRR,85,24,4,6,2,0
Golf6,4,RRRR,85,25,1,2,2,0
Golf6,4,RRRR,85,26,1,7,6,0
Golf6,4,RRRR,85,27,2,2,2,0
Golf6,4,RRRR,85,28,2,7,4,0
Golf6,4,RRRR,85,29,3,2,2,0
Golf6,4,RRRR,85,30,3,7,2,0
Golf6,4,RRRR,85,31,4,2,2,0
Golf6,4,RRRR,85,32,4,7,4,0
Golf6,4,RRRR,85,33,1,2,1,0
Golf6,4,RRRR,85,34,1,6,1,0
Golf6,4,RRRR,85,35,2,2,2,0
Golf6,4,RRRR,85,36,2,7,4,0
Golf6,4,RRRR,85,37,3,2,2,0
Golf6,4,RRRR,85,38,3,7,5,0
Golf6,4,RRRR,85,39,4,2,1,0
Golf6,4,RRRR,85,40,4,6,3,0
Golf6,4,RRRR,85,41,1,2,2,0
Golf6,4,RRRR,85,42,1,7,6,0
Golf6,4,RRRR,85,43,2,2,1,0
Golf6,4,RRRR,85,44,2,6,5,0
Golf6,4,RRRR,85,45,3,2,2,0
Golf6,4,RRRR,85,46,3,7,3,0
Golf6,4,RRRR,85,47,4,2,1,0
Golf6,4,RRRR,85,48,4,6,5,0
Golf6,4,RRRR,85,49,1,2,1,0
Golf6,4,RRRR,85,50,1,6,4,0
Golf6,4,RRRR,85,51,2,2,2,0
Golf6,4,RRRR,85,52,2,7,4,0
Golf6,4,RRRR,85,53,3,2,1,0
Golf6,4,RRRR,85,54,3,6,4,0
Golf6,4,RRRR,85,55,4,2,2,0
Golf6,4,RRRR,85,56,4,7,2,0
Golf6,4,RRRR,85,57,1,2,2,0
Golf6,4,RRRR,85,58,1,7,6,0
Golf6,4,RRRR,85,59,2,2,2,0
Golf6,4,RRRR,85,60,2,7,1,0
Golf6,4,RRRR,85,61,3,2,1,0
Golf6,4,RRRR,85,62,3,6,4,0
Golf6,4,RRRR,85,63,4,2,1,0
Golf6,4,RRRR,85,64,4,6,3,0
Golf6,4,RRRR,85,65,1,2,2,0
Golf6,4,RRRR,85,66,1,7,2,0
Golf6,4,RRRR,85,67,2,2,2,0
Golf6,4,RRRR,85,68,2,7,6,0
Golf6,4,RRRR,85,69,3,2,1,0
Golf6,4,RRRR,85,70,3,6,5,0
Golf6,4,RRRR,85,71,4,2,2,0
Golf6,4,RRRR,85,72,4,7,2,0
Golf6,4,RRRR,85,73,1,2,2,0
Golf6,4,RRRR,85,74,1,7,5,0
Golf6,4,RRRR,85,75,2,2,2,0
Golf6,4,RRRR,85,76,2,7,2,0
Golf6,4,RRRR,85,77,3,2,2,0
Golf6,4,RRRR,85,78,3,7,3,0
Golf6,4,RRRR,85,79,4,2,2,0
Golf6,4,RRRR,85,80,4,7,4,0
Golf6,4,RRRR,85,81,1,2,2,0
Golf6,4,RRRR,85,82,1,7,7,0
Golf6,4,RRRR,85,83,2,2,1,0
Golf6,4,RRRR,85,84,2,6,4,0
Golf6,4,RRRR,85,85,3,2,1,0
Golf6,4,RRRR,85,86,3,6,6,0
Golf6,4,RRRR,86,1,1,6,3,0
Golf6,4,RRRR,86,2,1,5,3,0
Golf6,4,RRRR,86,3,2,6,6,0
Golf6,4,RRRR,86,4,2,5,5,0
Golf6,4,RRRR,86,5,3,6,2,0
Golf6,4,RRRR,86,6,3,5,2,0
Golf6,4,RRRR,86,7,4,6,4,0
Golf6,4,RRRR,86,8,4,5,5,0
Golf6,4,RRRR,86,9,1,2,1,0
Golf6,4,RRRR,86,10,1,6,6,0
Golf6,4,RRRR,86,11,2,2,2,0
Golf6,4,RRRR,86,12,2,7,1,0
Golf6,4,RRRR,86,13,3,2,1,0
Golf6,4,RRRR,86,14,3,6,1,0
Golf6,4,RRRR,86,15,4,2,1,0
Golf6,4,RRRR,86,16,4,6,3,0
Golf6,4,RRRR,86,17,1,2,2,0
Golf6,4,RRRR,86,18,1,7,5,0
Golf6,4,RRRR,86,19,2,2,1,0
Golf6,4,RRRR,86,20,2,6,5,0
Golf6,4,RRRR,86,21,3,2,2,0
Golf6,4,RRRR,86,22,3,7,4,0
Golf6,4,RRRR,86,23,4,2,1,0
Golf6,4,RRRR,86,24,4,6,1,0
Golf6,4,RRRR,86,25,1,2,1,0
Golf6,4,RRRR,86,26,1,6,2,0
Golf6,4,RRRR,86,27,2,2,1,0
Golf6,4,RRRR,86,28,2,6,1,0
Golf6,4,RRRR,86,29,3,2,1,0
Golf6,4,RRRR,86,30,3,6,2,0
Golf6,4,RRRR,86,31,4,2,1,0
Golf6,4,RRRR,86,32,4,6,2,0
Golf6,4,RRRR,86,33,1,2,2,0
Golf6,4,RRRR,86,34,1,7,5,0
Golf6,4,RRRR,86,35,2,2,2,0
Golf6,4,RRRR,86,36,2,7,7,0
Golf6,4,RRRR,86,37,3,2,2,0
Golf6,4,RRRR,86,38,3,7,4,0
Golf6,4,RRRR,86,39,4,2,2,0
Golf6,4,RRRR,86,40,4,7,4,0
Golf6,4,RRRR,86,41,1,2,1,0
Golf6,4,RRRR,86,42,1,6,5,0
Golf6,4,RRRR,86,43,2,2,1,0
Golf6,4,RRRR,86,44,2,6,6,0
Golf6,4,RRRR,86,45,3,2,1,0
Golf6,4,RRRR,86,46,3,6,2,0
Golf6,4,RRRR,86,47,4,2,1,0
Golf6,4,RRRR,86,48,4,6,2,0
Golf6,4,RRRR,86,49,1,2,1,0
Golf6,4,RRRR,86,50,1,6,6,0
Golf6,4,RRRR,86,51,2,2,2,0
Golf6,4,RRRR,86,52,2,7,3,0
Golf6,4,RRRR,86,53,3,2,1,0
Golf6,4,RRRR,86,54,3,6,2,0
Golf6,4,RRRR,86,55,4,2,2,0
Golf6,4,RRRR,86,56,4,7,4,0
Golf6,4,RRRR,86,57,1,2,1,0
Golf6,4,RRRR,86,58,1,6,6,0
Golf6,4,RRRR,86,59,2,2,2,0
Golf6,4,RRRR,86,60,2,7,5,0
Golf6,4,RRRR,86,61,3,2,1,0
Golf6,4,RRRR,86,62,3,6,3,0
Golf6,4,RRRR,86,63,4,2,1,0
Golf6,4,RRRR,86,64,4,6,6,0
Golf6,4,RRRR,86,65,1,2,1,0
Golf6,4,RRRR,86,66,1,6,6,0
Golf6,4,RRRR,86,67,2,2,1,0
Golf6,4,RRRR,86,68,2,6,2,0
Golf6,4,RRRR,86,69,3,2,2,0
Golf6,4,RRRR,86,70,3,7,1,0
Golf6,4,RRRR,86,71,4,2,1,0
Golf6,4,RRRR,86,72,4,6,1,0
Golf6,4,RRRR,86,73,1,2,1,0
Golf6,4,RRRR,86,74,1,6,1,0
Golf6,4,RRRR,87,1,1,6,4,0
Golf6,4,RRRR,87,2,1,5,4,0
Golf6,4,RRRR,87,3,2,6,4,0
Golf6,4,RRRR,87,4,2,5,2,0
Golf6,4,RRRR,87,5,3,6,5,0
Golf6,4,RRRR,87,6,3,5,1,0
Golf6,4,RRRR,87,7,4,6,3,0
Golf6,4,RRRR,87,8,4,5,2,0
Golf6,4,RRRR,87,9,1,2,2,0
Golf6,4,RRRR,87,10,1,7,7,0
Golf6,4,RRRR,87,11,2,2,2,0
Golf6,4,RRRR,87,12,2,7,5,0
Golf6,4,RRRR,87,13,3,2,1,0
Golf6,4,RRRR,87,14,3,6,5,0
Golf6,4,RRRR,87,15,4,2,2,0
Golf6,4,RRRR,87,16,4,7,2,0
Golf6,4,RRRR,87,17,1,2,1,0
Golf6,4,RRRR,87,18,1,6,2,0
Golf6,4,RRRR,87,19,2,2,2,0
Golf6,4,RRRR,87,20,2,7,6,0
Golf6,4,RRRR,87,21,3,2,2,0
Golf6,4,RRRR,87,22,3,7,7,0
Golf6,4,RRRR,87,23,4,2,1,0
Golf6,4,RRRR,87,24,4,6,6,0
Golf6,4,RRRR,87,25,1,2,2,0
Golf6,4,RRRR,87,26,1,7,7,0
Golf6,4,RRRR,87,27,2,2,1,0
Golf6,4,RRRR,87,28,2,6,2,0
Golf6,4,RRRR,87,29,3,2,1,0
Golf6,4,RRRR,87,30,3,6,1,0
Golf6,4,RRRR,87,31,4,2,1,0
Golf6,4,RRRR,87,32,4,6,4,0
Golf6,4,RRRR,87,33,1,2,1,0
Golf6,4,RRRR,87,34,1,6,4,0
Golf6,4,RRRR,87,35,2,2,2,0
Golf6,4,RRRR,87,36,2,7,7,0
Golf6,4,RRRR,87,37,3,2,1,0
Golf6,4,RRRR,87,38,3,6,2,0
Golf6,4,RRRR,87,39,4,2,1,0
Golf6,4,RRRR,87,40,4,6,5,0
Golf6,4,RRRR,88,1,1,6,1,0
Golf6,4,RRRR,88,2,1,5,3,0
Golf6,4,RRRR,88,3,2,6,4,0
Golf6,4,RRRR,88,4,2,5,2,0
Golf6,4,RRRR,88,5,3,6,2,0
Golf6,4,RRRR,88,6,3,5,1,0
Golf6,4,RRRR,88,7,4,6,2,0
Golf6,4,RRRR,88,8,4,5,5,0
Golf6,4,RRRR,88,9,1,2,1,0
Golf6,4,RRRR,88,10,1,6,6,0
Golf6,4,RRRR,88,11,2,2,1,0
Golf6,4,RRRR,88,12,2,6,1,0
Golf6,4,RRRR,88,13,3,2,1,0
Golf6,4,RRRR,88,14,3,6,3,0
Golf6,4,RRRR,88,15,4,2,1,0
Golf6,4,RRRR,88,16,4,6,3,0
Golf6,4,RRRR,88,17,1,2,1,0
Golf6,4,RRRR,88,18,1,6,5,0
Golf6,4,RRRR,88,19,2,2,2,0
Golf6,4,RRRR,88,20,2,7,4,0
Golf6,4,RRRR,88,21,3,2,2,0
Golf6,4,RRRR,88,22,3,7,1,0
Golf6,4,RRRR,88,23,4,2,2,0
Golf6,4,RRRR,88,24,4,7,3,0
Golf6,4,RRRR,88,25,1,2,2,0
Golf6,4,RRRR,88,26,1,7,3,0
Golf6,4,RRRR,88,27,2,2,2,0
Golf6,4,RRRR,88,28,2,7,6,0
Golf6,4,RRRR,88,29,3,2,2,0
Golf6,4,RRRR,88,30,3,7,5,0
Golf6,4,RRRR,88,31,4,2,1,0
Golf6,4,RRRR,88,32,4,6,5,0
Golf6,4,RRRR,88,33,1,2,2,0
Golf6,4,RRRR,88,34,1,7,1,0
Golf6,4,RRRR,88,35,2,2,1,0
Golf6,4,RRRR,88,36,2,6,3,0
Golf6,4,RRRR,88,37,3,2,1,0
Golf6,4,RRRR,88,38,3,6,6,0
Golf6,4,RRRR,88,39,4,2,1,0
Golf6,4,RRRR,88,40,4,6,2,0
Golf6,4,RRRR,88,41,1,2,2,0
Golf6,4,RRRR,88,42,1,7,3,0
Golf6,4,RRRR,88,43,2,2,1,0
Golf6,4,RRRR,88,44,2,6,1,0
Golf6,4,RRRR,88,45,3,2,1,0
Golf6,4,RRRR,88,46,3,6,6,0
Golf6,4,RRRR,88,47,4,2,1,0
Golf6,4,RRRR,88,48,4,6,2,0
Golf6,4,RRRR,88,49,1,2,1,0
Golf6,4,RRRR,88,50,1,6,5,0
Golf6,4,RRRR,88,51,2,2,1,0
Golf6,4,RRRR,88,52,2,6,1,0
Golf6,4,RRRR,88,53,3,2,1,0
Golf6,4,RRRR,88,54,3,6,4,0
Golf6,4,RRRR,88,55,4,2,2,0
Golf6,4,RRRR,88,56,4,7,6,0
Golf6,4,RRRR,88,57,1,2,2,0
Golf6,4,RRRR,88,58,1,7,4,0
Golf6,4,RRRR,89,1,1,6,6,0
Golf6,4,RRRR,89,2,1,5,5,0
Golf6,4,RRRR,89,3,2,6,3,0
Golf6,4,RRRR,89,4,2,5,1,0
Golf6,4,RRRR,89,5,3,6,3,0
Golf6,4,RRRR,89,6,3,5,1,0
Golf6,4,RRRR,89,7,4,6,5,0
Golf6,4,RRRR,89,8,4,5,2,0
Golf6,4,RRRR,89,9,1,2,1,0
Golf6,4,RRRR,89,10,1,6,4,0
Golf6,4,RRRR,89,11,2,2,1,0
Golf6,4,RRRR,89,12,2,6,1,0
Golf6,4,RRRR,89,13,3,2,1,0
Golf6,4,RRRR,89,14,3,6,2,0
Golf6,4,RRRR,89,15,4,2,1,0
Golf6,4,RRRR,89,16,4,6,2,0
Golf6,4,RRRR,89,17,1,2,1,0
Golf6,4,RRRR,89,18,1,6,2,0
Golf6,4,RRRR,89,19,2,2,2,0
Golf6,4,RRRR,89,20,2,7,7,0
Golf6,4,RRRR,89,21,3,2,1,0
Golf6,4,RRRR,89,22,3,6,1,0
Golf6,4,RRRR,89,23,4,2,2,0
Golf6,4,RRRR,89,24,4,7,7,0
Golf6,4,RRRR,89,25,1,2,2,0
Golf6,4,RRRR,89,26,1,7,1,0
Golf6,4,RRRR,89,27,2,2,1,0
Golf6,4,RRRR,89,28,2,6,4,0
Golf6,4,RRRR,89,29,3,2,2,0
Golf6,4,RRRR,89,30,3,7,3,0
Golf6,4,RRRR,89,31,4,2,2,0
Golf6,4,RRRR,89,32,4,7,7,0
Golf6,4,RRRR,89,33,1,2,1,0
Golf6,4,RRRR,89,34,1,6,2,0
Golf6,4,RRRR,89,35,2,2,1,0
Golf6,4,RRRR,89,36,2,6,2,0
Golf6,4,RRRR,89,37,3,2,1,0
Golf6,4,RRRR,89,38,3,6,6,0
Golf6,4,RRRR,89,39,4,2,2,0
Golf6,4,RRRR,89,40,4,7,6,0
Golf6,4,RRRR,89,41,1,2,2,0
Golf6,4,RRRR,89,42,1,7,2,0
Golf6,4,RRRR,89,43,2,2,1,0
Golf6,4,RRRR,89,44,2,6,4,0
Golf6,4,RRRR,89,45,3,2,1,0
Golf6,4,RRRR,89,46,3,6,1,0
Golf6,4,RRRR,89,47,4,2,2,0
Golf6,4,RRRR,89,48,4,7,7,0
Golf6,4,RRRR,89,49,1,2,1,0
Golf6,4,RRRR,89,50,1,6,3,0
Golf6,4,RRRR,90,1,1,6,5,0
Golf6,4,RRRR,90,2,1,5,1,0
Golf6,4,RRRR,90,3,2,6,3,0
Golf6,4,RRRR,90,4,2,5,2,0
Golf6,4,RRRR,90,5,3,6,3,0
Golf6,4,RRRR,90,6,3,5,5,0
Golf6,4,RRRR,90,7,4,6,4,0
Golf6,4,RRRR,90,8,4,5,5,0
Golf6,4,RRRR,90,9,1,2,2,0
Golf6,4,RRRR,90,10,1,7,1,0
Golf6,4,RRRR,90,11,2,2,2,0
Golf6,4,RRRR,90,12,2,7,6,0
Golf6,4,RRRR,90,13,3,2,1,0
Golf6,4,RRRR,90,14,3,6,6,0
Golf6,4,RRRR,90,15,4,2,1,0
Golf6,4,RRRR,90,16,4,6,1,0
Golf6,4,RRRR,90,17,1,2,1,0
Golf6,4,RRRR,90,18,1,6,2,0
Golf6,4,RRRR,90,19,2,2,2,0
Golf6,4,RRRR,90,20,2,7,7,0
Golf6,4,RRRR,90,21,3,2,1,0
Golf6,4,RRRR,90,22,3,6,1,0
Golf6,4,RRRR,90,23,4,2,1,0
Golf6,4,RRRR,90,24,4,6,3,0
Golf6,4,RRRR,90,25,1,2,1,0
Golf6,4,RRRR,90,26,1,6,6,0
Golf6,4,RRRR,90,27,2,2,2,0
Golf6,4,RRRR,90,28,2,7,7,0
Golf6,4,RRRR,90,29,3,2,1,0
Golf6,4,RRRR,90,30,3,6,2,0
Golf6,4,RRRR,90,31,4,2,1,0
Golf6,4,RRRR,90,32,4,6,6,0
Golf6,4,RRRR,90,33,1,2,1,0
Golf6,4,RRRR,90,34,1,6,1,0
Golf6,4,RRRR,90,35,2,2,1,0
Golf6,4,RRRR,90,36,2,6,3,0
Golf6,4,RRRR,90,37,3,2,1,0
Golf6,4,RRRR,90,38,3,6,5,0
Golf6,4,RRRR,90,39,4,2,1,0
Golf6,4,RRRR,90,40,4,6,6,0
Golf6,4,RRRR,90,41,1,2,2,0
Golf6,4,RRRR,90,42,1,7,3,0
Golf6,4,RRRR,90,43,2,2,2,0
Golf6,4,RRRR,90,44,2,7,3,0
Golf6,4,RRRR,90,45,3,2,2,0
Golf6,4,RRRR,90,46,3,7,6,0
Golf6,4,RRRR,90,47,4,2,2,0
Golf6,4,RRRR,90,48,4,7,4,0
Golf6,4,RRRR,90,49,1,2,1,0
Golf6,4,RRRR,90,50,1,6,6,0
Golf6,4,RRRR,90,51,2,2,1,0
Golf6,4,RRRR,90,52,2,6,1,0
Golf6,4,RRRR,90,53,3,2,2,0
Golf6,4,RRRR,90,54,3,7,1,0
Golf6,4,RRRR,90,55,4,2,1,0
Golf6,4,RRRR,90,56,4,6,5,0
Golf6,4,RRRR,90,57,1,2,1,0
Golf6,4,RRRR,90,58,1,6,2,0
Golf6,4,RRRR,90,59,2,2,1,0
Golf6,4,RRRR,90,60,2,6,5,0
Golf6,4,RRRR,90,61,3,2,2,0
Golf6,4,RRRR,90,62,3,7,2,0
Golf6,4,RRRR,90,63,4,2,2,0
Golf6,4,RRRR,90,64,4,7,4,0
Golf6,4,RRRR,90,65,1,2,1,0
Golf6,4,RRRR,90,66,1,6,6,0
Golf6,4,RRRR,90,67,2,2,2,0
Golf6,4,RRRR,90,68,2,7,3,0
Golf6,4,RRRR,90,69,3,2,2,0
Golf6,4,RRRR,90,70,3,7,6,0
Golf6,4,RRRR,90,71,4,2,2,0
Golf6,4,RRRR,90,72,4,7,7,0
Golf6,4,RRRR,90,73,1,2,2,0
Golf6,4,RRRR,90,74,1,7,6,0
Golf6,4,RRRR,90,75,2,2,2,0
Golf6,4,RRRR,90,76,2,7,1,0
Golf6,4,RRRR,90,77,3,2,2,0
Golf6,4,RRRR,90,78,3,7,6,0
Golf6,4,RRRR,90,79,4,2,1,0
Golf6,4,RRRR,90,80,4,6,2,0
Golf6,4,RRRR,91,1,1,6,6,0
Golf6,4,RRRR,91,2,1,5,1,0
Golf6,4,RRRR,91,3,2,6,4,0
Golf6,4,RRRR,91,4,2,5,1,0
Golf6,4,RRRR,91,5,3,6,1,0
Golf6,4,RRRR,91,6,3,5,5,0
Golf6,4,RRRR,91,7,4,6,4,0
Golf6,4,RRRR,91,8,4,5,2,0
Golf6,4,RRRR,91,9,1,2,2,0
Golf6,4,RRRR,91,10,1,7,3,0
Golf6,4,RRRR,91,11,2,2,2,0
Golf6,4,RRRR,91,12,2,7,4,0
Golf6,4,RRRR,91,13,3,2,2,0
Golf6,4,RRRR,91,14,3,7,6,0
Golf6,4,RRRR,91,15,4,2,1,0
Golf6,4,RRRR,91,16,4,6,2,0
Golf6,4,RRRR,91,17,1,2,2,0
Golf6,4,RRRR,91,18,1,7,5,0
Golf6,4,RRRR,91,19,2,2,2,0
Golf6,4,RRRR,91,20,2,7,2,0
Golf6,4,RRRR,91,21,3,2,2,0
Golf6,4,RRRR,91,22,3,7,5,0
Golf6,4,RRRR,91,23,4,2,2,0
Golf6,4,RRRR,91,24,4,7,2,0
Golf6,4,RRRR,91,25,1,2,1,0
Golf6,4,RRRR,91,26,1,6,1,0
Golf6,4,RRRR,91,27,2,2,2,0
Golf6,4,RRRR,91,28,2,7,5,0
Golf6,4,RRRR,91,29,3,2,2,0
Golf6,4,RRRR,91,30,3,7,3,0
Golf6,4,RRRR,91,31,4,2,1,0
Golf6,4,RRRR,91,32,4,6,4,0
Golf6,4,RRRR,91,33,1,2,1,0
Golf6,4,RRRR,91,34,1,6,4,0
Golf6,4,RRRR,91,35,2,2,2,0
Golf6,4,RRRR,91,36,2,7,7,0
Golf6,4,RRRR,91,37,3,2,2,0
Golf6,4,RRRR,91,38,3,7,7,0
Golf6,4,RRRR,91,39,4,2,1,0
Golf6,4,RRRR,91,40,4,6,3,0
Golf6,4,RRRR,91,41,1,2,2,0
Golf6,4,RRRR,91,42,1,7,4,0
Golf6,4,RRRR,91,43,2,2,2,0
Golf6,4,RRRR,91,44,2,7,1,0
Golf6,4,RRRR,91,45,3,2,1,0
Golf6,4,RRRR,91,46,3,6,1,0
Golf6,4,RRRR,91,47,4,2,2,0
Golf6,4,RRRR,91,48,4,7,7,0
Golf6,4,RRRR,91,49,1,2,2,0
Golf6,4,RRRR,91,50,1,7,1,0
Golf6,4,RRRR,91,51,2,2,2,0
Golf6,4,RRRR,91,52,2,7,5,0
Golf6,4,RRRR,91,53,3,2,2,0
Golf6,4,RRRR,91,54,3,7,1,0
Golf6,4,RRRR,91,55,4,2,2,0
Golf6,4,RRRR,91,56,4,7,7,0
Golf6,4,RRRR,91,57,1,2,2,0
Golf6,4,RRRR,91,58,1,7,6,0
Golf6,4,RRRR,92,1,1,6,6,0
Golf6,4,RRRR,92,2,1,5,3,0
Golf6,4,RRRR,92,3,2,6,1,0
Golf6,4,RRRR,92,4,2,5,5,0
Golf6,4,RRRR,92,5,3,6,5,0
Golf6,4,RRRR,92,6,3,5,4,0
Golf6,4,RRRR,92,7,4,6,2,0
Golf6,4,RRRR,92,8,4,5,5,0
Golf6,4,RRRR,92,9,1,2,1,0
Golf6,4,RRRR,92,10,1,6,4,0
Golf6,4,RRRR,92,11,2,2,1,0
Golf6,4,RRRR,92,12,2,6,6,0
Golf6,4,RRRR,92,13,3,2,2,0
Golf6,4,RRRR,92,14,3,7,3,0
Golf6,4,RRRR,92,15,4,2,2,0
Golf6,4,RRRR,92,16,4,7,4,0
Golf6,4,RRRR,92,17,1,2,2,0
Golf6,4,RRRR,92,18,1,7,1,0
Golf6,4,RRRR,92,19,2,2,1,0
Golf6,4,RRRR,92,20,2,6,5,0
Golf6,4,RRRR,92,21,3,2,1,0
Golf6,4,RRRR,92,22,3,6,2,0
Golf6,4,RRRR,92,23,4,2,2,0
Golf6,4,RRRR,92,24,4,7,3,0
Golf6,4,RRRR,92,25,1,2,1,0
Golf6,4,RRRR,92,26,1,6,3,0
Golf6,4,RRRR,92,27,2,2,1,0
Golf6,4,RRRR,92,28,2,6,4,0
Golf6,4,RRRR,92,29,3,2,2,0
Golf6,4,RRRR,92,30,3,7,7,0
Golf6,4,RRRR,92,31,4,2,1,0
Golf6,4,RRRR,92,32,4,6,4,0
Golf6,4,RRRR,92,33,1,2,1,0
Golf6,4,RRRR,92,34,1,6,5,0
Golf6,4,RRRR,92,35,2,2,2,0
Golf6,4,RRRR,92,36,2,7,4,0
Golf6,4,RRRR,92,37,3,2,1,0
Golf6,4,RRRR,92,38,3,6,6,0
Golf6,4,RRRR,92,39,4,2,1,0
Golf6,4,RRRR,92,40,4,6,1,0
Golf6,4,RRRR,92,41,1,2,1,0
Golf6,4,RRRR,92,42,1,6,1,0
Golf6,4,RRRR,92,43,2,2,2,0
Golf6,4,RRRR,92,44,2,7,5,0
Golf6,4,RRRR,92,45,3,2,1,0
Golf6,4,RRRR,92,46,3,6,3,0
Golf6,4,RRRR,92,47,4,2,1,0
Golf6,4,RRRR,92,48,4,6,2,0
Golf6,4,RRRR,92,49,1,2,2,0
Golf6,4,RRRR,92,50,1,7,2,0
Golf6,4,RRRR,92,51,2,2,2,0
Golf6,4,RRRR,92,52,2,7,2,0
Golf6,4,RRRR,92,53,3,2,2,0
Golf6,4,RRRR,92,54,3,7,7,0
Golf6,4,RRRR,92,55,4,2,2,0
Golf6,4,RRRR,92,56,4,7,6,0
Golf6,4,RRRR,93,1,1,6,4,0
Golf6,4,RRRR,93,2,1,5,2,0
Golf6,4,RRRR,93,3,2,6,5,0
Golf6,4,RRRR,93,4,2,5,3,0
Golf6,4,RRRR,93,5,3,6,5,0
Golf6,4,RRRR,93,6,3,5,5,0
Golf6,4,RRRR,93,7,4,6,2,0
Golf6,4,RRRR,93,8,4,5,3,0
Golf6,4,RRRR,93,9,1,2,2,0
Golf6,4,RRRR,93,10,1,7,1,0
Golf6,4,RRRR,93,11,2,2,1,0
Golf6,4,RRRR,93,12,2,6,4,0
Golf6,4,RRRR,93,13,3,2,1,0
Golf6,4,RRRR,93,14,3,6,5,0
Golf6,4,RRRR,93,15,4,2,2,0
Golf6,4,RRRR,93,16,4,7,2,0
Golf6,4,RRRR,93,17,1,2,1,0
Golf6,4,RRRR,93,18,1,6,1,0
Golf6,4,RRRR,93,19,2,2,2,0
Golf6,4,RRRR,93,20,2,7,3,0
Golf6,4,RRRR,93,21,3,2,2,0
Golf6,4,RRRR,93,22,3,7,3,0
Golf6,4,RRRR,93,23,4,2,2,0
Golf6,4,RRRR,93,24,4,7,6,0
Golf6,4,RRRR,93,25,1,2,1,0
Golf6,4,RRRR,93,26,1,6,2,0
Golf6,4,RRRR,93,27,2,2,1,0
Golf6,4,RRRR,93,28,2,6,2,0
Golf6,4,RRRR,93,29,3,2,1,0
Golf6,4,RRRR,93,30,3,6,5,0
Golf6,4,RRRR,93,31,4,2,2,0
Golf6,4,RRRR,93,32,4,7,3,0
Golf6,4,RRRR,93,33,1,2,2,0
Golf6,4,RRRR,93,34,1,7,5,0
Golf6,4,RRRR,93,35,2,2,1,0
Golf6,4,RRRR,93,36,2,6,6,0
Golf6,4,RRRR,93,37,3,2,1,0
Golf6,4,RRRR,93,38,3,6,5,0
Golf6,4,RRRR,93,39,4,2,2,0
Golf6,4,RRRR,93,40,4,7,6,0
Golf6,4,RRRR,93,41,1,2,1,0
Golf6,4,RRRR,93,42,1,6,6,0
Golf6,4,RRRR,93,43,2,2,2,0
Golf6,4,RRRR,93,44,2,7,4,0
Golf6,4,RRRR,93,45,3,2,2,0
Golf6,4,RRRR,93,46,3,7,1,0
Golf6,4,RRRR,93,47,4,2,1,0
Golf6,4,RRRR,93,48,4,6,2,0
Golf6,4,RRRR,93,49,1,2,1,0
Golf6,4,RRRR,93,50,1,6,1,0
Golf6,4,RRRR,93,51,2,2,2,0
Golf6,4,RRRR,93,52,2,7,4,0
Golf6,4,RRRR,93,53,3,2,1,0
Golf6,4,RRRR,93,54,3,6,5,0
Golf6,4,RRRR,93,55,4,2,1,0
Golf6,4,RRRR,93,56,4,6,6,0
Golf6,4,RRRR,93,57,1,2,1,0
Golf6,4,RRRR,93,58,1,6,3,0
Golf6,4,RRRR,93,59,2,2,1,0
Golf6,4,RRRR,93,60,2,6,4,0
Golf6,4,RRRR,93,61,3,2,1,0
Golf6,4,RRRR,93,62,3,6,3,0
Golf6,4,RRRR,93,63,4,2,2,0
Golf6,4,RRRR,93,64,4,7,7,0
Golf6,4,RRRR,93,65,1,2,1,0
Golf6,4,RRRR,93,66,1,6,4,0
Golf6,4,RRRR,93,67,2,2,1,0
Golf6,4,RRRR,93,68,2,6,6,0
Golf6,4,RRRR,93,69,3,2,1,0
Golf6,4,RRRR,93,70,3,6,5,0
Golf6,4,RRRR,93,71,4,2,2,0
Golf6,4,RRRR,93,72,4,7,7,0
Golf6,4,RRRR,93,73,1,2,1,0
Golf6,4,RRRR,93,74,1,6,3,0
Golf6,4,RRRR,93,75,2,2,2,0
Golf6,4,RRRR,93,76,2,7,6,0
Golf6,4,RRRR,93,77,3,2,1,0
Golf6,4,RRRR,93,78,3,6,1,0
Golf6,4,RRRR,93,79,4,2,2,0
Golf6,4,RRRR,93,80,4,7,5,0
Golf6,4,RRRR,93,81,1,2,1,0
Golf6,4,RRRR,93,82,1,6,4,0
Golf6,4,RRRR,93,83,2,2,2,0
Golf6,4,RRRR,93,84,2,7,2,0
Golf6,4,RRRR,94,1,1,6,4,0
Golf6,4,RRRR,94,2,1,5,4,0
Golf6,4,RRRR,94,3,2,6,3,0
Golf6,4,RRRR,94,4,2,5,4,0
Golf6,4,RRRR,94,5,3,6,5,0
Golf6,4,RRRR,94,6,3,5,4,0
Golf6,4,RRRR,94,7,4,6,3,0
Golf6,4,RRRR,94,8,4,5,1,0
Golf6,4,RRRR,94,9,1,2,1,0
Golf6,4,RRRR,94,10,1,6,1,0
Golf6,4,RRRR,94,11,2,2,1,0
Golf6,4,RRRR,94,12,2,6,1,0
Golf6,4,RRRR,94,13,3,2,1,0
Golf6,4,RRRR,94,14,3,6,3,0
Golf6,4,RRRR,94,15,4,2,2,0
Golf6,4,RRRR,94,16,4,7,1,0
Golf6,4,RRRR,94,17,1,2,1,0
Golf6,4,RRRR,94,18,1,6,3,0
Golf6,4,RRRR,94,19,2,2,1,0
Golf6,4,RRRR,94,20,2,6,6,0
Golf6,4,RRRR,94,21,3,2,1,0
Golf6,4,RRRR,94,22,3,6,1,0
Golf6,4,RRRR,94,23,4,2,1,0
Golf6,4,RRRR,94,24,4,6,3,0
Golf6,4,RRRR,94,25,1,2,2,0
Golf6,4,RRRR,94,26,1,7,5,0
Golf6,4,RRRR,94,27,2,2,1,0
Golf6,4,RRRR,94,28,2,6,5,0
Golf6,4,RRRR,94,29,3,2,1,0
Golf6,4,RRRR,94,30,3,6,6,0
Golf6,4,RRRR,94,31,4,2,1,0
Golf6,4,RRRR,94,32,4,6,1,0
Golf6,4,RRRR,94,33,1,2,2,0
Golf6,4,RRRR,94,34,1,7,4,0
Golf6,4,RRRR,94,35,2,2,2,0
Golf6,4,RRRR,94,36,2,7,3,0
Golf6,4,RRRR,94,37,3,2,1,0
Golf6,4,RRRR,94,38,3,6,5,0
Golf6,4,RRRR,94,39,4,2,2,0
Golf6,4,RRRR,94,40,4,7,4,0
Golf6,4,RRRR,94,41,1,2,2,0
Golf6,4,RRRR,94,42,1,7,4,0
Golf6,4,RRRR,94,43,2,2,2,0
Golf6,4,RRRR,94,44,2,7,3,0
Golf6,4,RRRR,94,45,3,2,1,0
Golf6,4,RRRR,94,46,3,6,4,0
Golf6,4,RRRR,94,47,4,2,1,0
Golf6,4,RRRR,94,48,4,6,5,0
Golf6,4,RRRR,94,49,1,2,2,0
Golf6,4,RRRR,94,50,1,7,4,0
Golf6,4,RRRR,94,51,2,2,2,0
Golf6,4,RRRR,94,52,2,7,5,0
Golf6,4,RRRR,95,1,1,6,4,0
Golf6,4,RRRR,95,2,1,5,3,0
Golf6,4,RRRR,95,3,2,6,6,0
Golf6,4,RRRR,95,4,2,5,3,0
Golf6,4,RRRR,95,5,3,6,1,0
Golf6,4,RRRR,95,6,3,5,3,0
Golf6,4,RRRR,95,7,4,6,6,0
Golf6,4,RRRR,95,8,4,5,5,0
Golf6,4,RRRR,95,9,1,2,1,0
Golf6,4,RRRR,95,10,1,6,1,0
Golf6,4,RRRR,95,11,2,2,2,0
Golf6,4,RRRR,95,12,2,7,6,0
Golf6,4,RRRR,95,13,3,2,1,0
Golf6,4,RRRR,95,14,3,6,1,0
Golf6,4,RRRR,95,15,4,2,1,0
Golf6,4,RRRR,95,16,4,6,6,0
Golf6,4,RRRR,95,17,1,2,2,0
Golf6,4,RRRR,95,18,1,7,4,0
Golf6,4,RRRR,95,19,2,2,2,0
Golf6,4,RRRR,95,20,2,7,3,0
Golf6,4,RRRR,95,21,3,2,2,0
Golf6,4,RRRR,95,22,3,7,1,0
Golf6,4,RRRR,95,23,4,2,2,0
Golf6,4,RRRR,95,24,4,7,1,0
Golf6,4,RRRR,95,25,1,2,1,0
Golf6,4,RRRR,95,26,1,6,2,0
Golf6,4,RRRR,95,27,2,2,2,0
Golf6,4,RRRR,95,28,2,7,5,0
Golf6,4,RRRR,95,29,3,2,2,0
Golf6,4,RRRR,95,30,3,7,6,0
Golf6,4,RRRR,95,31,4,2,2,0
Golf6,4,RRRR,95,32,4,7,6,0
Golf6,4,RRRR,95,33,1,2,2,0
Golf6,4,RRRR,95,34,1,7,3,0
Golf6,4,RRRR,95,35,2,2,2,0
Golf6,4,RRRR,95,36,2,7,6,0
Golf6,4,RRRR,95,37,3,2,2,0
Golf6,4,RRRR,95,38,3,7,6,0
Golf6,4,RRRR,95,39,4,2,1,0
Golf6,4,RRRR,95,40,4,6,5,0
Golf6,4,RRRR,95,41,1,2,2,0
Golf6,4,RRRR,95,42,1,7,7,0
Golf6,4,RRRR,95,43,2,2,1,0
Golf6,4,RRRR,95,44,2,6,1,0
Golf6,4,RRRR,96,1,1,6,1,0
Golf6,4,RRRR,96,2,1,5,3,0
Golf6,4,RRRR,96,3,2,6,6,0
Golf6,4,RRRR,96,4,2,5,2,0
Golf6,4,RRRR,96,5,3,6,3,0
Golf6,4,RRRR,96,6,3,5,1,0
Golf6,4,RRRR,96,7,4,6,2,0
Golf6,4,RRRR,96,8,4,5,3,0
Golf6,4,RRRR,96,9,1,2,2,0
Golf6,4,RRRR,96,10,1,7,3,0
Golf6,4,RRRR,96,11,2,2,1,0
Golf6,4,RRRR,96,12,2,6,3,0
Golf6,4,RRRR,96,13,3,2,1,0
Golf6,4,RRRR,96,14,3,6,3,0
Golf6,4,RRRR,96,15,4,2,2,0
Golf6,4,RRRR,96,16,4,7,1,0
Golf6,4,RRRR,96,17,1,2,1,0
Golf6,4,RRRR,96,18,1,6,6,0
Golf6,4,RRRR,96,19,2,2,1,0
Golf6,4,RRRR,96,20,2,6,2,0
Golf6,4,RRRR,96,21,3,2,1,0
Golf6,4,RRRR,96,22,3,6,5,0
Golf6,4,RRRR,96,23,4,2,1,0
Golf6,4,RRRR,96,24,4,6,6,0
Golf6,4,RRRR,96,25,1,2,1,0
Golf6,4,RRRR,96,26,1,6,4,0
Golf6,4,RRRR,96,27,2,2,1,0
Golf6,4,RRRR,96,28,2,6,1,0
Golf6,4,RRRR,96,29,3,2,2,0
Golf6,4,RRRR,96,30,3,7,2,0
Golf6,4,RRRR,96,31,4,2,2,0
Golf6,4,RRRR,96,32,4,7,6,0
Golf6,4,RRRR,96,33,1,2,2,0
Golf6,4,RRRR,96,34,1,7,2,0
Golf6,4,RRRR,96,35,2,2,1,0
Golf6,4,RRRR,96,36,2,6,4,0
Golf6,4,RRRR,96,37,3,2,1,0
Golf6,4,RRRR,96,38,3,6,5,0
Golf6,4,RRRR,96,39,4,2,2,0
Golf6,4,RRRR,96,40,4,7,7,0
Golf6,4,RRRR,96,41,1,2,2,0
Golf6,4,RRRR,96,42,1,7,5,0
Golf6,4,RRRR,96,43,2,2,1,0
Golf6,4,RRRR,96,44,2,6,6,0
Golf6,4,RRRR,96,45,3,2,1,0
Golf6,4,RRRR,96,46,3,6,6,0
Golf6,4,RRRR,96,47,4,2,1,0
Golf6,4,RRRR,96,48,4,6,2,0
Golf6,4,RRRR,96,49,1,2,2,0
Golf6,4,RRRR,96,50,1,7,4,0
Golf6,4,RRRR,96,51,2,2,2,0
Golf6,4,RRRR,96,52,2,7,4,0
Golf6,4,RRRR,96,53,3,2,1,0
Golf6,4,RRRR,96,54,3,6,1,0
Golf6,4,RRRR,96,55,4,2,1,0
Golf6,4,RRRR,96,56,4,6,6,0
Golf6,4,RRRR,96,57,1,2,1,0
Golf6,4,RRRR,96,58,1,6,6,0
Golf6,4,RRRR,96,59,2,2,1,0
Golf6,4,RRRR,96,60,2,6,2,0
Golf6,4,RRRR,96,61,3,2,2,0
Golf6,4,RRRR,96,62,3,7,5,0
Golf6,4,RRRR,96,63,4,2,1,0
Golf6,4,RRRR,96,64,4,6,3,0
Golf6,4,RRRR,96,65,1,2,2,0
Golf6,4,RRRR,96,66,1,7,6,0
Golf6,4,RRRR,97,1,1,6,6,0
Golf6,4,RRRR,97,2,1,5,3,0
Golf6,4,RRRR,97,3,2,6,4,0
Golf6,4,RRRR,97,4,2,5,1,0
Golf6,4,RRRR,97,5,3,6,3,0
Golf6,4,RRRR,97,6,3,5,2,0
Golf6,4,RRRR,97,7,4,6,3,0
Golf6,4,RRRR,97,8,4,5,5,0
Golf6,4,RRRR,97,9,1,2,1,0
Golf6,4,RRRR,97,10,1,6,2,0
Golf6,4,RRRR,97,11,2,2,1,0
Golf6,4,RRRR,97,12,2,6,5,0
Golf6,4,RRRR,97,13,3,2,2,0
Golf6,4,RRRR,97,14,3,7,6,0
Golf6,4,RRRR,97,15,4,2,2,0
Golf6,4,RRRR,97,16,4,7,1,0
Golf6,4,RRRR,97,17,1,2,1,0
Golf6,4,RRRR,97,18,1,6,4,0
Golf6,4,RRRR,97,19,2,2,2,0
Golf6,4,RRRR,97,20,2,7,7,0
Golf6,4,RRRR,97,21,3,2,1,0
Golf6,4,RRRR,97,22,3,6,3,0
Golf6,4,RRRR,97,23,4,2,1,0
Golf6,4,RRRR,97,24,4,6,6,0
Golf6,4,RRRR,97,25,1,2,2,0
Golf6,4,RRRR,97,26,1,7,7,0
Golf6,4,RRRR,97,27,2,2,2,0
Golf6,4,RRRR,97,28,2,7,2,0
Golf6,4,RRRR,97,29,3,2,2,0
Golf6,4,RRRR,97,30,3,7,1,0
Golf6,4,RRRR,97,31,4,2,2,0
Golf6,4,RRRR,97,32,4,7,6,0
Golf6,4,RRRR,97,33,1,2,2,0
Golf6,4,RRRR,97,34,1,7,7,0
Golf6,4,RRRR,97,35,2,2,2,0
Golf6,4,RRRR,97,36,2,7,6,0
Golf6,4,RRRR,97,37,3,2,2,0
Golf6,4,RRRR,97,38,3,7,7,0
Golf6,4,RRRR,97,39,4,2,1,0
Golf6,4,RRRR,97,40,4,6,1,0
Golf6,4,RRRR,97,41,1,2,2,0
Golf6,4,RRRR,97,42,1,7,2,0
Golf6,4,RRRR,97,43,2,2,2,0
Golf6,4,RRRR,97,44,2,7,4,0
Golf6,4,RRRR,97,45,3,2,1,0
Golf6,4,RRRR,97,46,3,6,1,0
Golf6,4,RRRR,97,47,4,2,1,0
Golf6,4,RRRR,97,48,4,6,1,0
Golf6,4,RRRR,97,49,1,2,1,0
Golf6,4,RRRR,97,50,1,6,1,0
Golf6,4,RRRR,97,51,2,2,2,0
Golf6,4,RRRR,97,52,2,7,7,0
Golf6,4,RRRR,97,53,3,2,1,0
Golf6,4,RRRR,97,54,3,6,6,0
Golf6,4,RRRR,97,55,4,2,1,0
Golf6,4,RRRR,97,56,4,6,1,0
Golf6,4,RRRR,97,57,1,2,2,0
Golf6,4,RRRR,97,58,1,7,2,0
Golf6,4,RRRR,97,59,2,2,2,0
Golf6,4,RRRR,97,60,2,7,4,0
Golf6,4,RRRR,97,61,3,2,1,0
Golf6,4,RRRR,97,62,3,6,2,0
Golf6,4,RRRR,97,63,4,2,2,0
Golf6,4,RRRR,97,64,4,7,6,0
Golf6,4,RRRR,97,65,1,2,2,0
Golf6,4,RRRR,97,66,1,7,5,0
Golf6,4,RRRR,97,67,2,2,1,0
Golf6,4,RRRR,97,68,2,6,1,0
Golf6,4,RRRR,97,69,3,2,1,0
Golf6,4,RRRR,97,70,3,6,1,0
Golf6,4,RRRR,97,71,4,2,2,0
Golf6,4,RRRR,97,72,4,7,7,0
Golf6,4,RRRR,97,73,1,2,1,0
Golf6,4,RRRR,97,74,1,6,2,0
Golf6,4,RRRR,97,75,2,2,2,0
Golf6,4,RRRR,97,76,2,7,6,0
Golf6,4,RRRR,97,77,3,2,1,0
Golf6,4,RRRR,97,78,3,6,3,0
Golf6,4,RRRR,97,79,4,2,1,0
Golf6,4,RRRR,97,80,4,6,4,0
Golf6,4,RRRR,97,81,1,2,1,0
Golf6,4,RRRR,97,82,1,6,1,0
Golf6,4,RRRR,97,83,2,2,1,0
Golf6,4,RRRR,97,84,2,6,1,0
Golf6,4,RRRR,97,85,3,2,2,0
Golf6,4,RRRR,97,86,3,7,2,0
Golf6,4,RRRR,97,87,4,2,2,0
Golf6,4,RRRR,97,88,4,7,4,0
Golf6,4,RRRR,97,89,1,2,1,0
Golf6,4,RRRR,97,90,1,6,6,0
Golf6,4,RRRR,97,91,2,2,2,0
Golf6,4,RRRR,97,92,2,7,6,0
Golf6,4,RRRR,97,93,3,2,1,0
Golf6,4,RRRR,97,94,3,6,2,0
Golf6,4,RRRR,97,95,4,2,2,0
Golf6,4,RRRR,97,96,4,7,6,0
Golf6,4,RRRR,97,97,1,2,2,0
Golf6,4,RRRR,97,98,1,7,1,0
Golf6,4,RRRR,97,99,2,2,2,0
Golf6,4,RRRR,97,100,2,7,2,0
Golf6,4,RRRR,97,101,3,2,2,0
Golf6,4,RRRR,97,102,3,7,6,0
Golf6,4,RRRR,97,103,4,2,1,0
Golf6,4,RRRR,97,104,4,6,2,0
Golf6,4,RRRR,98,1,1,6,6,0
Golf6,4,RRRR,98,2,1,5,5,0
Golf6,4,RRRR,98,3,2,6,3,0
Golf6,4,RRRR,98,4,2,5,1,0
Golf6,4,RRRR,98,5,3,6,3,0
Golf6,4,RRRR,98,6,3,5,3,0
Golf6,4,RRRR,98,7,4,6,4,0
Golf6,4,RRRR,98,8,4,5,4,0
Golf6,4,RRRR,98,9,1,2,2,0
Golf6,4,RRRR,98,10,1,7,1,0
Golf6,4,RRRR,98,11,2,2,1,0
Golf6,4,RRRR,98,12,2,6,5,0
Golf6,4,RRRR,98,13,3,2,2,0
Golf6,4,RRRR,98,14,3,7,7,0
Golf6,4,RRRR,98,15,4,2,1,0
Golf6,4,RRRR,98,16,4,6,1,0
Golf6,4,RRRR,98,17,1,2,2,0
Golf6,4,RRRR,98,18,1,7,3,0
Golf6,4,RRRR,98,19,2,2,1,0
Golf6,4,RRRR,98,20,2,6,1,0
Golf6,4,RRRR,98,21,3,2,1,0
Golf6,4,RRRR,98,22,3,6,1,0
Golf6,4,RRRR,98,23,4,2,1,0
Golf6,4,RRRR,98,24,4,6,6,0
Golf6,4,RRRR,98,25,1,2,1,0
Golf6,4,RRRR,98,26,1,6,4,0
Golf6,4,RRRR,98,27,2,2,2,0
Golf6,4,RRRR,98,28,2,7,5,0
Golf6,4,RRRR,98,29,3,2,1,0
Golf6,4,RRRR,98,30,3,6,2,0
Golf6,4,RRRR,98,31,4,2,1,0
Golf6,4,RRRR,98,32,4,6,4,0
Golf6,4,RRRR,98,33,1,2,2,0
Golf6,4,RRRR,98,34,1,7,4,0
Golf6,4,RRRR,98,35,2,2,1,0
Golf6,4,RRRR,98,36,2,6,4,0
Golf6,4,RRRR,98,37,3,2,1,0
Golf6,4,RRRR,98,38,3,6,4,0
Golf6,4,RRRR,98,39,4,2,2,0
Golf6,4,RRRR,98,40,4,7,6,0
Golf6,4,RRRR,98,41,1,2,2,0
Golf6,4,RRRR,98,42,1,7,4,0
Golf6,4,RRRR,98,43,2,2,1,0
Golf6,4,RRRR,98,44,2,6,2,0
Golf6,4,RRRR,98,45,3,2,2,0
Golf6,4,RRRR,98,46,3,7,7,0
Golf6,4,RRRR,98,47,4,2,1,0
Golf6,4,RRRR,98,48,4,6,6,0
Golf6,4,RRRR,98,49,1,2,2,0
Golf6,4,RRRR,98,50,1,7,4,0
Golf6,4,RRRR,98,51,2,2,1,0
Golf6,4,RRRR,98,52,2,6,4,0
Golf6,4,RRRR,98,53,3,2,2,0
Golf6,4,RRRR,98,54,3,7,6,0
Golf6,4,RRRR,99,1,1,6,5,0
Golf6,4,RRRR,99,2,1,5,4,0
Golf6,4,RRRR,99,3,2,6,6,0
Golf6,4,RRRR,99,4,2,5,2,0
Golf6,4,RRRR,99,5,3,6,1,0
Golf6,4,RRRR,99,6,3,5,4,0
Golf6,4,RRRR,99,7,4,6,4,0
Golf6,4,RRRR,99,8,4,5,1,0
Golf6,4,RRRR,99,9,1,2,1,0
Golf6,4,RRRR,99,10,1,6,1,0
Golf6,4,RRRR,99,11,2,2,1,0
Golf6,4,RRRR,99,12,2,6,2,0
Golf6,4,RRRR,99,13,3,2,2,0
Golf6,4,RRRR,99,14,3,7,1,0
Golf6,4,RRRR,99,15,4,2,1,0
Golf6,4,RRRR,99,16,4,6,3,0
Golf6,4,RRRR,99,17,1,2,1,0
Golf6,4,RRRR,99,18,1,6,6,0
Golf6,4,RRRR,99,19,2,2,2,0
Golf6,4,RRRR,99,20,2,7,4,0
Golf6,4,RRRR,99,21,3,2,2,0
Golf6,4,RRRR,99,22,3,7,3,0
Golf6,4,RRRR,99,23,4,2,1,0
Golf6,4,RRRR,99,24,4,6,1,0
Golf6,4,RRRR,99,25,1,2,1,0
Golf6,4,RRRR,99,26,1,6,2,0
Golf6,4,RRRR,99,27,2,2,1,0
Golf6,4,RRRR,99,28,2,6,3,0
Golf6,4,RRRR,99,29,3,2,1,0
Golf6,4,RRRR,99,30,3,6,5,0
Golf6,4,RRRR,99,31,4,2,1,0
Golf6,4,RRRR,99,32,4,6,3,0
Golf6,4,RRRR,99,33,1,2,2,0
Golf6,4,RRRR,99,34,1,7,2,0
Golf6,4,RRRR,99,35,2,2,1,0
Golf6,4,RRRR,99,36,2,6,5,0
Golf6,4,RRRR,99,37,3,2,1,0
Golf6,4,RRRR,99,38,3,6,4,0
Golf6,4,RRRR,99,39,4,2,1,0
Golf6,4,RRRR,99,40,4,6,3,0
Golf6,4,RRRR,99,41,1,2,1,0
Golf6,4,RRRR,99,42,1,6,6,0
Golf6,4,RRRR,99,43,2,2,2,0
Golf6,4,RRRR,99,44,2,7,1,0
Golf6,4,RRRR,99,45,3,2,1,0
Golf6,4,RRRR,99,46,3,6,6,0
Golf6,4,RRRR,99,47,4,2,2,0
Golf6,4,RRRR,99,48,4,7,4,0
Golf6,4,RRRR,99,49,1,2,1,0
Golf6,4,RRRR,99,50,1,6,1,0
Golf6,4,RRRR,99,51,2,2,2,0
Golf6,4,RRRR,99,52,2,7,4,0
Golf6,4,RRRR,99,53,3,2,1,0
Golf6,4,RRRR,99,54,3,6,1,0
Golf6,4,RRRR,99,55,4,2,1,0
Golf6,4,RRRR,99,56,4,6,3,0
Golf6,4,RRRR,99,57,1,2,2,0
Golf6,4,RRRR,99,58,1,7,6,0
Golf6,4,RRRR,99,59,2,2,1,0
Golf6,4,RRRR,99,60,2,6,6,0
Golf6,4,RRRR,99,61,3,2,2,0
Golf6,4,RRRR,99,62,3,7,4,0
Golf6,4,RRRR,100,1,1,6,1,0
Golf6,4,RRRR,100,2,1,5,1,0
Golf6,4,RRRR,100,3,2,6,1,0
Golf6,4,RRRR,100,4,2,5,4,0
Golf6,4,RRRR,100,5,3,6,4,0
Golf6,4,RRRR,100,6,3,5,4,0
Golf6,4,RRRR,100,7,4,6,5,0
Golf6,4,RRRR,100,8,4,5,5,0
Golf6,4,RRRR,100,9,1,2,2,0
Golf6,4,RRRR,100,10,1,7,2,0
Golf6,4,RRRR,100,11,2,2,1,0
Golf6,4,RRRR,100,12,2,6,5,0
Golf6,4,RRRR,100,13,3,2,1,0
Golf6,4,RRRR,100,14,3,6,2,0
Golf6,4,RRRR,100,15,4,2,1,0
Golf6,4,RRRR,100,16,4,6,2,0
Golf6,4,RRRR,100,17,1,2,1,0
Golf6,4,RRRR,100,18,1,6,3,0
Golf6,4,RRRR,100,19,2,2,1,0
Golf6,4,RRRR,100,20,2,6,2,0
Golf6,4,RRRR,100,21,3,2,2,0
Golf6,4,RRRR,100,22,3,7,7,0
Golf6,4,RRRR,100,23,4,2,2,0
Golf6,4,RRRR,100,24,4,7,4,0
Golf6,4,RRRR,100,25,1,2,2,0
Golf6,4,RRRR,100,26,1,7,2,0
Golf6,4,RRRR,100,27,2,2,2,0
Golf6,4,RRRR,100,28,2,7,3,0
Golf6,4,RRRR,100,29,3,2,1,0
Golf6,4,RRRR,100,30,3,6,3,0
Golf6,4,RRRR,100,31,4,2,1,0
Golf6,4,RRRR,100,32,4,6,2,0
Golf6,4,RRRR,100,33,1,2,2,0
Golf6,4,RRRR,100,34,1,7,3,0
Golf6,4,RRRR,100,35,2,2,1,0
Golf6,4,RRRR,100,36,2,6,4,0
Golf6,4,RRRR,100,37,3,2,2,0
Golf6,4,RRRR,100,38,3,7,4,0
Golf6,4,RRRR,100,39,4,2,2,0
Golf6,4,RRRR,100,40,4,7,3,0
Golf6,4,RRRR,100,41,1,2,2,0
Golf6,4,RRRR,100,42,1,7,5,0
Golf6,4,RRRR,100,43,2,2,1,0
Golf6,4,RRRR,100,44,2,6,3,0
Golf6,4,RRRR,100,45,3,2,1,0
Golf6,4,RRRR,100,46,3,6,2,0
Golf6,4,RRRR,100,47,4,2,2,0
Golf6,4,RRRR,100,48,4,7,4,0
Golf6,4,RRRR,100,49,1,2,1,0
Golf6,4,RRRR,100,50,1,6,5,0
Golf6,4,RRRR,100,51,2,2,2,0
Golf6,4,RRRR,100,52,2,7,5,0
Golf6,4,RRRR,100,53,3,2,2,0
Golf6,4,RRRR,100,54,3,7,5,0
Golf6,4,RRRR,100,55,4,2,2,0
Golf6,4,RRRR,100,56,4,7,4,0
Golf6,4,RRRR,100,57,1,2,1,0
Golf6,4,RRRR,100,58,1,6,5,0
Golf6,4,RRRR,100,59,2,2,1,0
Golf6,4,RRRR,100,60,2,6,6,0
